seq,run_id,timestamp,date,time,mode,kind,text,run_mode,source_row,source_file,source_date,numbers,repeats,counted,simultaneous,unannounced,is_repeat,duration_sec,car_number,bags,boxes,table_number,burgers,fries,animal_fries,drinks,items,est_low,est_high,source,small,medium,large,xlarge,n,tracked_car,cars_ahead,cars_behind,gap_sec,tagged_at,wait_sec,auto_ended,exclude_manual,exclusion_reason,previous_timestamp,gap_minutes,new_segment,segment_id,previous_completion,gap_seconds,chain,centered_gap,operating_day,pause_onset,any_movement_marker,prior_gap_1,prior_marker_1,prior_day_1,prior_gap_2,prior_marker_2,prior_day_2,prior_gap_3,prior_marker_3,prior_day_3,prior_three_mean_seconds,block_reference_seconds,block_reference_n,relative_prior_speed,speed_group
8,1,2026-08-18 19:06:51-07:00,2026-08-18,19:06:51,drive_thru,car,CAR 5,,2,innout-log-2026-08-18.txt (saved 19:51:33),2026-08-18,,,,,,,,5.0,,,,,,,,,,,,,,,,,,,,,,,,False,,2026-08-18 19:06:31-07:00,0.3333333333333333,False,3,2026-08-18 19:06:31-07:00,20.0,1,-37.857142857142854,2026-08-18,False,False,31.0,False,2026-08-18,48.0,False,2026-08-18,63.0,False,2026-08-18,47.333333333333336,48.0,11,0.9861111111111112,1
11,1,2026-08-18 19:08:43-07:00,2026-08-18,19:08:43,drive_thru,car,CAR 6,,2,innout-log-2026-08-18.txt (saved 19:51:33),2026-08-18,,,,,,,,6.0,,,,,,,,,,,,,,,,,,,,,,,,False,,2026-08-18 19:06:51-07:00,1.8666666666666667,False,3,2026-08-18 19:06:51-07:00,112.0,1,54.142857142857146,2026-08-18,True,True,20.0,False,2026-08-18,31.0,False,2026-08-18,48.0,False,2026-08-18,33.0,48.0,11,0.6875,0
24,1,2026-08-18 19:14:07-07:00,2026-08-18,19:14:07,drive_thru,car,CAR 12,,2,innout-log-2026-08-18.txt (saved 19:51:33),2026-08-18,,,,,,,,12.0,,,,,,,,,,,,,,,,,,,,,,,,False,,2026-08-18 19:13:08-07:00,0.9833333333333333,False,3,2026-08-18 19:13:08-07:00,59.0,1,1.142857142857146,2026-08-18,True,True,20.0,False,2026-08-18,31.0,False,2026-08-18,52.0,False,2026-08-18,34.333333333333336,48.0,11,0.7152777777777778,0
175,9,2026-08-21 14:01:53-07:00,2026-08-21,14:01:53,drive_thru,car,CAR 40  (+1:10),,4,In_n_Out_log_2026-09-06_193227.json,2026-09-06,,,,,,,,40.0,0.0,0.0,,,,,,,,,,,,,,,,,,70.0,,,,False,,2026-08-21 14:00:43-07:00,1.1666666666666667,False,8,2026-08-21 14:00:43-07:00,70.0,1,-7.551724137931032,2026-08-21,False,False,80.0,False,2026-08-21,99.0,False,2026-08-21,51.0,False,2026-08-21,76.66666666666667,71.5,28,1.0722610722610724,1
176,9,2026-08-21 14:02:44-07:00,2026-08-21,14:02:44,drive_thru,car,CAR 41  (+0:50),,4,In_n_Out_log_2026-09-06_193227.json,2026-09-06,,,,,,,,41.0,0.0,0.0,,,,,,,,,,,,,,,,,,50.0,,,,False,,2026-08-21 14:01:53-07:00,0.85,False,8,2026-08-21 14:01:53-07:00,51.0,1,-26.551724137931032,2026-08-21,False,False,70.0,False,2026-08-21,80.0,False,2026-08-21,99.0,False,2026-08-21,83.0,71.5,28,1.1608391608391608,1
177,9,2026-08-21 14:03:35-07:00,2026-08-21,14:03:35,drive_thru,car,CAR 42  (+0:51),,4,In_n_Out_log_2026-09-06_193227.json,2026-09-06,,,,,,,,42.0,0.0,0.0,,,,,,,,,,,,,,,,,,51.0,,,,False,,2026-08-21 14:02:44-07:00,0.85,False,8,2026-08-21 14:02:44-07:00,51.0,1,-26.551724137931032,2026-08-21,False,False,51.0,False,2026-08-21,70.0,False,2026-08-21,80.0,False,2026-08-21,67.0,71.5,28,0.9370629370629371,1
178,9,2026-08-21 14:04:17-07:00,2026-08-21,14:04:17,drive_thru,car,CAR 43  (+0:43),,4,In_n_Out_log_2026-09-06_193227.json,2026-09-06,,,,,,,,43.0,0.0,0.0,,,,,,,,,,,,,,,,,,43.0,,,,False,,2026-08-21 14:03:35-07:00,0.7,False,8,2026-08-21 14:03:35-07:00,42.0,1,-35.55172413793103,2026-08-21,False,False,51.0,False,2026-08-21,51.0,False,2026-08-21,70.0,False,2026-08-21,57.333333333333336,71.5,28,0.8018648018648019,0
181,9,2026-08-21 14:05:07-07:00,2026-08-21,14:05:07,drive_thru,car,CAR 44  (+0:49),,4,In_n_Out_log_2026-09-06_193227.json,2026-09-06,,,,,,,,44.0,0.0,0.0,,,,,,,,,,,,,,,,,,49.0,,,,False,,2026-08-21 14:04:17-07:00,0.8333333333333334,False,8,2026-08-21 14:04:17-07:00,50.0,1,-27.551724137931032,2026-08-21,True,True,42.0,False,2026-08-21,51.0,False,2026-08-21,51.0,False,2026-08-21,48.0,71.5,28,0.6713286713286714,0
186,9,2026-08-21 14:09:53-07:00,2026-08-21,14:09:53,drive_thru,car,CAR 48  (+1:28),,4,In_n_Out_log_2026-09-06_193227.json,2026-09-06,,,,,,,,48.0,0.0,0.0,,,,,,,,,,,,,,,,,,88.0,,,,False,,2026-08-21 14:08:25-07:00,1.4666666666666666,False,8,2026-08-21 14:08:25-07:00,88.0,1,10.448275862068968,2026-08-21,False,False,88.0,False,2026-08-21,87.0,False,2026-08-21,23.0,False,2026-08-21,66.0,71.5,28,0.9230769230769231,1
187,9,2026-08-21 14:10:40-07:00,2026-08-21,14:10:40,drive_thru,car,CAR 49  (+0:47),,4,In_n_Out_log_2026-09-06_193227.json,2026-09-06,,,,,,,,49.0,0.0,0.0,,,,,,,,,,,,,,,,,,47.0,,,,False,,2026-08-21 14:09:53-07:00,0.7833333333333333,False,8,2026-08-21 14:09:53-07:00,47.0,1,-30.551724137931032,2026-08-21,False,False,88.0,False,2026-08-21,88.0,False,2026-08-21,87.0,False,2026-08-21,87.66666666666667,71.5,28,1.2261072261072261,2
191,9,2026-08-21 14:11:41-07:00,2026-08-21,14:11:41,drive_thru,car,CAR 50  (+1:01),,4,In_n_Out_log_2026-09-06_193227.json,2026-09-06,,,,,,,,50.0,0.0,0.0,,,,,,,,,,,,,,,,,,61.0,,,,False,,2026-08-21 14:10:40-07:00,1.0166666666666666,False,8,2026-08-21 14:10:40-07:00,61.0,1,-16.551724137931032,2026-08-21,False,False,47.0,False,2026-08-21,88.0,False,2026-08-21,88.0,False,2026-08-21,74.33333333333333,71.5,28,1.0396270396270395,1
192,9,2026-08-21 14:12:44-07:00,2026-08-21,14:12:44,drive_thru,car,CAR 51  (+1:03),,4,In_n_Out_log_2026-09-06_193227.json,2026-09-06,,,,,,,,51.0,0.0,0.0,,,,,,,,,,,,,,,,,,63.0,,,,False,,2026-08-21 14:11:41-07:00,1.05,False,8,2026-08-21 14:11:41-07:00,63.0,1,-14.551724137931032,2026-08-21,False,False,61.0,False,2026-08-21,47.0,False,2026-08-21,88.0,False,2026-08-21,65.33333333333333,71.5,28,0.9137529137529137,0
193,9,2026-08-21 14:13:45-07:00,2026-08-21,14:13:45,drive_thru,car,CAR 52  (+1:01),,4,In_n_Out_log_2026-09-06_193227.json,2026-09-06,,,,,,,,52.0,0.0,0.0,,,,,,,,,,,,,,,,,,61.0,,,,False,,2026-08-21 14:12:44-07:00,1.0166666666666666,False,8,2026-08-21 14:12:44-07:00,61.0,1,-16.551724137931032,2026-08-21,False,False,63.0,False,2026-08-21,61.0,False,2026-08-21,47.0,False,2026-08-21,57.0,71.5,28,0.7972027972027972,0
194,9,2026-08-21 14:14:32-07:00,2026-08-21,14:14:32,drive_thru,car,CAR 53  (+0:47),,4,In_n_Out_log_2026-09-06_193227.json,2026-09-06,,,,,,,,53.0,0.0,0.0,,,,,,,,,,,,,,,,,,47.0,,,,False,,2026-08-21 14:13:45-07:00,0.7833333333333333,False,8,2026-08-21 14:13:45-07:00,47.0,1,-30.551724137931032,2026-08-21,False,False,61.0,False,2026-08-21,63.0,False,2026-08-21,61.0,False,2026-08-21,61.666666666666664,71.5,28,0.8624708624708625,0
195,9,2026-08-21 14:16:39-07:00,2026-08-21,14:16:39,drive_thru,car,CAR 54  (+2:06),,4,In_n_Out_log_2026-09-06_193227.json,2026-09-06,,,,,,,,54.0,0.0,0.0,,,,,,,,,,,,,,,,,,126.0,,,,False,,2026-08-21 14:14:32-07:00,2.1166666666666667,False,8,2026-08-21 14:14:32-07:00,127.0,1,49.44827586206897,2026-08-21,False,False,47.0,False,2026-08-21,61.0,False,2026-08-21,63.0,False,2026-08-21,57.0,71.5,28,0.7972027972027972,0
197,9,2026-08-21 14:18:02-07:00,2026-08-21,14:18:02,drive_thru,car,CAR 55  (+1:23),,4,In_n_Out_log_2026-09-06_193227.json,2026-09-06,,,,,,,,55.0,0.0,0.0,,,,,,,,,,,,,,,,,,83.0,,,,False,,2026-08-21 14:16:39-07:00,1.3833333333333333,False,8,2026-08-21 14:16:39-07:00,83.0,1,5.448275862068968,2026-08-21,False,False,127.0,False,2026-08-21,47.0,False,2026-08-21,61.0,False,2026-08-21,78.33333333333333,71.5,28,1.0955710955710956,1
199,9,2026-08-21 14:21:33-07:00,2026-08-21,14:21:33,drive_thru,car,CAR 56  (+3:31),,4,In_n_Out_log_2026-09-06_193227.json,2026-09-06,,,,,,,,56.0,0.0,0.0,,,,,,,,,,,,,,,,,,211.0,,,,False,,2026-08-21 14:18:02-07:00,3.5166666666666666,False,8,2026-08-21 14:18:02-07:00,211.0,1,133.44827586206895,2026-08-21,False,False,83.0,False,2026-08-21,127.0,False,2026-08-21,47.0,False,2026-08-21,85.66666666666667,71.5,28,1.1981351981351982,2
201,9,2026-08-21 14:22:45-07:00,2026-08-21,14:22:45,drive_thru,car,CAR 57  (+1:12),,4,In_n_Out_log_2026-09-06_193227.json,2026-09-06,,,,,,,,57.0,0.0,0.0,,,,,,,,,,,,,,,,,,72.0,,,,False,,2026-08-21 14:21:33-07:00,1.2,False,8,2026-08-21 14:21:33-07:00,72.0,1,-5.551724137931032,2026-08-21,False,False,211.0,False,2026-08-21,83.0,False,2026-08-21,127.0,False,2026-08-21,140.33333333333334,71.5,28,1.9627039627039629,3
202,9,2026-08-21 14:24:52-07:00,2026-08-21,14:24:52,drive_thru,car,CAR 58  (+2:07),,4,In_n_Out_log_2026-09-06_193227.json,2026-09-06,,,,,,,,58.0,0.0,0.0,,,,,,,,,,,,,,,,,,127.0,,,,False,,2026-08-21 14:22:45-07:00,2.1166666666666667,False,8,2026-08-21 14:22:45-07:00,127.0,1,49.44827586206897,2026-08-21,False,False,72.0,False,2026-08-21,211.0,False,2026-08-21,83.0,False,2026-08-21,122.0,71.5,28,1.7062937062937062,3
204,9,2026-08-21 14:25:30-07:00,2026-08-21,14:25:30,drive_thru,car,CAR 59  (+0:39),,4,In_n_Out_log_2026-09-06_193227.json,2026-09-06,,,,,,,,59.0,0.0,0.0,,,,,,,,,,,,,,,,,,39.0,,,,False,,2026-08-21 14:24:52-07:00,0.6333333333333333,False,8,2026-08-21 14:24:52-07:00,38.0,1,-39.55172413793103,2026-08-21,False,False,127.0,False,2026-08-21,72.0,False,2026-08-21,211.0,False,2026-08-21,136.66666666666666,71.5,28,1.9114219114219113,3
205,9,2026-08-21 14:27:11-07:00,2026-08-21,14:27:11,drive_thru,car,CAR 60  (+1:40),,4,In_n_Out_log_2026-09-06_193227.json,2026-09-06,,,,,,,,60.0,0.0,0.0,,,,,,,,,,,,,,,,,,100.0,,,,False,,2026-08-21 14:25:30-07:00,1.6833333333333333,False,8,2026-08-21 14:25:30-07:00,101.0,1,23.448275862068968,2026-08-21,False,False,38.0,False,2026-08-21,127.0,False,2026-08-21,72.0,False,2026-08-21,79.0,71.5,28,1.1048951048951048,1
206,9,2026-08-21 14:29:25-07:00,2026-08-21,14:29:25,drive_thru,car,CAR 61  (+2:14),,4,In_n_Out_log_2026-09-06_193227.json,2026-09-06,,,,,,,,61.0,0.0,0.0,,,,,,,,,,,,,,,,,,134.0,,,,False,,2026-08-21 14:27:11-07:00,2.2333333333333334,False,8,2026-08-21 14:27:11-07:00,134.0,1,56.44827586206897,2026-08-21,False,False,101.0,False,2026-08-21,38.0,False,2026-08-21,127.0,False,2026-08-21,88.66666666666667,71.5,28,1.24009324009324,2
207,9,2026-08-21 14:30:36-07:00,2026-08-21,14:30:36,drive_thru,car,CAR 62  (+1:12),,4,In_n_Out_log_2026-09-06_193227.json,2026-09-06,,,,,,,,62.0,0.0,0.0,,,,,,,,,,,,,,,,,,72.0,,,,False,,2026-08-21 14:29:25-07:00,1.1833333333333333,False,8,2026-08-21 14:29:25-07:00,71.0,1,-6.551724137931032,2026-08-21,False,False,134.0,False,2026-08-21,101.0,False,2026-08-21,38.0,False,2026-08-21,91.0,71.5,28,1.2727272727272727,2
208,9,2026-08-21 14:32:27-07:00,2026-08-21,14:32:27,drive_thru,car,CAR 63  (+1:51),,4,In_n_Out_log_2026-09-06_193227.json,2026-09-06,,,,,,,,63.0,0.0,0.0,,,,,,,,,,,,,,,,,,111.0,,,,False,,2026-08-21 14:30:36-07:00,1.85,False,8,2026-08-21 14:30:36-07:00,111.0,1,33.44827586206897,2026-08-21,False,False,71.0,False,2026-08-21,134.0,False,2026-08-21,101.0,False,2026-08-21,102.0,71.5,28,1.4265734265734267,2
209,9,2026-08-21 14:32:40-07:00,2026-08-21,14:32:40,drive_thru,car,CAR 64  (+0:13),,4,In_n_Out_log_2026-09-06_193227.json,2026-09-06,,,,,,,,64.0,0.0,0.0,,,,,,,,,,,,,,,,,,13.0,,,,False,,2026-08-21 14:32:27-07:00,0.21666666666666667,False,8,2026-08-21 14:32:27-07:00,13.0,1,-64.55172413793103,2026-08-21,False,False,111.0,False,2026-08-21,71.0,False,2026-08-21,134.0,False,2026-08-21,105.33333333333333,71.5,28,1.473193473193473,2
212,9,2026-08-21 14:34:22-07:00,2026-08-21,14:34:22,drive_thru,car,CAR 65  (+1:42),,4,In_n_Out_log_2026-09-06_193227.json,2026-09-06,,,,,,,,65.0,0.0,0.0,,,,,,,,,,,,,,,,,,102.0,,,,False,,2026-08-21 14:32:40-07:00,1.7,False,8,2026-08-21 14:32:40-07:00,102.0,1,24.448275862068968,2026-08-21,False,False,13.0,False,2026-08-21,111.0,False,2026-08-21,71.0,False,2026-08-21,65.0,71.5,28,0.9090909090909091,0
289,12,2026-08-21 19:57:17-07:00,2026-08-21,19:57:17,drive_thru,car,CAR 70  (+2:13),,4,In_n_Out_log_2026-09-06_193227.json,2026-09-06,,,,,,,,70.0,0.0,0.0,,,,,,,,,,,,,,,,,,133.0,,,,False,,2026-08-21 19:55:04-07:00,2.216666666666667,False,9,2026-08-21 19:55:04-07:00,133.0,1,87.8235294117647,2026-08-21,True,True,33.0,False,2026-08-21,35.0,False,2026-08-21,61.0,False,2026-08-21,43.0,31.0,13,1.3870967741935485,2
296,12,2026-08-21 19:59:02-07:00,2026-08-21,19:59:02,drive_thru,car,CAR 74  (+0:22),,4,In_n_Out_log_2026-09-06_193227.json,2026-09-06,,,,,,,,74.0,0.0,0.0,,,,,,,,,,,,,,,,,,22.0,,,,False,,2026-08-21 19:58:39-07:00,0.38333333333333336,False,9,2026-08-21 19:58:39-07:00,23.0,1,-22.176470588235297,2026-08-21,False,False,18.0,False,2026-08-21,33.0,False,2026-08-21,31.0,False,2026-08-21,27.333333333333332,31.0,13,0.8817204301075269,0
299,12,2026-08-21 20:00:17-07:00,2026-08-21,20:00:17,drive_thru,car,CAR 75  (+1:15),,4,In_n_Out_log_2026-09-06_193227.json,2026-09-06,,,,,,,,75.0,0.0,0.0,,,,,,,,,,,,,,,,,,75.0,,,,False,,2026-08-21 19:59:02-07:00,1.25,False,9,2026-08-21 19:59:02-07:00,75.0,1,29.823529411764703,2026-08-21,True,True,23.0,False,2026-08-21,18.0,False,2026-08-21,33.0,False,2026-08-21,24.666666666666668,31.0,13,0.7956989247311829,0
309,12,2026-08-21 20:04:36-07:00,2026-08-21,20:04:36,drive_thru,car,CAR 80  (+1:46),,4,In_n_Out_log_2026-09-06_193227.json,2026-09-06,,,,,,,,80.0,0.0,0.0,,,,,,,,,,,,,,,,,,106.0,,,,False,,2026-08-21 20:02:51-07:00,1.75,False,9,2026-08-21 20:02:51-07:00,105.0,1,59.8235294117647,2026-08-21,True,True,26.0,False,2026-08-21,33.0,False,2026-08-21,31.0,False,2026-08-21,30.0,31.0,13,0.967741935483871,1
329,13,2026-08-21 23:16:25-07:00,2026-08-21,23:16:25,drive_thru,car,CAR 88  (+1:21),,4,In_n_Out_log_2026-09-06_193227.json,2026-09-06,,,,,,,,88.0,0.0,0.0,,,,,,,,,,,,,,,,,,81.0,,,,False,,2026-08-21 23:15:04-07:00,1.35,False,10,2026-08-21 23:15:04-07:00,81.0,1,16.5,2026-08-21,False,False,87.0,False,2026-08-21,79.0,False,2026-08-21,199.0,False,2026-08-21,121.66666666666667,42.0,63,2.8968253968253967,3
330,13,2026-08-21 23:17:14-07:00,2026-08-21,23:17:14,drive_thru,car,CAR 89  (+0:49),,4,In_n_Out_log_2026-09-06_193227.json,2026-09-06,,,,,,,,89.0,0.0,0.0,,,,,,,,,,,,,,,,,,49.0,,,,False,,2026-08-21 23:16:25-07:00,0.8166666666666667,False,10,2026-08-21 23:16:25-07:00,49.0,1,-15.5,2026-08-21,False,False,81.0,False,2026-08-21,87.0,False,2026-08-21,79.0,False,2026-08-21,82.33333333333333,42.0,63,1.9603174603174602,3
331,13,2026-08-21 23:18:26-07:00,2026-08-21,23:18:26,drive_thru,car,CAR 90  (+1:12),,4,In_n_Out_log_2026-09-06_193227.json,2026-09-06,,,,,,,,90.0,0.0,0.0,,,,,,,,,,,,,,,,,,72.0,,,,False,,2026-08-21 23:17:14-07:00,1.2,False,10,2026-08-21 23:17:14-07:00,72.0,1,7.5,2026-08-21,False,False,49.0,False,2026-08-21,81.0,False,2026-08-21,87.0,False,2026-08-21,72.33333333333333,42.0,63,1.722222222222222,3
332,13,2026-08-21 23:19:45-07:00,2026-08-21,23:19:45,drive_thru,car,CAR 91  (+1:20),,4,In_n_Out_log_2026-09-06_193227.json,2026-09-06,,,,,,,,91.0,0.0,0.0,,,,,,,,,,,,,,,,,,80.0,,,,False,,2026-08-21 23:18:26-07:00,1.3166666666666667,False,10,2026-08-21 23:18:26-07:00,79.0,1,14.5,2026-08-21,False,False,72.0,False,2026-08-21,49.0,False,2026-08-21,81.0,False,2026-08-21,67.33333333333333,42.0,63,1.603174603174603,2
333,13,2026-08-21 23:21:33-07:00,2026-08-21,23:21:33,drive_thru,car,CAR 92  (+1:47),,4,In_n_Out_log_2026-09-06_193227.json,2026-09-06,,,,,,,,92.0,0.0,0.0,,,,,,,,,,,,,,,,,,107.0,,,,False,,2026-08-21 23:19:45-07:00,1.8,False,10,2026-08-21 23:19:45-07:00,108.0,1,43.5,2026-08-21,False,False,79.0,False,2026-08-21,72.0,False,2026-08-21,49.0,False,2026-08-21,66.66666666666667,42.0,63,1.5873015873015874,2
334,13,2026-08-21 23:22:43-07:00,2026-08-21,23:22:43,drive_thru,car,CAR 93  (+1:10),,4,In_n_Out_log_2026-09-06_193227.json,2026-09-06,,,,,,,,93.0,0.0,0.0,,,,,,,,,,,,,,,,,,70.0,,,,False,,2026-08-21 23:21:33-07:00,1.1666666666666667,False,10,2026-08-21 23:21:33-07:00,70.0,1,5.5,2026-08-21,False,False,108.0,False,2026-08-21,79.0,False,2026-08-21,72.0,False,2026-08-21,86.33333333333333,42.0,63,2.0555555555555554,3
335,13,2026-08-21 23:23:47-07:00,2026-08-21,23:23:47,drive_thru,car,CAR 94  (+1:04),,4,In_n_Out_log_2026-09-06_193227.json,2026-09-06,,,,,,,,94.0,0.0,0.0,,,,,,,,,,,,,,,,,,64.0,,,,False,,2026-08-21 23:22:43-07:00,1.0666666666666667,False,10,2026-08-21 23:22:43-07:00,64.0,1,-0.5,2026-08-21,False,False,70.0,False,2026-08-21,108.0,False,2026-08-21,79.0,False,2026-08-21,85.66666666666667,42.0,63,2.03968253968254,3
337,13,2026-08-21 23:24:30-07:00,2026-08-21,23:24:30,drive_thru,car,CAR 95  (+0:43),,4,In_n_Out_log_2026-09-06_193227.json,2026-09-06,,,,,,,,95.0,0.0,0.0,,,,,,,,,,,,,,,,,,43.0,,,,False,,2026-08-21 23:23:47-07:00,0.7166666666666667,False,10,2026-08-21 23:23:47-07:00,43.0,1,-21.5,2026-08-21,False,False,64.0,False,2026-08-21,70.0,False,2026-08-21,108.0,False,2026-08-21,80.66666666666667,42.0,63,1.9206349206349207,3
338,13,2026-08-21 23:24:56-07:00,2026-08-21,23:24:56,drive_thru,car,CAR 96  (+0:26),,4,In_n_Out_log_2026-09-06_193227.json,2026-09-06,,,,,,,,96.0,0.0,0.0,,,,,,,,,,,,,,,,,,26.0,,,,False,,2026-08-21 23:24:30-07:00,0.43333333333333335,False,10,2026-08-21 23:24:30-07:00,26.0,1,-38.5,2026-08-21,False,False,43.0,False,2026-08-21,64.0,False,2026-08-21,70.0,False,2026-08-21,59.0,42.0,63,1.4047619047619047,2
339,13,2026-08-21 23:25:29-07:00,2026-08-21,23:25:29,drive_thru,car,CAR 97  (+0:33),,4,In_n_Out_log_2026-09-06_193227.json,2026-09-06,,,,,,,,97.0,0.0,0.0,,,,,,,,,,,,,,,,,,33.0,,,,False,,2026-08-21 23:24:56-07:00,0.55,False,10,2026-08-21 23:24:56-07:00,33.0,1,-31.5,2026-08-21,False,False,26.0,False,2026-08-21,43.0,False,2026-08-21,64.0,False,2026-08-21,44.333333333333336,42.0,63,1.0555555555555556,1
340,13,2026-08-21 23:26:06-07:00,2026-08-21,23:26:06,drive_thru,car,CAR 98  (+0:37),,4,In_n_Out_log_2026-09-06_193227.json,2026-09-06,,,,,,,,98.0,0.0,0.0,,,,,,,,,,,,,,,,,,37.0,,,,False,,2026-08-21 23:25:29-07:00,0.6166666666666667,False,10,2026-08-21 23:25:29-07:00,37.0,1,-27.5,2026-08-21,False,False,33.0,False,2026-08-21,26.0,False,2026-08-21,43.0,False,2026-08-21,34.0,42.0,63,0.8095238095238095,0
342,13,2026-08-21 23:26:50-07:00,2026-08-21,23:26:50,drive_thru,car,CAR 99  (+0:43),,4,In_n_Out_log_2026-09-06_193227.json,2026-09-06,,,,,,,,99.0,0.0,0.0,,,,,,,,,,,,,,,,,,43.0,,,,False,,2026-08-21 23:26:06-07:00,0.7333333333333333,False,10,2026-08-21 23:26:06-07:00,44.0,1,-20.5,2026-08-21,False,False,37.0,False,2026-08-21,33.0,False,2026-08-21,26.0,False,2026-08-21,32.0,42.0,63,0.7619047619047619,0
345,13,2026-08-21 23:28:17-07:00,2026-08-21,23:28:17,drive_thru,car,CAR 100  (+1:28),,4,In_n_Out_log_2026-09-06_193227.json,2026-09-06,,,,,,,,100.0,0.0,0.0,,,,,,,,,,,,,,,,,,88.0,,,,False,,2026-08-21 23:26:50-07:00,1.45,False,10,2026-08-21 23:26:50-07:00,87.0,1,22.5,2026-08-21,True,True,44.0,False,2026-08-21,37.0,False,2026-08-21,33.0,False,2026-08-21,38.0,42.0,63,0.9047619047619048,0
349,13,2026-08-21 23:30:12-07:00,2026-08-21,23:30:12,drive_thru,car,CAR 104 — BAGS 0 BOXES 1  (+0:38),,4,In_n_Out_log_2026-09-06_193227.json,2026-09-06,,,,,,,,104.0,0.0,1.0,,,,,,,,,,,,,,,,,,38.0,,,,False,,2026-08-21 23:29:34-07:00,0.6333333333333333,False,10,2026-08-21 23:29:34-07:00,38.0,1,-26.5,2026-08-21,False,False,32.0,False,2026-08-21,21.0,False,2026-08-21,24.0,False,2026-08-21,25.666666666666668,42.0,63,0.6111111111111112,0
352,13,2026-08-21 23:31:39-07:00,2026-08-21,23:31:39,drive_thru,car,CAR 105 — BAGS 2 BOXES 0  (+1:27),,4,In_n_Out_log_2026-09-06_193227.json,2026-09-06,,,,,,,,105.0,2.0,0.0,,,,,,,,,,,,,,,,,,87.0,,,,False,,2026-08-21 23:30:12-07:00,1.45,False,10,2026-08-21 23:30:12-07:00,87.0,1,22.5,2026-08-21,True,True,38.0,False,2026-08-21,32.0,False,2026-08-21,21.0,False,2026-08-21,30.333333333333332,42.0,63,0.7222222222222222,0
356,13,2026-08-21 23:35:26-07:00,2026-08-21,23:35:26,drive_thru,car,CAR 109 — BAGS 2 BOXES 1  (+2:00),,4,In_n_Out_log_2026-09-06_193227.json,2026-09-06,,,,,,,,109.0,2.0,1.0,,,,,,,,,,,,,,,,,,120.0,,,,False,,2026-08-21 23:33:26-07:00,2.0,False,10,2026-08-21 23:33:26-07:00,120.0,1,55.5,2026-08-21,False,False,30.0,False,2026-08-21,42.0,False,2026-08-21,35.0,False,2026-08-21,35.666666666666664,42.0,63,0.8492063492063492,0
357,13,2026-08-21 23:35:52-07:00,2026-08-21,23:35:52,drive_thru,car,CAR 110 — BAGS 2 BOXES 0  (+0:25),,4,In_n_Out_log_2026-09-06_193227.json,2026-09-06,,,,,,,,110.0,2.0,0.0,,,,,,,,,,,,,,,,,,25.0,,,,False,,2026-08-21 23:35:26-07:00,0.43333333333333335,False,10,2026-08-21 23:35:26-07:00,26.0,1,-38.5,2026-08-21,False,False,120.0,False,2026-08-21,30.0,False,2026-08-21,42.0,False,2026-08-21,64.0,42.0,63,1.5238095238095237,2
358,13,2026-08-21 23:38:42-07:00,2026-08-21,23:38:42,drive_thru,car,CAR 111 — BAGS 0 BOXES 1  (+2:50),,4,In_n_Out_log_2026-09-06_193227.json,2026-09-06,,,,,,,,111.0,0.0,1.0,,,,,,,,,,,,,,,,,,170.0,,,,False,,2026-08-21 23:35:52-07:00,2.8333333333333335,False,10,2026-08-21 23:35:52-07:00,170.0,1,105.5,2026-08-21,False,False,26.0,False,2026-08-21,120.0,False,2026-08-21,30.0,False,2026-08-21,58.666666666666664,42.0,63,1.3968253968253967,2
359,13,2026-08-21 23:39:05-07:00,2026-08-21,23:39:05,drive_thru,car,CAR 112 — BAGS 2 BOXES 0  (+0:23),,4,In_n_Out_log_2026-09-06_193227.json,2026-09-06,,,,,,,,112.0,2.0,0.0,,,,,,,,,,,,,,,,,,23.0,,,,False,,2026-08-21 23:38:42-07:00,0.38333333333333336,False,10,2026-08-21 23:38:42-07:00,23.0,1,-41.5,2026-08-21,False,False,170.0,False,2026-08-21,26.0,False,2026-08-21,120.0,False,2026-08-21,105.33333333333333,42.0,63,2.507936507936508,3
361,13,2026-08-21 23:40:05-07:00,2026-08-21,23:40:05,drive_thru,car,CAR 113  (+1:00),,4,In_n_Out_log_2026-09-06_193227.json,2026-09-06,,,,,,,,113.0,0.0,0.0,,,,,,,,,,,,,,,,,,60.0,,,,False,,2026-08-21 23:39:05-07:00,1.0,False,10,2026-08-21 23:39:05-07:00,60.0,1,-4.5,2026-08-21,False,False,23.0,False,2026-08-21,170.0,False,2026-08-21,26.0,False,2026-08-21,73.0,42.0,63,1.7380952380952381,3
362,13,2026-08-21 23:40:32-07:00,2026-08-21,23:40:32,drive_thru,car,CAR 114 — BAGS 3 BOXES 0  (+0:26),,4,In_n_Out_log_2026-09-06_193227.json,2026-09-06,,,,,,,,114.0,3.0,0.0,,,,,,,,,,,,,,,,,,26.0,,,,False,,2026-08-21 23:40:05-07:00,0.45,False,10,2026-08-21 23:40:05-07:00,27.0,1,-37.5,2026-08-21,False,False,60.0,False,2026-08-21,23.0,False,2026-08-21,170.0,False,2026-08-21,84.33333333333333,42.0,63,2.007936507936508,3
363,13,2026-08-21 23:42:36-07:00,2026-08-21,23:42:36,drive_thru,car,CAR 115  (+2:04),,4,In_n_Out_log_2026-09-06_193227.json,2026-09-06,,,,,,,,115.0,0.0,0.0,,,,,,,,,,,,,,,,,,124.0,,,,False,,2026-08-21 23:40:32-07:00,2.066666666666667,False,10,2026-08-21 23:40:32-07:00,124.0,1,59.5,2026-08-21,False,False,27.0,False,2026-08-21,60.0,False,2026-08-21,23.0,False,2026-08-21,36.666666666666664,42.0,63,0.8730158730158729,0
364,13,2026-08-21 23:43:49-07:00,2026-08-21,23:43:49,drive_thru,car,CAR 116  (+1:14),,4,In_n_Out_log_2026-09-06_193227.json,2026-09-06,,,,,,,,116.0,0.0,0.0,,,,,,,,,,,,,,,,,,74.0,,,,False,,2026-08-21 23:42:36-07:00,1.2166666666666666,False,10,2026-08-21 23:42:36-07:00,73.0,1,8.5,2026-08-21,False,False,124.0,False,2026-08-21,27.0,False,2026-08-21,60.0,False,2026-08-21,70.33333333333333,42.0,63,1.6746031746031744,3
365,13,2026-08-21 23:44:20-07:00,2026-08-21,23:44:20,drive_thru,car,CAR 117 — BAGS 2 BOXES 0  (+0:31),,4,In_n_Out_log_2026-09-06_193227.json,2026-09-06,,,,,,,,117.0,2.0,0.0,,,,,,,,,,,,,,,,,,31.0,,,,False,,2026-08-21 23:43:49-07:00,0.5166666666666667,False,10,2026-08-21 23:43:49-07:00,31.0,1,-33.5,2026-08-21,False,False,73.0,False,2026-08-21,124.0,False,2026-08-21,27.0,False,2026-08-21,74.66666666666667,42.0,63,1.777777777777778,3
366,13,2026-08-21 23:45:05-07:00,2026-08-21,23:45:05,drive_thru,car,CAR 118  (+0:45),,4,In_n_Out_log_2026-09-06_193227.json,2026-09-06,,,,,,,,118.0,0.0,0.0,,,,,,,,,,,,,,,,,,45.0,,,,False,,2026-08-21 23:44:20-07:00,0.75,False,10,2026-08-21 23:44:20-07:00,45.0,1,-19.5,2026-08-21,False,False,31.0,False,2026-08-21,73.0,False,2026-08-21,124.0,False,2026-08-21,76.0,42.0,63,1.8095238095238095,3
367,13,2026-08-21 23:46:07-07:00,2026-08-21,23:46:07,drive_thru,car,CAR 119  (+1:02),,4,In_n_Out_log_2026-09-06_193227.json,2026-09-06,,,,,,,,119.0,0.0,0.0,,,,,,,,,,,,,,,,,,62.0,,,,False,,2026-08-21 23:45:05-07:00,1.0333333333333334,False,10,2026-08-21 23:45:05-07:00,62.0,1,-2.5,2026-08-21,False,False,45.0,False,2026-08-21,31.0,False,2026-08-21,73.0,False,2026-08-21,49.666666666666664,42.0,63,1.1825396825396826,1
368,13,2026-08-21 23:47:12-07:00,2026-08-21,23:47:12,drive_thru,car,CAR 120  (+1:06),,4,In_n_Out_log_2026-09-06_193227.json,2026-09-06,,,,,,,,120.0,0.0,0.0,,,,,,,,,,,,,,,,,,66.0,,,,False,,2026-08-21 23:46:07-07:00,1.0833333333333333,False,10,2026-08-21 23:46:07-07:00,65.0,1,0.5,2026-08-21,False,False,62.0,False,2026-08-21,45.0,False,2026-08-21,31.0,False,2026-08-21,46.0,42.0,63,1.0952380952380953,1
369,13,2026-08-21 23:47:54-07:00,2026-08-21,23:47:54,drive_thru,car,CAR 121  (+0:42),,4,In_n_Out_log_2026-09-06_193227.json,2026-09-06,,,,,,,,121.0,0.0,0.0,,,,,,,,,,,,,,,,,,42.0,,,,False,,2026-08-21 23:47:12-07:00,0.7,False,10,2026-08-21 23:47:12-07:00,42.0,1,-22.5,2026-08-21,False,False,65.0,False,2026-08-21,62.0,False,2026-08-21,45.0,False,2026-08-21,57.333333333333336,42.0,63,1.3650793650793651,2
370,13,2026-08-21 23:49:32-07:00,2026-08-21,23:49:32,drive_thru,car,CAR 122 — BAGS 2 BOXES 0  (+1:37),,4,In_n_Out_log_2026-09-06_193227.json,2026-09-06,,,,,,,,122.0,2.0,0.0,,,,,,,,,,,,,,,,,,97.0,,,,False,,2026-08-21 23:47:54-07:00,1.6333333333333333,False,10,2026-08-21 23:47:54-07:00,98.0,1,33.5,2026-08-21,False,False,42.0,False,2026-08-21,65.0,False,2026-08-21,62.0,False,2026-08-21,56.333333333333336,42.0,63,1.3412698412698414,2
371,13,2026-08-21 23:49:53-07:00,2026-08-21,23:49:53,drive_thru,car,CAR 123 — BAGS 0 BOXES 1  (+0:22),,4,In_n_Out_log_2026-09-06_193227.json,2026-09-06,,,,,,,,123.0,0.0,1.0,,,,,,,,,,,,,,,,,,22.0,,,,False,,2026-08-21 23:49:32-07:00,0.35,False,10,2026-08-21 23:49:32-07:00,21.0,1,-43.5,2026-08-21,False,False,98.0,False,2026-08-21,42.0,False,2026-08-21,65.0,False,2026-08-21,68.33333333333333,42.0,63,1.626984126984127,3
372,13,2026-08-21 23:51:07-07:00,2026-08-21,23:51:07,drive_thru,car,CAR 124 — BAGS 2 BOXES 0  (+1:14),,4,In_n_Out_log_2026-09-06_193227.json,2026-09-06,,,,,,,,124.0,2.0,0.0,,,,,,,,,,,,,,,,,,74.0,,,,False,,2026-08-21 23:49:53-07:00,1.2333333333333334,False,10,2026-08-21 23:49:53-07:00,74.0,1,9.5,2026-08-21,False,False,21.0,False,2026-08-21,98.0,False,2026-08-21,42.0,False,2026-08-21,53.666666666666664,42.0,63,1.2777777777777777,2
373,13,2026-08-21 23:51:48-07:00,2026-08-21,23:51:48,drive_thru,car,CAR 125  (+0:41),,4,In_n_Out_log_2026-09-06_193227.json,2026-09-06,,,,,,,,125.0,0.0,0.0,,,,,,,,,,,,,,,,,,41.0,,,,False,,2026-08-21 23:51:07-07:00,0.6833333333333333,False,10,2026-08-21 23:51:07-07:00,41.0,1,-23.5,2026-08-21,False,False,74.0,False,2026-08-21,21.0,False,2026-08-21,98.0,False,2026-08-21,64.33333333333333,42.0,63,1.5317460317460316,2
374,13,2026-08-21 23:52:21-07:00,2026-08-21,23:52:21,drive_thru,car,CAR 126  (+0:33),,4,In_n_Out_log_2026-09-06_193227.json,2026-09-06,,,,,,,,126.0,0.0,0.0,,,,,,,,,,,,,,,,,,33.0,,,,False,,2026-08-21 23:51:48-07:00,0.55,False,10,2026-08-21 23:51:48-07:00,33.0,1,-31.5,2026-08-21,False,False,41.0,False,2026-08-21,74.0,False,2026-08-21,21.0,False,2026-08-21,45.333333333333336,42.0,63,1.0793650793650795,1
375,13,2026-08-21 23:52:54-07:00,2026-08-21,23:52:54,drive_thru,car,CAR 127  (+0:33),,4,In_n_Out_log_2026-09-06_193227.json,2026-09-06,,,,,,,,127.0,0.0,0.0,,,,,,,,,,,,,,,,,,33.0,,,,False,,2026-08-21 23:52:21-07:00,0.55,False,10,2026-08-21 23:52:21-07:00,33.0,1,-31.5,2026-08-21,False,False,33.0,False,2026-08-21,41.0,False,2026-08-21,74.0,False,2026-08-21,49.333333333333336,42.0,63,1.1746031746031746,1
376,13,2026-08-21 23:53:17-07:00,2026-08-21,23:53:17,drive_thru,car,CAR 128  (+0:24),,4,In_n_Out_log_2026-09-06_193227.json,2026-09-06,,,,,,,,128.0,0.0,0.0,,,,,,,,,,,,,,,,,,24.0,,,,False,,2026-08-21 23:52:54-07:00,0.38333333333333336,False,10,2026-08-21 23:52:54-07:00,23.0,1,-41.5,2026-08-21,False,False,33.0,False,2026-08-21,33.0,False,2026-08-21,41.0,False,2026-08-21,35.666666666666664,42.0,63,0.8492063492063492,0
377,13,2026-08-21 23:53:56-07:00,2026-08-21,23:53:56,drive_thru,car,CAR 129  (+0:39),,4,In_n_Out_log_2026-09-06_193227.json,2026-09-06,,,,,,,,129.0,0.0,0.0,,,,,,,,,,,,,,,,,,39.0,,,,False,,2026-08-21 23:53:17-07:00,0.65,False,10,2026-08-21 23:53:17-07:00,39.0,1,-25.5,2026-08-21,False,False,23.0,False,2026-08-21,33.0,False,2026-08-21,33.0,False,2026-08-21,29.666666666666668,42.0,63,0.7063492063492064,0
378,13,2026-08-21 23:54:50-07:00,2026-08-21,23:54:50,drive_thru,car,CAR 130 — BAGS 0 BOXES 2  (+0:54),,4,In_n_Out_log_2026-09-06_193227.json,2026-09-06,,,,,,,,130.0,0.0,2.0,,,,,,,,,,,,,,,,,,54.0,,,,False,,2026-08-21 23:53:56-07:00,0.9,False,10,2026-08-21 23:53:56-07:00,54.0,1,-10.5,2026-08-21,False,False,39.0,False,2026-08-21,23.0,False,2026-08-21,33.0,False,2026-08-21,31.666666666666668,42.0,63,0.753968253968254,0
379,13,2026-08-21 23:55:25-07:00,2026-08-21,23:55:25,drive_thru,car,CAR 131  (+0:35),,4,In_n_Out_log_2026-09-06_193227.json,2026-09-06,,,,,,,,131.0,0.0,0.0,,,,,,,,,,,,,,,,,,35.0,,,,False,,2026-08-21 23:54:50-07:00,0.5833333333333334,False,10,2026-08-21 23:54:50-07:00,35.0,1,-29.5,2026-08-21,False,False,54.0,False,2026-08-21,39.0,False,2026-08-21,23.0,False,2026-08-21,38.666666666666664,42.0,63,0.9206349206349206,1
380,13,2026-08-21 23:55:49-07:00,2026-08-21,23:55:49,drive_thru,car,CAR 132  (+0:25),,4,In_n_Out_log_2026-09-06_193227.json,2026-09-06,,,,,,,,132.0,0.0,0.0,,,,,,,,,,,,,,,,,,25.0,,,,False,,2026-08-21 23:55:25-07:00,0.4,False,10,2026-08-21 23:55:25-07:00,24.0,1,-40.5,2026-08-21,False,False,35.0,False,2026-08-21,54.0,False,2026-08-21,39.0,False,2026-08-21,42.666666666666664,42.0,63,1.0158730158730158,1
381,13,2026-08-21 23:56:07-07:00,2026-08-21,23:56:07,drive_thru,car,CAR 133  (+0:18),,4,In_n_Out_log_2026-09-06_193227.json,2026-09-06,,,,,,,,133.0,0.0,0.0,,,,,,,,,,,,,,,,,,18.0,,,,False,,2026-08-21 23:55:49-07:00,0.3,False,10,2026-08-21 23:55:49-07:00,18.0,1,-46.5,2026-08-21,False,False,24.0,False,2026-08-21,35.0,False,2026-08-21,54.0,False,2026-08-21,37.666666666666664,42.0,63,0.8968253968253967,0
382,13,2026-08-21 23:56:33-07:00,2026-08-21,23:56:33,drive_thru,car,CAR 134  (+0:26),,4,In_n_Out_log_2026-09-06_193227.json,2026-09-06,,,,,,,,134.0,0.0,0.0,,,,,,,,,,,,,,,,,,26.0,,,,False,,2026-08-21 23:56:07-07:00,0.43333333333333335,False,10,2026-08-21 23:56:07-07:00,26.0,1,-38.5,2026-08-21,False,False,18.0,False,2026-08-21,24.0,False,2026-08-21,35.0,False,2026-08-21,25.666666666666668,42.0,63,0.6111111111111112,0
385,13,2026-08-21 23:57:17-07:00,2026-08-21,23:57:17,drive_thru,car,CAR 135 — BAGS 0 BOXES 1  (+0:44),,4,In_n_Out_log_2026-09-06_193227.json,2026-09-06,,,,,,,,135.0,0.0,1.0,,,,,,,,,,,,,,,,,,44.0,,,,False,,2026-08-21 23:56:33-07:00,0.7333333333333333,False,10,2026-08-21 23:56:33-07:00,44.0,1,-20.5,2026-08-21,True,True,26.0,False,2026-08-21,18.0,False,2026-08-21,24.0,False,2026-08-21,22.666666666666668,42.0,63,0.5396825396825398,0
400,13,2026-08-22 00:11:26-07:00,2026-08-22,00:11:26,drive_thru,car,CAR 141  (+9:30),,4,In_n_Out_log_2026-09-06_193227.json,2026-09-06,,,,,,,,141.0,0.0,0.0,,,,,,,,,,,,,,,,,,570.0,,,,False,,2026-08-22 00:01:56-07:00,9.5,False,10,2026-08-22 00:01:56-07:00,570.0,1,505.5,2026-08-21,False,False,86.0,False,2026-08-21,22.0,False,2026-08-21,91.0,False,2026-08-21,66.33333333333333,42.0,63,1.5793650793650793,2
402,14,2026-08-22 00:11:46-07:00,2026-08-22,00:11:46,drive_thru,car,CAR 142,,4,In_n_Out_log_2026-09-06_193227.json,2026-09-06,,,,,,,,142.0,0.0,0.0,,,,,,,,,,,,,,,,,,,,,,False,,2026-08-22 00:11:26-07:00,0.3333333333333333,False,10,2026-08-22 00:11:26-07:00,20.0,1,-44.5,2026-08-21,False,False,570.0,False,2026-08-21,86.0,False,2026-08-21,22.0,False,2026-08-21,226.0,42.0,63,5.380952380952381,3
403,14,2026-08-22 00:12:49-07:00,2026-08-22,00:12:49,drive_thru,car,CAR 143  (+1:02),,4,In_n_Out_log_2026-09-06_193227.json,2026-09-06,,,,,,,,143.0,0.0,0.0,,,,,,,,,,,,,,,,,,62.0,,,,False,,2026-08-22 00:11:46-07:00,1.05,False,10,2026-08-22 00:11:46-07:00,63.0,1,-1.5,2026-08-21,False,False,20.0,False,2026-08-21,570.0,False,2026-08-21,86.0,False,2026-08-21,225.33333333333334,42.0,63,5.365079365079366,3
405,14,2026-08-22 00:13:17-07:00,2026-08-22,00:13:17,drive_thru,car,CAR 144  (+0:28),,4,In_n_Out_log_2026-09-06_193227.json,2026-09-06,,,,,,,,144.0,0.0,0.0,,,,,,,,,,,,,,,,,,28.0,,,,False,,2026-08-22 00:12:49-07:00,0.4666666666666667,False,10,2026-08-22 00:12:49-07:00,28.0,1,-36.5,2026-08-21,False,False,63.0,False,2026-08-21,20.0,False,2026-08-21,570.0,False,2026-08-21,217.66666666666666,42.0,63,5.182539682539682,3
406,14,2026-08-22 00:13:36-07:00,2026-08-22,00:13:36,drive_thru,car,CAR 145  (+0:19),,4,In_n_Out_log_2026-09-06_193227.json,2026-09-06,,,,,,,,145.0,0.0,0.0,,,,,,,,,,,,,,,,,,19.0,,,,False,,2026-08-22 00:13:17-07:00,0.31666666666666665,False,10,2026-08-22 00:13:17-07:00,19.0,1,-45.5,2026-08-21,False,False,28.0,False,2026-08-21,63.0,False,2026-08-21,20.0,False,2026-08-21,37.0,42.0,63,0.8809523809523809,0
407,14,2026-08-22 00:14:01-07:00,2026-08-22,00:14:01,drive_thru,car,CAR 146  (+0:25),,4,In_n_Out_log_2026-09-06_193227.json,2026-09-06,,,,,,,,146.0,0.0,0.0,,,,,,,,,,,,,,,,,,25.0,,,,False,,2026-08-22 00:13:36-07:00,0.4166666666666667,False,10,2026-08-22 00:13:36-07:00,25.0,1,-39.5,2026-08-21,False,False,19.0,False,2026-08-21,28.0,False,2026-08-21,63.0,False,2026-08-21,36.666666666666664,42.0,63,0.8730158730158729,0
410,14,2026-08-22 00:15:35-07:00,2026-08-22,00:15:35,drive_thru,car,CAR 147  (+1:34),,4,In_n_Out_log_2026-09-06_193227.json,2026-09-06,,,,,,,,147.0,0.0,0.0,,,,,,,,,,,,,,,,,,94.0,,,,False,,2026-08-22 00:14:01-07:00,1.5666666666666667,False,10,2026-08-22 00:14:01-07:00,94.0,1,29.5,2026-08-21,True,True,25.0,False,2026-08-21,19.0,False,2026-08-21,28.0,False,2026-08-21,24.0,42.0,63,0.5714285714285714,0
414,14,2026-08-22 00:18:37-07:00,2026-08-22,00:18:37,drive_thru,car,CAR 151 — BAGS 0 BOXES 1  (+0:47),,4,In_n_Out_log_2026-09-06_193227.json,2026-09-06,,,,,,,,151.0,0.0,1.0,,,,,,,,,,,,,,,,,,47.0,,,,False,,2026-08-22 00:17:49-07:00,0.8,False,10,2026-08-22 00:17:49-07:00,48.0,1,-16.5,2026-08-21,False,False,76.0,False,2026-08-21,34.0,False,2026-08-21,24.0,False,2026-08-21,44.666666666666664,42.0,63,1.0634920634920635,1
419,14,2026-08-22 00:22:05-07:00,2026-08-22,00:22:05,drive_thru,car,CAR 152  (+3:28),,4,In_n_Out_log_2026-09-06_193227.json,2026-09-06,,,,,,,,152.0,0.0,0.0,,,,,,,,,,,,,,,,,,208.0,,,,False,,2026-08-22 00:18:37-07:00,3.466666666666667,False,10,2026-08-22 00:18:37-07:00,208.0,1,143.5,2026-08-21,False,False,48.0,False,2026-08-21,76.0,False,2026-08-21,34.0,False,2026-08-21,52.666666666666664,42.0,63,1.253968253968254,2
438,15,2026-08-22 10:41:21-07:00,2026-08-22,10:41:21,drive_thru,car,CAR 157 — BAGS 2 BOXES 2  (+5:44),,4,In_n_Out_log_2026-09-06_193227.json,2026-09-06,,,,,,,,157.0,2.0,2.0,,,,,,,,,,,,,,,,,,344.0,,,,False,,2026-08-22 10:35:37-07:00,5.733333333333333,False,11,2026-08-22 10:35:37-07:00,344.0,1,249.88,2026-08-22,False,False,14.0,False,2026-08-22,75.0,False,2026-08-22,33.0,False,2026-08-22,40.666666666666664,87.0,48,0.46743295019157083,0
441,15,2026-08-22 10:44:12-07:00,2026-08-22,10:44:12,drive_thru,car,CAR 158  (+2:51),,4,In_n_Out_log_2026-09-06_193227.json,2026-09-06,,,,,,,,158.0,0.0,0.0,,,,,,,,,,,,,,,,,,171.0,,,,False,,2026-08-22 10:41:21-07:00,2.85,False,11,2026-08-22 10:41:21-07:00,171.0,1,76.88,2026-08-22,False,False,344.0,False,2026-08-22,14.0,False,2026-08-22,75.0,False,2026-08-22,144.33333333333334,87.0,48,1.6590038314176245,3
444,15,2026-08-22 10:44:53-07:00,2026-08-22,10:44:53,drive_thru,car,CAR 159  (+0:41),,4,In_n_Out_log_2026-09-06_193227.json,2026-09-06,,,,,,,,159.0,0.0,0.0,,,,,,,,,,,,,,,,,,41.0,,,,False,,2026-08-22 10:44:12-07:00,0.6833333333333333,False,11,2026-08-22 10:44:12-07:00,41.0,1,-53.120000000000005,2026-08-22,False,False,171.0,False,2026-08-22,344.0,False,2026-08-22,14.0,False,2026-08-22,176.33333333333334,87.0,48,2.0268199233716477,3
445,15,2026-08-22 10:49:26-07:00,2026-08-22,10:49:26,drive_thru,car,CAR 160 — BAGS 6 BOXES 0  (+4:33),,4,In_n_Out_log_2026-09-06_193227.json,2026-09-06,,,,,,,,160.0,6.0,0.0,,,,,,,,,,,,,,,,,,273.0,,,,False,,2026-08-22 10:44:53-07:00,4.55,False,11,2026-08-22 10:44:53-07:00,273.0,1,178.88,2026-08-22,False,False,41.0,False,2026-08-22,171.0,False,2026-08-22,344.0,False,2026-08-22,185.33333333333334,87.0,48,2.1302681992337167,3
447,15,2026-08-22 10:51:51-07:00,2026-08-22,10:51:51,drive_thru,car,CAR 161  (+2:25),,4,In_n_Out_log_2026-09-06_193227.json,2026-09-06,,,,,,,,161.0,0.0,0.0,,,,,,,,,,,,,,,,,,145.0,,,,False,,2026-08-22 10:49:26-07:00,2.4166666666666665,False,11,2026-08-22 10:49:26-07:00,145.0,1,50.879999999999995,2026-08-22,False,False,273.0,False,2026-08-22,41.0,False,2026-08-22,171.0,False,2026-08-22,161.66666666666666,87.0,48,1.8582375478927202,3
448,15,2026-08-22 10:54:15-07:00,2026-08-22,10:54:15,drive_thru,car,CAR 162  (+2:24),,4,In_n_Out_log_2026-09-06_193227.json,2026-09-06,,,,,,,,162.0,0.0,0.0,,,,,,,,,,,,,,,,,,144.0,,,,False,,2026-08-22 10:51:51-07:00,2.4,False,11,2026-08-22 10:51:51-07:00,144.0,1,49.879999999999995,2026-08-22,False,False,145.0,False,2026-08-22,273.0,False,2026-08-22,41.0,False,2026-08-22,153.0,87.0,48,1.7586206896551724,3
452,15,2026-08-22 10:55:37-07:00,2026-08-22,10:55:37,drive_thru,car,CAR 163  (+1:22),,4,In_n_Out_log_2026-09-06_193227.json,2026-09-06,,,,,,,,163.0,0.0,0.0,,,,,,,,,,,,,,,,,,82.0,,,,False,,2026-08-22 10:54:15-07:00,1.3666666666666667,False,11,2026-08-22 10:54:15-07:00,82.0,1,-12.120000000000005,2026-08-22,False,False,144.0,False,2026-08-22,145.0,False,2026-08-22,273.0,False,2026-08-22,187.33333333333334,87.0,48,2.153256704980843,3
458,15,2026-08-22 10:58:51-07:00,2026-08-22,10:58:51,drive_thru,car,CAR 164  (+3:14),,4,In_n_Out_log_2026-09-06_193227.json,2026-09-06,,,,,,,,164.0,0.0,0.0,,,,,,,,,,,,,,,,,,194.0,,,,False,,2026-08-22 10:55:37-07:00,3.2333333333333334,False,11,2026-08-22 10:55:37-07:00,194.0,1,99.88,2026-08-22,False,False,82.0,False,2026-08-22,144.0,False,2026-08-22,145.0,False,2026-08-22,123.66666666666667,87.0,48,1.421455938697318,2
459,15,2026-08-22 10:59:27-07:00,2026-08-22,10:59:27,drive_thru,car,CAR 165  (+0:36),,4,In_n_Out_log_2026-09-06_193227.json,2026-09-06,,,,,,,,165.0,0.0,0.0,,,,,,,,,,,,,,,,,,36.0,,,,False,,2026-08-22 10:58:51-07:00,0.6,False,11,2026-08-22 10:58:51-07:00,36.0,1,-58.120000000000005,2026-08-22,False,False,194.0,False,2026-08-22,82.0,False,2026-08-22,144.0,False,2026-08-22,140.0,87.0,48,1.6091954022988506,3
460,15,2026-08-22 10:59:58-07:00,2026-08-22,10:59:58,drive_thru,car,CAR 166 — BAGS 1 BOXES 0  (+0:31),,4,In_n_Out_log_2026-09-06_193227.json,2026-09-06,,,,,,,,166.0,1.0,0.0,,,,,,,,,,,,,,,,,,31.0,,,,False,,2026-08-22 10:59:27-07:00,0.5166666666666667,False,11,2026-08-22 10:59:27-07:00,31.0,1,-63.120000000000005,2026-08-22,False,False,36.0,False,2026-08-22,194.0,False,2026-08-22,82.0,False,2026-08-22,104.0,87.0,48,1.1954022988505748,1
463,15,2026-08-22 11:01:53-07:00,2026-08-22,11:01:53,drive_thru,car,CAR 167  (+1:55),,4,In_n_Out_log_2026-09-06_193227.json,2026-09-06,,,,,,,,167.0,0.0,0.0,,,,,,,,,,,,,,,,,,115.0,,,,False,,2026-08-22 10:59:58-07:00,1.9166666666666667,False,11,2026-08-22 10:59:58-07:00,115.0,1,20.879999999999995,2026-08-22,True,True,31.0,False,2026-08-22,36.0,False,2026-08-22,194.0,False,2026-08-22,87.0,87.0,48,1.0,1
472,15,2026-08-22 11:07:38-07:00,2026-08-22,11:07:38,drive_thru,car,CAR 171 — BAGS 2 BOXES 0  (+2:00),,4,In_n_Out_log_2026-09-06_193227.json,2026-09-06,,,,,,,,171.0,2.0,0.0,,,,,,,,,,,,,,,,,,120.0,,,,False,,2026-08-22 11:05:38-07:00,2.0,False,11,2026-08-22 11:05:38-07:00,120.0,1,25.879999999999995,2026-08-22,False,False,33.0,False,2026-08-22,1.0,False,2026-08-22,191.0,False,2026-08-22,75.0,87.0,48,0.8620689655172413,0
475,15,2026-08-22 11:09:19-07:00,2026-08-22,11:09:19,drive_thru,car,CAR 172 — BAGS 2 BOXES 0  (+1:41),,4,In_n_Out_log_2026-09-06_193227.json,2026-09-06,,,,,,,,172.0,2.0,0.0,,,,,,,,,,,,,,,,,,101.0,,,,False,,2026-08-22 11:07:38-07:00,1.6833333333333333,False,11,2026-08-22 11:07:38-07:00,101.0,1,6.8799999999999955,2026-08-22,False,False,120.0,False,2026-08-22,33.0,False,2026-08-22,1.0,False,2026-08-22,51.333333333333336,87.0,48,0.5900383141762452,0
476,15,2026-08-22 11:09:45-07:00,2026-08-22,11:09:45,drive_thru,car,CAR 173 — BAGS 1 BOXES 0  (+0:26),,4,In_n_Out_log_2026-09-06_193227.json,2026-09-06,,,,,,,,173.0,1.0,0.0,,,,,,,,,,,,,,,,,,26.0,,,,False,,2026-08-22 11:09:19-07:00,0.43333333333333335,False,11,2026-08-22 11:09:19-07:00,26.0,1,-68.12,2026-08-22,False,False,101.0,False,2026-08-22,120.0,False,2026-08-22,33.0,False,2026-08-22,84.66666666666667,87.0,48,0.9731800766283526,1
477,15,2026-08-22 11:12:09-07:00,2026-08-22,11:12:09,drive_thru,car,CAR 174 — BAGS 2 BOXES 0  (+2:23),,4,In_n_Out_log_2026-09-06_193227.json,2026-09-06,,,,,,,,174.0,2.0,0.0,,,,,,,,,,,,,,,,,,143.0,,,,False,,2026-08-22 11:09:45-07:00,2.4,False,11,2026-08-22 11:09:45-07:00,144.0,1,49.879999999999995,2026-08-22,False,False,26.0,False,2026-08-22,101.0,False,2026-08-22,120.0,False,2026-08-22,82.33333333333333,87.0,48,0.946360153256705,1
479,15,2026-08-22 11:13:18-07:00,2026-08-22,11:13:18,drive_thru,car,CAR 175  (+1:10),,4,In_n_Out_log_2026-09-06_193227.json,2026-09-06,,,,,,,,175.0,0.0,0.0,,,,,,,,,,,,,,,,,,70.0,,,,False,,2026-08-22 11:12:09-07:00,1.15,False,11,2026-08-22 11:12:09-07:00,69.0,1,-25.120000000000005,2026-08-22,False,False,144.0,False,2026-08-22,26.0,False,2026-08-22,101.0,False,2026-08-22,90.33333333333333,87.0,48,1.0383141762452106,1
480,15,2026-08-22 11:13:47-07:00,2026-08-22,11:13:47,drive_thru,car,CAR 176 — BAGS 1 BOXES 0  (+0:28),,4,In_n_Out_log_2026-09-06_193227.json,2026-09-06,,,,,,,,176.0,1.0,0.0,,,,,,,,,,,,,,,,,,28.0,,,,False,,2026-08-22 11:13:18-07:00,0.48333333333333334,False,11,2026-08-22 11:13:18-07:00,29.0,1,-65.12,2026-08-22,False,False,69.0,False,2026-08-22,144.0,False,2026-08-22,26.0,False,2026-08-22,79.66666666666667,87.0,48,0.9157088122605365,0
481,15,2026-08-22 11:15:41-07:00,2026-08-22,11:15:41,drive_thru,car,CAR 177 — BAGS 1 BOXES 1  (+1:54),,4,In_n_Out_log_2026-09-06_193227.json,2026-09-06,,,,,,,,177.0,1.0,1.0,,,,,,,,,,,,,,,,,,114.0,,,,False,,2026-08-22 11:13:47-07:00,1.9,False,11,2026-08-22 11:13:47-07:00,114.0,1,19.879999999999995,2026-08-22,False,False,29.0,False,2026-08-22,69.0,False,2026-08-22,144.0,False,2026-08-22,80.66666666666667,87.0,48,0.9272030651340997,1
482,15,2026-08-22 11:16:15-07:00,2026-08-22,11:16:15,drive_thru,car,CAR 178 — BAGS 2 BOXES 0  (+0:35),,4,In_n_Out_log_2026-09-06_193227.json,2026-09-06,,,,,,,,178.0,2.0,0.0,,,,,,,,,,,,,,,,,,35.0,,,,False,,2026-08-22 11:15:41-07:00,0.5666666666666667,False,11,2026-08-22 11:15:41-07:00,34.0,1,-60.120000000000005,2026-08-22,False,False,114.0,False,2026-08-22,29.0,False,2026-08-22,69.0,False,2026-08-22,70.66666666666667,87.0,48,0.8122605363984675,0
483,15,2026-08-22 11:17:14-07:00,2026-08-22,11:17:14,drive_thru,car,CAR 179 — BAGS 1 BOXES 0  (+0:58),,4,In_n_Out_log_2026-09-06_193227.json,2026-09-06,,,,,,,,179.0,1.0,0.0,,,,,,,,,,,,,,,,,,58.0,,,,False,,2026-08-22 11:16:15-07:00,0.9833333333333333,False,11,2026-08-22 11:16:15-07:00,59.0,1,-35.120000000000005,2026-08-22,False,False,34.0,False,2026-08-22,114.0,False,2026-08-22,29.0,False,2026-08-22,59.0,87.0,48,0.6781609195402298,0
484,15,2026-08-22 11:18:47-07:00,2026-08-22,11:18:47,drive_thru,car,CAR 180 — BAGS 1 BOXES 0  (+1:34),,4,In_n_Out_log_2026-09-06_193227.json,2026-09-06,,,,,,,,180.0,1.0,0.0,,,,,,,,,,,,,,,,,,94.0,,,,False,,2026-08-22 11:17:14-07:00,1.55,False,11,2026-08-22 11:17:14-07:00,93.0,1,-1.1200000000000045,2026-08-22,False,False,59.0,False,2026-08-22,34.0,False,2026-08-22,114.0,False,2026-08-22,69.0,87.0,48,0.7931034482758621,0
486,15,2026-08-22 11:20:23-07:00,2026-08-22,11:20:23,drive_thru,car,CAR 181 — BAGS 1 BOXES 0  (+1:36),,4,In_n_Out_log_2026-09-06_193227.json,2026-09-06,,,,,,,,181.0,1.0,0.0,,,,,,,,,,,,,,,,,,96.0,,,,False,,2026-08-22 11:18:47-07:00,1.6,False,11,2026-08-22 11:18:47-07:00,96.0,1,1.8799999999999955,2026-08-22,False,False,93.0,False,2026-08-22,59.0,False,2026-08-22,34.0,False,2026-08-22,62.0,87.0,48,0.7126436781609196,0
488,15,2026-08-22 11:20:36-07:00,2026-08-22,11:20:36,drive_thru,car,CAR 182 — BAGS 1 BOXES 0  (+0:12),,4,In_n_Out_log_2026-09-06_193227.json,2026-09-06,,,,,,,,182.0,1.0,0.0,,,,,,,,,,,,,,,,,,12.0,,,,False,,2026-08-22 11:20:23-07:00,0.21666666666666667,False,11,2026-08-22 11:20:23-07:00,13.0,1,-81.12,2026-08-22,False,False,96.0,False,2026-08-22,93.0,False,2026-08-22,59.0,False,2026-08-22,82.66666666666667,87.0,48,0.9501915708812261,1
497,15,2026-08-22 11:27:35-07:00,2026-08-22,11:27:35,drive_thru,car,CAR 187 — BAGS 1 BOXES 0  (+1:50),,4,In_n_Out_log_2026-09-06_193227.json,2026-09-06,,,,,,,,187.0,1.0,0.0,,,,,,,,,,,,,,,,,,110.0,,,,False,,2026-08-22 11:25:45-07:00,1.8333333333333333,False,11,2026-08-22 11:25:45-07:00,110.0,2,15.879999999999995,2026-08-22,False,False,1.0,False,2026-08-22,22.0,False,2026-08-22,52.0,False,2026-08-22,25.0,87.0,48,0.28735632183908044,0
498,15,2026-08-22 11:27:54-07:00,2026-08-22,11:27:54,drive_thru,car,CAR 188 — BAGS 1 BOXES 0  (+0:19),,4,In_n_Out_log_2026-09-06_193227.json,2026-09-06,,,,,,,,188.0,1.0,0.0,,,,,,,,,,,,,,,,,,19.0,,,,False,,2026-08-22 11:27:35-07:00,0.31666666666666665,False,11,2026-08-22 11:27:35-07:00,19.0,2,-75.12,2026-08-22,False,False,110.0,False,2026-08-22,1.0,False,2026-08-22,22.0,False,2026-08-22,44.333333333333336,87.0,48,0.5095785440613028,0
499,15,2026-08-22 11:31:09-07:00,2026-08-22,11:31:09,drive_thru,car,CAR 189 — BAGS 1 BOXES 0  (+3:15),,4,In_n_Out_log_2026-09-06_193227.json,2026-09-06,,,,,,,,189.0,1.0,0.0,,,,,,,,,,,,,,,,,,195.0,,,,False,,2026-08-22 11:27:54-07:00,3.25,False,11,2026-08-22 11:27:54-07:00,195.0,2,100.88,2026-08-22,False,False,19.0,False,2026-08-22,110.0,False,2026-08-22,1.0,False,2026-08-22,43.333333333333336,87.0,48,0.4980842911877395,0
501,15,2026-08-22 11:32:06-07:00,2026-08-22,11:32:06,drive_thru,car,CAR 190  (+0:57),,4,In_n_Out_log_2026-09-06_193227.json,2026-09-06,,,,,,,,190.0,0.0,0.0,,,,,,,,,,,,,,,,,,57.0,,,,False,,2026-08-22 11:31:09-07:00,0.95,False,11,2026-08-22 11:31:09-07:00,57.0,2,-37.120000000000005,2026-08-22,False,False,195.0,False,2026-08-22,19.0,False,2026-08-22,110.0,False,2026-08-22,108.0,87.0,48,1.2413793103448276,2
502,15,2026-08-22 11:33:55-07:00,2026-08-22,11:33:55,drive_thru,car,CAR 191  (+1:49),,4,In_n_Out_log_2026-09-06_193227.json,2026-09-06,,,,,,,,191.0,0.0,0.0,,,,,,,,,,,,,,,,,,109.0,,,,False,,2026-08-22 11:32:06-07:00,1.8166666666666667,False,11,2026-08-22 11:32:06-07:00,109.0,2,14.879999999999995,2026-08-22,False,False,57.0,False,2026-08-22,195.0,False,2026-08-22,19.0,False,2026-08-22,90.33333333333333,87.0,48,1.0383141762452106,1
503,15,2026-08-22 11:34:43-07:00,2026-08-22,11:34:43,drive_thru,car,CAR 192  (+0:48),,4,In_n_Out_log_2026-09-06_193227.json,2026-09-06,,,,,,,,192.0,0.0,0.0,,,,,,,,,,,,,,,,,,48.0,,,,False,,2026-08-22 11:33:55-07:00,0.8,False,11,2026-08-22 11:33:55-07:00,48.0,2,-46.120000000000005,2026-08-22,False,False,109.0,False,2026-08-22,57.0,False,2026-08-22,195.0,False,2026-08-22,120.33333333333333,87.0,48,1.3831417624521072,2
505,15,2026-08-22 11:36:10-07:00,2026-08-22,11:36:10,drive_thru,car,CAR 193  (+1:27),,4,In_n_Out_log_2026-09-06_193227.json,2026-09-06,,,,,,,,193.0,0.0,0.0,,,,,,,,,,,,,,,,,,87.0,,,,False,,2026-08-22 11:34:43-07:00,1.45,False,11,2026-08-22 11:34:43-07:00,87.0,2,-7.1200000000000045,2026-08-22,False,False,48.0,False,2026-08-22,109.0,False,2026-08-22,57.0,False,2026-08-22,71.33333333333333,87.0,48,0.8199233716475095,0
508,15,2026-08-22 11:37:44-07:00,2026-08-22,11:37:44,drive_thru,car,CAR 194  (+1:34),,4,In_n_Out_log_2026-09-06_193227.json,2026-09-06,,,,,,,,194.0,0.0,0.0,,,,,,,,,,,,,,,,,,94.0,,,,False,,2026-08-22 11:36:10-07:00,1.5666666666666667,False,11,2026-08-22 11:36:10-07:00,94.0,2,-0.12000000000000455,2026-08-22,False,False,87.0,False,2026-08-22,48.0,False,2026-08-22,109.0,False,2026-08-22,81.33333333333333,87.0,48,0.9348659003831417,1
511,15,2026-08-22 11:40:12-07:00,2026-08-22,11:40:12,drive_thru,car,CAR 195 — BAGS 1 BOXES 0  (+2:28),,4,In_n_Out_log_2026-09-06_193227.json,2026-09-06,,,,,,,,195.0,1.0,0.0,,,,,,,,,,,,,,,,,,148.0,,,,False,,2026-08-22 11:37:44-07:00,2.466666666666667,False,11,2026-08-22 11:37:44-07:00,148.0,2,53.879999999999995,2026-08-22,False,False,94.0,False,2026-08-22,87.0,False,2026-08-22,48.0,False,2026-08-22,76.33333333333333,87.0,48,0.8773946360153256,0
512,15,2026-08-22 11:41:39-07:00,2026-08-22,11:41:39,drive_thru,car,CAR 196  (+1:27),,4,In_n_Out_log_2026-09-06_193227.json,2026-09-06,,,,,,,,196.0,0.0,0.0,,,,,,,,,,,,,,,,,,87.0,,,,False,,2026-08-22 11:40:12-07:00,1.45,False,11,2026-08-22 11:40:12-07:00,87.0,2,-7.1200000000000045,2026-08-22,False,False,148.0,False,2026-08-22,94.0,False,2026-08-22,87.0,False,2026-08-22,109.66666666666667,87.0,48,1.260536398467433,2
513,15,2026-08-22 11:42:05-07:00,2026-08-22,11:42:05,drive_thru,car,CAR 197  (+0:26),,4,In_n_Out_log_2026-09-06_193227.json,2026-09-06,,,,,,,,197.0,0.0,0.0,,,,,,,,,,,,,,,,,,26.0,,,,False,,2026-08-22 11:41:39-07:00,0.43333333333333335,False,11,2026-08-22 11:41:39-07:00,26.0,2,-68.12,2026-08-22,False,False,87.0,False,2026-08-22,148.0,False,2026-08-22,94.0,False,2026-08-22,109.66666666666667,87.0,48,1.260536398467433,2
514,15,2026-08-22 11:42:41-07:00,2026-08-22,11:42:41,drive_thru,car,CAR 198  (+0:36),,4,In_n_Out_log_2026-09-06_193227.json,2026-09-06,,,,,,,,198.0,0.0,0.0,,,,,,,,,,,,,,,,,,36.0,,,,False,,2026-08-22 11:42:05-07:00,0.6,False,11,2026-08-22 11:42:05-07:00,36.0,2,-58.120000000000005,2026-08-22,False,False,26.0,False,2026-08-22,87.0,False,2026-08-22,148.0,False,2026-08-22,87.0,87.0,48,1.0,1
518,15,2026-08-22 11:45:56-07:00,2026-08-22,11:45:56,drive_thru,car,CAR 199 — BAGS 3 BOXES 0  (+3:15),,4,In_n_Out_log_2026-09-06_193227.json,2026-09-06,,,,,,,,199.0,3.0,0.0,,,,,,,,,,,,,,,,,,195.0,,,,False,,2026-08-22 11:42:41-07:00,3.25,False,11,2026-08-22 11:42:41-07:00,195.0,2,100.88,2026-08-22,False,False,36.0,False,2026-08-22,26.0,False,2026-08-22,87.0,False,2026-08-22,49.666666666666664,87.0,48,0.5708812260536398,0
521,15,2026-08-22 11:47:23-07:00,2026-08-22,11:47:23,drive_thru,car,CAR 200 — BAGS 1 BOXES 0  (+1:27),,4,In_n_Out_log_2026-09-06_193227.json,2026-09-06,,,,,,,,200.0,1.0,0.0,,,,,,,,,,,,,,,,,,87.0,,,,False,,2026-08-22 11:45:56-07:00,1.45,False,11,2026-08-22 11:45:56-07:00,87.0,2,-7.1200000000000045,2026-08-22,False,False,195.0,False,2026-08-22,36.0,False,2026-08-22,26.0,False,2026-08-22,85.66666666666667,87.0,48,0.9846743295019158,1
522,15,2026-08-22 11:49:21-07:00,2026-08-22,11:49:21,drive_thru,car,CAR 201 — BAGS 0 BOXES 1  (+1:58),,4,In_n_Out_log_2026-09-06_193227.json,2026-09-06,,,,,,,,201.0,0.0,1.0,,,,,,,,,,,,,,,,,,118.0,,,,False,,2026-08-22 11:47:23-07:00,1.9666666666666666,False,11,2026-08-22 11:47:23-07:00,118.0,2,23.879999999999995,2026-08-22,False,False,87.0,False,2026-08-22,195.0,False,2026-08-22,36.0,False,2026-08-22,106.0,87.0,48,1.2183908045977012,2
526,15,2026-08-22 11:50:52-07:00,2026-08-22,11:50:52,drive_thru,car,CAR 202  (+1:31),,4,In_n_Out_log_2026-09-06_193227.json,2026-09-06,,,,,,,,202.0,0.0,0.0,,,,,,,,,,,,,,,,,,91.0,,,,False,,2026-08-22 11:49:21-07:00,1.5166666666666666,False,11,2026-08-22 11:49:21-07:00,91.0,2,-3.1200000000000045,2026-08-22,False,False,118.0,False,2026-08-22,87.0,False,2026-08-22,195.0,False,2026-08-22,133.33333333333334,87.0,48,1.5325670498084292,2
528,15,2026-08-22 11:53:14-07:00,2026-08-22,11:53:14,drive_thru,car,CAR 203 — BAGS 2 BOXES 0  (+2:21),,4,In_n_Out_log_2026-09-06_193227.json,2026-09-06,,,,,,,,203.0,2.0,0.0,,,,,,,,,,,,,,,,,,141.0,,,,False,,2026-08-22 11:50:52-07:00,2.3666666666666667,False,11,2026-08-22 11:50:52-07:00,142.0,2,47.879999999999995,2026-08-22,False,False,91.0,False,2026-08-22,118.0,False,2026-08-22,87.0,False,2026-08-22,98.66666666666667,87.0,48,1.1340996168582376,1
533,15,2026-08-22 11:55:55-07:00,2026-08-22,11:55:55,drive_thru,car,CAR 204  (+2:41),,4,In_n_Out_log_2026-09-06_193227.json,2026-09-06,,,,,,,,204.0,0.0,0.0,,,,,,,,,,,,,,,,,,161.0,,,,False,,2026-08-22 11:53:14-07:00,2.683333333333333,False,11,2026-08-22 11:53:14-07:00,161.0,2,66.88,2026-08-22,False,True,142.0,False,2026-08-22,91.0,False,2026-08-22,118.0,False,2026-08-22,117.0,87.0,48,1.3448275862068966,2
615,22,2026-08-22 20:54:48-07:00,2026-08-22,20:54:48,drive_thru,car,CAR 223  (+0:22),,4,In_n_Out_log_2026-09-06_193227.json,2026-09-06,,,,,,,,223.0,0.0,0.0,,,,,,,,,,,,,,,,,,22.0,,,,False,,2026-08-22 20:54:26-07:00,0.36666666666666664,False,14,2026-08-22 20:54:26-07:00,22.0,1,-41.391304347826086,2026-08-22,False,False,35.0,False,2026-08-22,89.0,False,2026-08-22,74.0,False,2026-08-22,66.0,50.5,22,1.306930693069307,2
616,22,2026-08-22 20:55:16-07:00,2026-08-22,20:55:16,drive_thru,car,CAR 224  (+0:28),,4,In_n_Out_log_2026-09-06_193227.json,2026-09-06,,,,,,,,224.0,0.0,0.0,,,,,,,,,,,,,,,,,,28.0,,,,False,,2026-08-22 20:54:48-07:00,0.4666666666666667,False,14,2026-08-22 20:54:48-07:00,28.0,1,-35.391304347826086,2026-08-22,False,False,22.0,False,2026-08-22,35.0,False,2026-08-22,89.0,False,2026-08-22,48.666666666666664,50.5,22,0.9636963696369637,1
617,22,2026-08-22 20:55:38-07:00,2026-08-22,20:55:38,drive_thru,car,CAR 225 — BAGS 1 BOXES 0  (+0:22),,4,In_n_Out_log_2026-09-06_193227.json,2026-09-06,,,,,,,,225.0,1.0,0.0,,,,,,,,,,,,,,,,,,22.0,,,,False,,2026-08-22 20:55:16-07:00,0.36666666666666664,False,14,2026-08-22 20:55:16-07:00,22.0,1,-41.391304347826086,2026-08-22,False,False,28.0,False,2026-08-22,22.0,False,2026-08-22,35.0,False,2026-08-22,28.333333333333332,50.5,22,0.5610561056105611,0
620,22,2026-08-22 20:59:37-07:00,2026-08-22,20:59:37,drive_thru,car,CAR 226  (+3:59),,4,In_n_Out_log_2026-09-06_193227.json,2026-09-06,,,,,,,,226.0,0.0,0.0,,,,,,,,,,,,,,,,,,239.0,,,,False,,2026-08-22 20:55:38-07:00,3.9833333333333334,False,14,2026-08-22 20:55:38-07:00,239.0,1,175.6086956521739,2026-08-22,True,True,22.0,False,2026-08-22,28.0,False,2026-08-22,22.0,False,2026-08-22,24.0,50.5,22,0.4752475247524752,0
626,23,2026-08-22 21:03:50-07:00,2026-08-22,21:03:50,drive_thru,car,CAR 230  (+0:29),,4,In_n_Out_log_2026-09-06_193227.json,2026-09-06,,,,,,,,230.0,0.0,0.0,,,,,,,,,,,,,,,,,,29.0,,,,False,,2026-08-22 21:03:21-07:00,0.48333333333333334,False,14,2026-08-22 21:03:21-07:00,29.0,1,-34.391304347826086,2026-08-22,False,False,38.0,False,2026-08-22,145.0,False,2026-08-22,41.0,False,2026-08-22,74.66666666666667,50.5,22,1.4785478547854787,2
627,23,2026-08-22 21:04:23-07:00,2026-08-22,21:04:23,drive_thru,car,CAR 231  (+0:33),,4,In_n_Out_log_2026-09-06_193227.json,2026-09-06,,,,,,,,231.0,0.0,0.0,,,,,,,,,,,,,,,,,,33.0,,,,False,,2026-08-22 21:03:50-07:00,0.55,False,14,2026-08-22 21:03:50-07:00,33.0,1,-30.391304347826086,2026-08-22,False,False,29.0,False,2026-08-22,38.0,False,2026-08-22,145.0,False,2026-08-22,70.66666666666667,50.5,22,1.3993399339933994,2
628,23,2026-08-22 21:05:01-07:00,2026-08-22,21:05:01,drive_thru,car,CAR 232  (+0:38),,4,In_n_Out_log_2026-09-06_193227.json,2026-09-06,,,,,,,,232.0,0.0,0.0,,,,,,,,,,,,,,,,,,38.0,,,,False,,2026-08-22 21:04:23-07:00,0.6333333333333333,False,14,2026-08-22 21:04:23-07:00,38.0,1,-25.391304347826086,2026-08-22,False,False,33.0,False,2026-08-22,29.0,False,2026-08-22,38.0,False,2026-08-22,33.333333333333336,50.5,22,0.6600660066006601,0
629,23,2026-08-22 21:05:50-07:00,2026-08-22,21:05:50,drive_thru,car,CAR 233  (+0:49),,4,In_n_Out_log_2026-09-06_193227.json,2026-09-06,,,,,,,,233.0,0.0,0.0,,,,,,,,,,,,,,,,,,49.0,,,,False,,2026-08-22 21:05:01-07:00,0.8166666666666667,False,14,2026-08-22 21:05:01-07:00,49.0,1,-14.391304347826086,2026-08-22,False,False,38.0,False,2026-08-22,33.0,False,2026-08-22,29.0,False,2026-08-22,33.333333333333336,50.5,22,0.6600660066006601,0
630,23,2026-08-22 21:06:42-07:00,2026-08-22,21:06:42,drive_thru,car,CAR 234  (+0:52),,4,In_n_Out_log_2026-09-06_193227.json,2026-09-06,,,,,,,,234.0,0.0,0.0,,,,,,,,,,,,,,,,,,52.0,,,,False,,2026-08-22 21:05:50-07:00,0.8666666666666667,False,14,2026-08-22 21:05:50-07:00,52.0,1,-11.391304347826086,2026-08-22,False,False,49.0,False,2026-08-22,38.0,False,2026-08-22,33.0,False,2026-08-22,40.0,50.5,22,0.7920792079207921,0
631,23,2026-08-22 21:08:07-07:00,2026-08-22,21:08:07,drive_thru,car,CAR 235  (+1:25),,4,In_n_Out_log_2026-09-06_193227.json,2026-09-06,,,,,,,,235.0,0.0,0.0,,,,,,,,,,,,,,,,,,85.0,,,,False,,2026-08-22 21:06:42-07:00,1.4166666666666667,False,14,2026-08-22 21:06:42-07:00,85.0,1,21.608695652173914,2026-08-22,False,False,52.0,False,2026-08-22,49.0,False,2026-08-22,38.0,False,2026-08-22,46.333333333333336,50.5,22,0.9174917491749175,1
632,23,2026-08-22 21:09:22-07:00,2026-08-22,21:09:22,drive_thru,car,CAR 236  (+1:15),,4,In_n_Out_log_2026-09-06_193227.json,2026-09-06,,,,,,,,236.0,0.0,0.0,,,,,,,,,,,,,,,,,,75.0,,,,False,,2026-08-22 21:08:07-07:00,1.25,False,14,2026-08-22 21:08:07-07:00,75.0,1,11.608695652173914,2026-08-22,False,False,85.0,False,2026-08-22,52.0,False,2026-08-22,49.0,False,2026-08-22,62.0,50.5,22,1.2277227722772277,2
633,23,2026-08-22 21:10:22-07:00,2026-08-22,21:10:22,drive_thru,car,CAR 237  (+0:59),,4,In_n_Out_log_2026-09-06_193227.json,2026-09-06,,,,,,,,237.0,0.0,0.0,,,,,,,,,,,,,,,,,,59.0,,,,False,,2026-08-22 21:09:22-07:00,1.0,False,14,2026-08-22 21:09:22-07:00,60.0,1,-3.391304347826086,2026-08-22,False,False,75.0,False,2026-08-22,85.0,False,2026-08-22,52.0,False,2026-08-22,70.66666666666667,50.5,22,1.3993399339933994,2
634,23,2026-08-22 21:11:14-07:00,2026-08-22,21:11:14,drive_thru,car,CAR 238  (+0:52),,4,In_n_Out_log_2026-09-06_193227.json,2026-09-06,,,,,,,,238.0,0.0,0.0,,,,,,,,,,,,,,,,,,52.0,,,,False,,2026-08-22 21:10:22-07:00,0.8666666666666667,False,14,2026-08-22 21:10:22-07:00,52.0,1,-11.391304347826086,2026-08-22,False,False,60.0,False,2026-08-22,75.0,False,2026-08-22,85.0,False,2026-08-22,73.33333333333333,50.5,22,1.452145214521452,2
635,23,2026-08-22 21:12:36-07:00,2026-08-22,21:12:36,drive_thru,car,CAR 239  (+1:22),,4,In_n_Out_log_2026-09-06_193227.json,2026-09-06,,,,,,,,239.0,0.0,0.0,,,,,,,,,,,,,,,,,,82.0,,,,False,,2026-08-22 21:11:14-07:00,1.3666666666666667,False,14,2026-08-22 21:11:14-07:00,82.0,1,18.608695652173914,2026-08-22,False,False,52.0,False,2026-08-22,60.0,False,2026-08-22,75.0,False,2026-08-22,62.333333333333336,50.5,22,1.2343234323432344,2
636,23,2026-08-22 21:14:01-07:00,2026-08-22,21:14:01,drive_thru,car,CAR 240  (+1:24),,4,In_n_Out_log_2026-09-06_193227.json,2026-09-06,,,,,,,,240.0,0.0,0.0,,,,,,,,,,,,,,,,,,84.0,,,,False,,2026-08-22 21:12:36-07:00,1.4166666666666667,False,14,2026-08-22 21:12:36-07:00,85.0,1,21.608695652173914,2026-08-22,False,False,82.0,False,2026-08-22,52.0,False,2026-08-22,60.0,False,2026-08-22,64.66666666666667,50.5,22,1.2805280528052807,2
637,23,2026-08-22 21:14:24-07:00,2026-08-22,21:14:24,drive_thru,car,CAR 241  (+0:24),,4,In_n_Out_log_2026-09-06_193227.json,2026-09-06,,,,,,,,241.0,0.0,0.0,,,,,,,,,,,,,,,,,,24.0,,,,False,,2026-08-22 21:14:01-07:00,0.38333333333333336,False,14,2026-08-22 21:14:01-07:00,23.0,1,-40.391304347826086,2026-08-22,False,False,85.0,False,2026-08-22,82.0,False,2026-08-22,52.0,False,2026-08-22,73.0,50.5,22,1.4455445544554455,2
638,23,2026-08-22 21:15:26-07:00,2026-08-22,21:15:26,drive_thru,car,CAR 242  (+1:02),,4,In_n_Out_log_2026-09-06_193227.json,2026-09-06,,,,,,,,242.0,0.0,0.0,,,,,,,,,,,,,,,,,,62.0,,,,False,,2026-08-22 21:14:24-07:00,1.0333333333333334,False,14,2026-08-22 21:14:24-07:00,62.0,1,-1.391304347826086,2026-08-22,False,False,23.0,False,2026-08-22,85.0,False,2026-08-22,82.0,False,2026-08-22,63.333333333333336,50.5,22,1.2541254125412542,2
660,24,2026-08-22 21:35:50-07:00,2026-08-22,21:35:50,drive_thru,car,CAR 251 — BAGS 1 BOXES 0  (+0:44),,4,In_n_Out_log_2026-09-06_193227.json,2026-09-06,,,,,,,,251.0,1.0,0.0,,,,,,,,,,,,,,,,,,44.0,,,,False,,2026-08-22 21:35:06-07:00,0.7333333333333333,False,15,2026-08-22 21:35:06-07:00,44.0,1,-5.304347826086953,2026-08-22,False,False,34.0,False,2026-08-22,83.0,False,2026-08-22,63.0,False,2026-08-22,60.0,43.0,20,1.3953488372093024,2
661,24,2026-08-22 21:36:04-07:00,2026-08-22,21:36:04,drive_thru,car,CAR 252  (+0:13),,4,In_n_Out_log_2026-09-06_193227.json,2026-09-06,,,,,,,,252.0,0.0,0.0,,,,,,,,,,,,,,,,,,13.0,,,,False,,2026-08-22 21:35:50-07:00,0.23333333333333334,False,15,2026-08-22 21:35:50-07:00,14.0,1,-35.30434782608695,2026-08-22,False,False,44.0,False,2026-08-22,34.0,False,2026-08-22,83.0,False,2026-08-22,53.666666666666664,43.0,20,1.248062015503876,2
662,24,2026-08-22 21:36:19-07:00,2026-08-22,21:36:19,drive_thru,car,CAR 253  (+0:16),,4,In_n_Out_log_2026-09-06_193227.json,2026-09-06,,,,,,,,253.0,0.0,0.0,,,,,,,,,,,,,,,,,,16.0,,,,False,,2026-08-22 21:36:04-07:00,0.25,False,15,2026-08-22 21:36:04-07:00,15.0,1,-34.30434782608695,2026-08-22,False,False,14.0,False,2026-08-22,44.0,False,2026-08-22,34.0,False,2026-08-22,30.666666666666668,43.0,20,0.7131782945736435,0
664,24,2026-08-22 21:36:55-07:00,2026-08-22,21:36:55,drive_thru,car,CAR 254 — BAGS 0 BOXES 1  (+0:36),,4,In_n_Out_log_2026-09-06_193227.json,2026-09-06,,,,,,,,254.0,0.0,1.0,,,,,,,,,,,,,,,,,,36.0,,,,False,,2026-08-22 21:36:19-07:00,0.6,False,15,2026-08-22 21:36:19-07:00,36.0,1,-13.304347826086953,2026-08-22,False,False,15.0,False,2026-08-22,14.0,False,2026-08-22,44.0,False,2026-08-22,24.333333333333332,43.0,20,0.5658914728682171,0
666,24,2026-08-22 21:37:30-07:00,2026-08-22,21:37:30,drive_thru,car,CAR 255 — BAGS 1 BOXES 0  (+0:35),,4,In_n_Out_log_2026-09-06_193227.json,2026-09-06,,,,,,,,255.0,1.0,0.0,,,,,,,,,,,,,,,,,,35.0,,,,False,,2026-08-22 21:36:55-07:00,0.5833333333333334,False,15,2026-08-22 21:36:55-07:00,35.0,1,-14.304347826086953,2026-08-22,False,False,36.0,False,2026-08-22,15.0,False,2026-08-22,14.0,False,2026-08-22,21.666666666666668,43.0,20,0.5038759689922481,0
671,24,2026-08-22 21:38:47-07:00,2026-08-22,21:38:47,drive_thru,car,CAR 256  (+1:16),,4,In_n_Out_log_2026-09-06_193227.json,2026-09-06,,,,,,,,256.0,0.0,0.0,,,,,,,,,,,,,,,,,,76.0,,,,False,,2026-08-22 21:37:30-07:00,1.2833333333333334,False,15,2026-08-22 21:37:30-07:00,77.0,1,27.695652173913047,2026-08-22,True,True,35.0,False,2026-08-22,36.0,False,2026-08-22,15.0,False,2026-08-22,28.666666666666668,43.0,20,0.6666666666666667,0
675,24,2026-08-22 21:41:39-07:00,2026-08-22,21:41:39,drive_thru,car,CAR 260  (+0:27),,4,In_n_Out_log_2026-09-06_193227.json,2026-09-06,,,,,,,,260.0,0.0,0.0,,,,,,,,,,,,,,,,,,27.0,,,,False,,2026-08-22 21:41:12-07:00,0.45,False,15,2026-08-22 21:41:12-07:00,27.0,1,-22.304347826086953,2026-08-22,False,False,75.0,False,2026-08-22,24.0,False,2026-08-22,46.0,False,2026-08-22,48.333333333333336,43.0,20,1.124031007751938,1
676,24,2026-08-22 21:42:28-07:00,2026-08-22,21:42:28,drive_thru,car,CAR 261 — BAGS 1 BOXES 0  (+0:49),,4,In_n_Out_log_2026-09-06_193227.json,2026-09-06,,,,,,,,261.0,1.0,0.0,,,,,,,,,,,,,,,,,,49.0,,,,False,,2026-08-22 21:41:39-07:00,0.8166666666666667,False,15,2026-08-22 21:41:39-07:00,49.0,1,-0.30434782608695343,2026-08-22,False,False,27.0,False,2026-08-22,75.0,False,2026-08-22,24.0,False,2026-08-22,42.0,43.0,20,0.9767441860465116,1
677,24,2026-08-22 21:43:58-07:00,2026-08-22,21:43:58,drive_thru,car,CAR 262 — BAGS 2 BOXES 0  (+1:29),,4,In_n_Out_log_2026-09-06_193227.json,2026-09-06,,,,,,,,262.0,2.0,0.0,,,,,,,,,,,,,,,,,,89.0,,,,False,,2026-08-22 21:42:28-07:00,1.5,False,15,2026-08-22 21:42:28-07:00,90.0,1,40.69565217391305,2026-08-22,False,False,49.0,False,2026-08-22,27.0,False,2026-08-22,75.0,False,2026-08-22,50.333333333333336,43.0,20,1.1705426356589148,1
678,24,2026-08-22 21:45:01-07:00,2026-08-22,21:45:01,drive_thru,car,CAR 263  (+1:03),,4,In_n_Out_log_2026-09-06_193227.json,2026-09-06,,,,,,,,263.0,0.0,0.0,,,,,,,,,,,,,,,,,,63.0,,,,False,,2026-08-22 21:43:58-07:00,1.05,False,15,2026-08-22 21:43:58-07:00,63.0,1,13.695652173913047,2026-08-22,False,False,90.0,False,2026-08-22,49.0,False,2026-08-22,27.0,False,2026-08-22,55.333333333333336,43.0,20,1.2868217054263567,2
679,24,2026-08-22 21:45:31-07:00,2026-08-22,21:45:31,drive_thru,car,CAR 264 — BAGS 2 BOXES 0  (+0:30),,4,In_n_Out_log_2026-09-06_193227.json,2026-09-06,,,,,,,,264.0,2.0,0.0,,,,,,,,,,,,,,,,,,30.0,,,,False,,2026-08-22 21:45:01-07:00,0.5,False,15,2026-08-22 21:45:01-07:00,30.0,1,-19.304347826086953,2026-08-22,False,False,63.0,False,2026-08-22,90.0,False,2026-08-22,49.0,False,2026-08-22,67.33333333333333,43.0,20,1.565891472868217,2
680,24,2026-08-22 21:46:07-07:00,2026-08-22,21:46:07,drive_thru,car,CAR 265 — BAGS 2 BOXES 0  (+0:36),,4,In_n_Out_log_2026-09-06_193227.json,2026-09-06,,,,,,,,265.0,2.0,0.0,,,,,,,,,,,,,,,,,,36.0,,,,False,,2026-08-22 21:45:31-07:00,0.6,False,15,2026-08-22 21:45:31-07:00,36.0,1,-13.304347826086953,2026-08-22,False,False,30.0,False,2026-08-22,63.0,False,2026-08-22,90.0,False,2026-08-22,61.0,43.0,20,1.4186046511627908,2
681,24,2026-08-22 21:47:06-07:00,2026-08-22,21:47:06,drive_thru,car,CAR 266  (+0:59),,4,In_n_Out_log_2026-09-06_193227.json,2026-09-06,,,,,,,,266.0,0.0,0.0,,,,,,,,,,,,,,,,,,59.0,,,,False,,2026-08-22 21:46:07-07:00,0.9833333333333333,False,15,2026-08-22 21:46:07-07:00,59.0,1,9.695652173913047,2026-08-22,False,False,36.0,False,2026-08-22,30.0,False,2026-08-22,63.0,False,2026-08-22,43.0,43.0,20,1.0,1
694,25,2026-08-23 12:52:43-07:00,2026-08-23,12:52:43,drive_thru,car,CAR 272  (+0:21),,4,In_n_Out_log_2026-09-06_193227.json,2026-09-06,,,,,,,,272.0,0.0,0.0,,,,,,,,,,,,,,,,,,21.0,,,,False,,2026-08-23 12:52:22-07:00,0.35,False,16,2026-08-23 12:52:22-07:00,21.0,1,-58.41463414634147,2026-08-23,False,False,83.0,False,2026-08-23,19.0,False,2026-08-23,60.0,False,2026-08-23,54.0,82.0,40,0.6585365853658537,0
695,25,2026-08-23 12:53:36-07:00,2026-08-23,12:53:36,drive_thru,car,CAR 273  (+0:53),,4,In_n_Out_log_2026-09-06_193227.json,2026-09-06,,,,,,,,273.0,0.0,0.0,,,,,,,,,,,,,,,,,,53.0,,,,False,,2026-08-23 12:52:43-07:00,0.8833333333333333,False,16,2026-08-23 12:52:43-07:00,53.0,1,-26.41463414634147,2026-08-23,False,False,21.0,False,2026-08-23,83.0,False,2026-08-23,19.0,False,2026-08-23,41.0,82.0,40,0.5,0
696,25,2026-08-23 12:54:16-07:00,2026-08-23,12:54:16,drive_thru,car,CAR 274  (+0:40),,4,In_n_Out_log_2026-09-06_193227.json,2026-09-06,,,,,,,,274.0,0.0,0.0,,,,,,,,,,,,,,,,,,40.0,,,,False,,2026-08-23 12:53:36-07:00,0.6666666666666666,False,16,2026-08-23 12:53:36-07:00,40.0,1,-39.41463414634147,2026-08-23,False,False,53.0,False,2026-08-23,21.0,False,2026-08-23,83.0,False,2026-08-23,52.333333333333336,82.0,40,0.6382113821138211,0
697,25,2026-08-23 12:55:21-07:00,2026-08-23,12:55:21,drive_thru,car,CAR 275  (+1:05),,4,In_n_Out_log_2026-09-06_193227.json,2026-09-06,,,,,,,,275.0,0.0,0.0,,,,,,,,,,,,,,,,,,65.0,,,,False,,2026-08-23 12:54:16-07:00,1.0833333333333333,False,16,2026-08-23 12:54:16-07:00,65.0,1,-14.41463414634147,2026-08-23,False,False,40.0,False,2026-08-23,53.0,False,2026-08-23,21.0,False,2026-08-23,38.0,82.0,40,0.4634146341463415,0
698,25,2026-08-23 12:56:25-07:00,2026-08-23,12:56:25,drive_thru,car,CAR 276  (+1:04),,4,In_n_Out_log_2026-09-06_193227.json,2026-09-06,,,,,,,,276.0,0.0,0.0,,,,,,,,,,,,,,,,,,64.0,,,,False,,2026-08-23 12:55:21-07:00,1.0666666666666667,False,16,2026-08-23 12:55:21-07:00,64.0,1,-15.41463414634147,2026-08-23,False,False,65.0,False,2026-08-23,40.0,False,2026-08-23,53.0,False,2026-08-23,52.666666666666664,82.0,40,0.6422764227642276,0
699,25,2026-08-23 12:58:09-07:00,2026-08-23,12:58:09,drive_thru,car,CAR 277  (+1:45),,4,In_n_Out_log_2026-09-06_193227.json,2026-09-06,,,,,,,,277.0,0.0,0.0,,,,,,,,,,,,,,,,,,105.0,,,,False,,2026-08-23 12:56:25-07:00,1.7333333333333334,False,16,2026-08-23 12:56:25-07:00,104.0,1,24.58536585365853,2026-08-23,False,False,64.0,False,2026-08-23,65.0,False,2026-08-23,40.0,False,2026-08-23,56.333333333333336,82.0,40,0.6869918699186992,0
700,25,2026-08-23 12:58:59-07:00,2026-08-23,12:58:59,drive_thru,car,CAR 278  (+0:49),,4,In_n_Out_log_2026-09-06_193227.json,2026-09-06,,,,,,,,278.0,0.0,0.0,,,,,,,,,,,,,,,,,,49.0,,,,False,,2026-08-23 12:58:09-07:00,0.8333333333333334,False,16,2026-08-23 12:58:09-07:00,50.0,1,-29.41463414634147,2026-08-23,False,False,104.0,False,2026-08-23,64.0,False,2026-08-23,65.0,False,2026-08-23,77.66666666666667,82.0,40,0.9471544715447155,1
701,25,2026-08-23 13:00:16-07:00,2026-08-23,13:00:16,drive_thru,car,CAR 279  (+1:17),,4,In_n_Out_log_2026-09-06_193227.json,2026-09-06,,,,,,,,279.0,0.0,0.0,,,,,,,,,,,,,,,,,,77.0,,,,False,,2026-08-23 12:58:59-07:00,1.2833333333333334,False,16,2026-08-23 12:58:59-07:00,77.0,1,-2.41463414634147,2026-08-23,False,False,50.0,False,2026-08-23,104.0,False,2026-08-23,64.0,False,2026-08-23,72.66666666666667,82.0,40,0.8861788617886179,0
703,25,2026-08-23 13:01:18-07:00,2026-08-23,13:01:18,drive_thru,car,CAR 280  (+1:02),,4,In_n_Out_log_2026-09-06_193227.json,2026-09-06,,,,,,,,280.0,0.0,0.0,,,,,,,,,,,,,,,,,,62.0,,,,False,,2026-08-23 13:00:16-07:00,1.0333333333333334,False,16,2026-08-23 13:00:16-07:00,62.0,1,-17.41463414634147,2026-08-23,False,False,77.0,False,2026-08-23,50.0,False,2026-08-23,104.0,False,2026-08-23,77.0,82.0,40,0.9390243902439024,1
704,25,2026-08-23 13:02:18-07:00,2026-08-23,13:02:18,drive_thru,car,CAR 281  (+1:00),,4,In_n_Out_log_2026-09-06_193227.json,2026-09-06,,,,,,,,281.0,0.0,0.0,,,,,,,,,,,,,,,,,,60.0,,,,False,,2026-08-23 13:01:18-07:00,1.0,False,16,2026-08-23 13:01:18-07:00,60.0,1,-19.41463414634147,2026-08-23,False,False,62.0,False,2026-08-23,77.0,False,2026-08-23,50.0,False,2026-08-23,63.0,82.0,40,0.7682926829268293,0
705,25,2026-08-23 13:04:07-07:00,2026-08-23,13:04:07,drive_thru,car,CAR 282  (+1:49),,4,In_n_Out_log_2026-09-06_193227.json,2026-09-06,,,,,,,,282.0,0.0,0.0,,,,,,,,,,,,,,,,,,109.0,,,,False,,2026-08-23 13:02:18-07:00,1.8166666666666667,False,16,2026-08-23 13:02:18-07:00,109.0,1,29.58536585365853,2026-08-23,False,False,60.0,False,2026-08-23,62.0,False,2026-08-23,77.0,False,2026-08-23,66.33333333333333,82.0,40,0.8089430894308942,0
706,25,2026-08-23 13:05:45-07:00,2026-08-23,13:05:45,drive_thru,car,CAR 283  (+1:37),,4,In_n_Out_log_2026-09-06_193227.json,2026-09-06,,,,,,,,283.0,0.0,0.0,,,,,,,,,,,,,,,,,,97.0,,,,False,,2026-08-23 13:04:07-07:00,1.6333333333333333,False,16,2026-08-23 13:04:07-07:00,98.0,1,18.58536585365853,2026-08-23,False,False,109.0,False,2026-08-23,60.0,False,2026-08-23,62.0,False,2026-08-23,77.0,82.0,40,0.9390243902439024,1
707,25,2026-08-23 13:07:05-07:00,2026-08-23,13:07:05,drive_thru,car,CAR 284  (+1:21),,4,In_n_Out_log_2026-09-06_193227.json,2026-09-06,,,,,,,,284.0,0.0,0.0,,,,,,,,,,,,,,,,,,81.0,,,,False,,2026-08-23 13:05:45-07:00,1.3333333333333333,False,16,2026-08-23 13:05:45-07:00,80.0,1,0.58536585365853,2026-08-23,False,False,98.0,False,2026-08-23,109.0,False,2026-08-23,60.0,False,2026-08-23,89.0,82.0,40,1.0853658536585367,1
708,25,2026-08-23 13:08:05-07:00,2026-08-23,13:08:05,drive_thru,car,CAR 285  (+1:00),,4,In_n_Out_log_2026-09-06_193227.json,2026-09-06,,,,,,,,285.0,0.0,0.0,,,,,,,,,,,,,,,,,,60.0,,,,False,,2026-08-23 13:07:05-07:00,1.0,False,16,2026-08-23 13:07:05-07:00,60.0,1,-19.41463414634147,2026-08-23,False,False,80.0,False,2026-08-23,98.0,False,2026-08-23,109.0,False,2026-08-23,95.66666666666667,82.0,40,1.1666666666666667,1
709,25,2026-08-23 13:08:40-07:00,2026-08-23,13:08:40,drive_thru,car,CAR 286  (+0:34),,4,In_n_Out_log_2026-09-06_193227.json,2026-09-06,,,,,,,,286.0,0.0,0.0,,,,,,,,,,,,,,,,,,34.0,,,,False,,2026-08-23 13:08:05-07:00,0.5833333333333334,False,16,2026-08-23 13:08:05-07:00,35.0,1,-44.41463414634147,2026-08-23,False,False,60.0,False,2026-08-23,80.0,False,2026-08-23,98.0,False,2026-08-23,79.33333333333333,82.0,40,0.9674796747967479,1
710,25,2026-08-23 13:11:30-07:00,2026-08-23,13:11:30,drive_thru,car,CAR 287  (+2:50),,4,In_n_Out_log_2026-09-06_193227.json,2026-09-06,,,,,,,,287.0,0.0,0.0,,,,,,,,,,,,,,,,,,170.0,,,,False,,2026-08-23 13:08:40-07:00,2.8333333333333335,False,16,2026-08-23 13:08:40-07:00,170.0,1,90.58536585365853,2026-08-23,False,False,35.0,False,2026-08-23,60.0,False,2026-08-23,80.0,False,2026-08-23,58.333333333333336,82.0,40,0.7113821138211383,0
712,25,2026-08-23 13:13:05-07:00,2026-08-23,13:13:05,drive_thru,car,CAR 288  (+1:35),,4,In_n_Out_log_2026-09-06_193227.json,2026-09-06,,,,,,,,288.0,0.0,0.0,,,,,,,,,,,,,,,,,,95.0,,,,False,,2026-08-23 13:11:30-07:00,1.5833333333333333,False,16,2026-08-23 13:11:30-07:00,95.0,1,15.58536585365853,2026-08-23,False,False,170.0,False,2026-08-23,35.0,False,2026-08-23,60.0,False,2026-08-23,88.33333333333333,82.0,40,1.0772357723577235,1
713,25,2026-08-23 13:13:47-07:00,2026-08-23,13:13:47,drive_thru,car,CAR 289  (+0:43),,4,In_n_Out_log_2026-09-06_193227.json,2026-09-06,,,,,,,,289.0,0.0,0.0,,,,,,,,,,,,,,,,,,43.0,,,,False,,2026-08-23 13:13:05-07:00,0.7,False,16,2026-08-23 13:13:05-07:00,42.0,1,-37.41463414634147,2026-08-23,False,False,95.0,False,2026-08-23,170.0,False,2026-08-23,35.0,False,2026-08-23,100.0,82.0,40,1.2195121951219512,2
715,25,2026-08-23 13:15:44-07:00,2026-08-23,13:15:44,drive_thru,car,CAR 290  (+1:57),,4,In_n_Out_log_2026-09-06_193227.json,2026-09-06,,,,,,,,290.0,0.0,0.0,,,,,,,,,,,,,,,,,,117.0,,,,False,,2026-08-23 13:13:47-07:00,1.95,False,16,2026-08-23 13:13:47-07:00,117.0,1,37.58536585365853,2026-08-23,False,False,42.0,False,2026-08-23,95.0,False,2026-08-23,170.0,False,2026-08-23,102.33333333333333,82.0,40,1.2479674796747966,2
716,25,2026-08-23 13:17:28-07:00,2026-08-23,13:17:28,drive_thru,car,CAR 291  (+1:43),,4,In_n_Out_log_2026-09-06_193227.json,2026-09-06,,,,,,,,291.0,0.0,0.0,,,,,,,,,,,,,,,,,,103.0,,,,False,,2026-08-23 13:15:44-07:00,1.7333333333333334,False,16,2026-08-23 13:15:44-07:00,104.0,1,24.58536585365853,2026-08-23,False,False,117.0,False,2026-08-23,42.0,False,2026-08-23,95.0,False,2026-08-23,84.66666666666667,82.0,40,1.032520325203252,1
718,25,2026-08-23 13:19:04-07:00,2026-08-23,13:19:04,drive_thru,car,CAR 292  (+1:36),,4,In_n_Out_log_2026-09-06_193227.json,2026-09-06,,,,,,,,292.0,0.0,0.0,,,,,,,,,,,,,,,,,,96.0,,,,False,,2026-08-23 13:17:28-07:00,1.6,False,16,2026-08-23 13:17:28-07:00,96.0,1,16.58536585365853,2026-08-23,False,False,104.0,False,2026-08-23,117.0,False,2026-08-23,42.0,False,2026-08-23,87.66666666666667,82.0,40,1.0691056910569106,1
720,25,2026-08-23 13:20:58-07:00,2026-08-23,13:20:58,drive_thru,car,CAR 293  (+1:55),,4,In_n_Out_log_2026-09-06_193227.json,2026-09-06,,,,,,,,293.0,0.0,0.0,,,,,,,,,,,,,,,,,,115.0,,,,False,,2026-08-23 13:19:04-07:00,1.9,False,16,2026-08-23 13:19:04-07:00,114.0,1,34.58536585365853,2026-08-23,False,False,96.0,False,2026-08-23,104.0,False,2026-08-23,117.0,False,2026-08-23,105.66666666666667,82.0,40,1.2886178861788617,2
721,25,2026-08-23 13:21:29-07:00,2026-08-23,13:21:29,drive_thru,car,CAR 294  (+0:31),,4,In_n_Out_log_2026-09-06_193227.json,2026-09-06,,,,,,,,294.0,0.0,0.0,,,,,,,,,,,,,,,,,,31.0,,,,False,,2026-08-23 13:20:58-07:00,0.5166666666666667,False,16,2026-08-23 13:20:58-07:00,31.0,1,-48.41463414634147,2026-08-23,False,False,114.0,False,2026-08-23,96.0,False,2026-08-23,104.0,False,2026-08-23,104.66666666666667,82.0,40,1.2764227642276422,2
722,25,2026-08-23 13:22:12-07:00,2026-08-23,13:22:12,drive_thru,car,CAR 295 — BAGS 2 BOXES 0  (+0:42),,4,In_n_Out_log_2026-09-06_193227.json,2026-09-06,,,,,,,,295.0,2.0,0.0,,,,,,,,,,,,,,,,,,42.0,,,,False,,2026-08-23 13:21:29-07:00,0.7166666666666667,False,16,2026-08-23 13:21:29-07:00,43.0,1,-36.41463414634147,2026-08-23,False,False,31.0,False,2026-08-23,114.0,False,2026-08-23,96.0,False,2026-08-23,80.33333333333333,82.0,40,0.9796747967479674,1
724,25,2026-08-23 13:23:36-07:00,2026-08-23,13:23:36,drive_thru,car,CAR 296 — BAGS 2 BOXES 0  (+1:24),,4,In_n_Out_log_2026-09-06_193227.json,2026-09-06,,,,,,,,296.0,2.0,0.0,,,,,,,,,,,,,,,,,,84.0,,,,False,,2026-08-23 13:22:12-07:00,1.4,False,16,2026-08-23 13:22:12-07:00,84.0,1,4.58536585365853,2026-08-23,False,False,43.0,False,2026-08-23,31.0,False,2026-08-23,114.0,False,2026-08-23,62.666666666666664,82.0,40,0.7642276422764227,0
732,25,2026-08-23 13:30:37-07:00,2026-08-23,13:30:37,drive_thru,car,CAR 301  (+1:49),,4,In_n_Out_log_2026-09-06_193227.json,2026-09-06,,,,,,,,301.0,0.0,0.0,,,,,,,,,,,,,,,,,,109.0,,,,False,,2026-08-23 13:28:48-07:00,1.8166666666666667,False,16,2026-08-23 13:28:48-07:00,109.0,2,29.58536585365853,2026-08-23,False,False,92.0,False,2026-08-23,137.0,False,2026-08-23,83.0,False,2026-08-23,104.0,82.0,40,1.2682926829268293,2
733,25,2026-08-23 13:31:58-07:00,2026-08-23,13:31:58,drive_thru,car,CAR 302  (+1:22),,4,In_n_Out_log_2026-09-06_193227.json,2026-09-06,,,,,,,,302.0,0.0,0.0,,,,,,,,,,,,,,,,,,82.0,,,,False,,2026-08-23 13:30:37-07:00,1.35,False,16,2026-08-23 13:30:37-07:00,81.0,2,1.58536585365853,2026-08-23,False,False,109.0,False,2026-08-23,92.0,False,2026-08-23,137.0,False,2026-08-23,112.66666666666667,82.0,40,1.3739837398373984,2
735,25,2026-08-23 13:33:48-07:00,2026-08-23,13:33:48,drive_thru,car,CAR 303  (+1:49),,4,In_n_Out_log_2026-09-06_193227.json,2026-09-06,,,,,,,,303.0,0.0,0.0,,,,,,,,,,,,,,,,,,109.0,,,,False,,2026-08-23 13:31:58-07:00,1.8333333333333333,False,16,2026-08-23 13:31:58-07:00,110.0,2,30.58536585365853,2026-08-23,False,False,81.0,False,2026-08-23,109.0,False,2026-08-23,92.0,False,2026-08-23,94.0,82.0,40,1.146341463414634,1
737,25,2026-08-23 13:35:21-07:00,2026-08-23,13:35:21,drive_thru,car,CAR 304  (+1:34),,4,In_n_Out_log_2026-09-06_193227.json,2026-09-06,,,,,,,,304.0,0.0,0.0,,,,,,,,,,,,,,,,,,94.0,,,,False,,2026-08-23 13:33:48-07:00,1.55,False,16,2026-08-23 13:33:48-07:00,93.0,2,13.58536585365853,2026-08-23,False,False,110.0,False,2026-08-23,81.0,False,2026-08-23,109.0,False,2026-08-23,100.0,82.0,40,1.2195121951219512,2
738,25,2026-08-23 13:37:03-07:00,2026-08-23,13:37:03,drive_thru,car,CAR 305  (+1:42),,4,In_n_Out_log_2026-09-06_193227.json,2026-09-06,,,,,,,,305.0,0.0,0.0,,,,,,,,,,,,,,,,,,102.0,,,,False,,2026-08-23 13:35:21-07:00,1.7,False,16,2026-08-23 13:35:21-07:00,102.0,2,22.58536585365853,2026-08-23,False,False,93.0,False,2026-08-23,110.0,False,2026-08-23,81.0,False,2026-08-23,94.66666666666667,82.0,40,1.1544715447154472,1
740,25,2026-08-23 13:38:31-07:00,2026-08-23,13:38:31,drive_thru,car,CAR 306  (+1:27),,4,In_n_Out_log_2026-09-06_193227.json,2026-09-06,,,,,,,,306.0,0.0,0.0,,,,,,,,,,,,,,,,,,87.0,,,,False,,2026-08-23 13:37:03-07:00,1.4666666666666666,False,16,2026-08-23 13:37:03-07:00,88.0,2,8.58536585365853,2026-08-23,False,False,102.0,False,2026-08-23,93.0,False,2026-08-23,110.0,False,2026-08-23,101.66666666666667,82.0,40,1.2398373983739839,2
741,25,2026-08-23 13:40:27-07:00,2026-08-23,13:40:27,drive_thru,car,CAR 307  (+1:57),,4,In_n_Out_log_2026-09-06_193227.json,2026-09-06,,,,,,,,307.0,0.0,0.0,,,,,,,,,,,,,,,,,,117.0,,,,False,,2026-08-23 13:38:31-07:00,1.9333333333333333,False,16,2026-08-23 13:38:31-07:00,116.0,2,36.58536585365853,2026-08-23,False,False,88.0,False,2026-08-23,102.0,False,2026-08-23,93.0,False,2026-08-23,94.33333333333333,82.0,40,1.1504065040650406,1
742,25,2026-08-23 13:41:16-07:00,2026-08-23,13:41:16,drive_thru,car,CAR 308  (+0:48),,4,In_n_Out_log_2026-09-06_193227.json,2026-09-06,,,,,,,,308.0,0.0,0.0,,,,,,,,,,,,,,,,,,48.0,,,,False,,2026-08-23 13:40:27-07:00,0.8166666666666667,False,16,2026-08-23 13:40:27-07:00,49.0,2,-30.41463414634147,2026-08-23,False,False,116.0,False,2026-08-23,88.0,False,2026-08-23,102.0,False,2026-08-23,102.0,82.0,40,1.2439024390243902,2
746,25,2026-08-23 13:41:55-07:00,2026-08-23,13:41:55,drive_thru,car,CAR 309  (+0:39),,4,In_n_Out_log_2026-09-06_193227.json,2026-09-06,,,,,,,,309.0,0.0,0.0,,,,,,,,,,,,,,,,,,39.0,,,,False,,2026-08-23 13:41:16-07:00,0.65,False,16,2026-08-23 13:41:16-07:00,39.0,2,-40.41463414634147,2026-08-23,False,False,49.0,False,2026-08-23,116.0,False,2026-08-23,88.0,False,2026-08-23,84.33333333333333,82.0,40,1.0284552845528454,1
795,28,2026-08-23 14:25:14-07:00,2026-08-23,14:25:14,drive_thru,car,CAR 314  (+1:02),,4,In_n_Out_log_2026-09-06_193227.json,2026-09-06,,,,,,,,314.0,0.0,0.0,,,,,,,,,,,,,,,,,,62.0,,,,False,,2026-08-23 14:24:12-07:00,1.0333333333333334,False,17,2026-08-23 14:24:12-07:00,62.0,1,-25.78378378378379,2026-08-23,False,False,34.0,False,2026-08-23,111.0,False,2026-08-23,180.0,False,2026-08-23,108.33333333333333,73.0,34,1.4840182648401825,2
798,28,2026-08-23 14:27:59-07:00,2026-08-23,14:27:59,drive_thru,car,CAR 315  (+2:44),,4,In_n_Out_log_2026-09-06_193227.json,2026-09-06,,,,,,,,315.0,0.0,0.0,,,,,,,,,,,,,,,,,,164.0,,,,False,,2026-08-23 14:25:14-07:00,2.75,False,17,2026-08-23 14:25:14-07:00,165.0,1,77.21621621621621,2026-08-23,True,True,62.0,False,2026-08-23,34.0,False,2026-08-23,111.0,False,2026-08-23,69.0,73.0,34,0.9452054794520548,1
802,28,2026-08-23 14:31:54-07:00,2026-08-23,14:31:54,drive_thru,car,CAR 319  (+0:48),,4,In_n_Out_log_2026-09-06_193227.json,2026-09-06,,,,,,,,319.0,0.0,0.0,,,,,,,,,,,,,,,,,,48.0,,,,False,,2026-08-23 14:31:06-07:00,0.8,False,17,2026-08-23 14:31:06-07:00,48.0,1,-39.78378378378379,2026-08-23,False,False,40.0,False,2026-08-23,82.0,False,2026-08-23,65.0,False,2026-08-23,62.333333333333336,73.0,34,0.8538812785388128,0
805,28,2026-08-23 14:33:03-07:00,2026-08-23,14:33:03,drive_thru,car,CAR 320  (+1:10),,4,In_n_Out_log_2026-09-06_193227.json,2026-09-06,,,,,,,,320.0,0.0,0.0,,,,,,,,,,,,,,,,,,70.0,,,,False,,2026-08-23 14:31:54-07:00,1.15,False,17,2026-08-23 14:31:54-07:00,69.0,1,-18.78378378378379,2026-08-23,False,False,48.0,False,2026-08-23,40.0,False,2026-08-23,82.0,False,2026-08-23,56.666666666666664,73.0,34,0.776255707762557,0
806,28,2026-08-23 14:34:40-07:00,2026-08-23,14:34:40,drive_thru,car,CAR 321  (+1:37),,4,In_n_Out_log_2026-09-06_193227.json,2026-09-06,,,,,,,,321.0,0.0,0.0,,,,,,,,,,,,,,,,,,97.0,,,,False,,2026-08-23 14:33:03-07:00,1.6166666666666667,False,17,2026-08-23 14:33:03-07:00,97.0,1,9.21621621621621,2026-08-23,False,False,69.0,False,2026-08-23,48.0,False,2026-08-23,40.0,False,2026-08-23,52.333333333333336,73.0,34,0.7168949771689498,0
807,28,2026-08-23 14:35:57-07:00,2026-08-23,14:35:57,drive_thru,car,CAR 322  (+1:17),,4,In_n_Out_log_2026-09-06_193227.json,2026-09-06,,,,,,,,322.0,0.0,0.0,,,,,,,,,,,,,,,,,,77.0,,,,False,,2026-08-23 14:34:40-07:00,1.2833333333333334,False,17,2026-08-23 14:34:40-07:00,77.0,1,-10.78378378378379,2026-08-23,False,False,97.0,False,2026-08-23,69.0,False,2026-08-23,48.0,False,2026-08-23,71.33333333333333,73.0,34,0.9771689497716894,1
812,28,2026-08-23 14:38:51-07:00,2026-08-23,14:38:51,drive_thru,car,CAR 323 — BAGS 1 BOXES 2  (+2:53),,4,In_n_Out_log_2026-09-06_193227.json,2026-09-06,,,,,,,,323.0,1.0,2.0,,,,,,,,,,,,,,,,,,173.0,,,,False,,2026-08-23 14:35:57-07:00,2.9,False,17,2026-08-23 14:35:57-07:00,174.0,1,86.21621621621621,2026-08-23,False,False,77.0,False,2026-08-23,97.0,False,2026-08-23,69.0,False,2026-08-23,81.0,73.0,34,1.1095890410958904,1
813,28,2026-08-23 14:40:02-07:00,2026-08-23,14:40:02,drive_thru,car,CAR 324  (+1:12),,4,In_n_Out_log_2026-09-06_193227.json,2026-09-06,,,,,,,,324.0,0.0,0.0,,,,,,,,,,,,,,,,,,72.0,,,,False,,2026-08-23 14:38:51-07:00,1.1833333333333333,False,17,2026-08-23 14:38:51-07:00,71.0,1,-16.78378378378379,2026-08-23,False,False,174.0,False,2026-08-23,77.0,False,2026-08-23,97.0,False,2026-08-23,116.0,73.0,34,1.5890410958904109,2
814,28,2026-08-23 14:41:17-07:00,2026-08-23,14:41:17,drive_thru,car,CAR 325  (+1:15),,4,In_n_Out_log_2026-09-06_193227.json,2026-09-06,,,,,,,,325.0,0.0,0.0,,,,,,,,,,,,,,,,,,75.0,,,,False,,2026-08-23 14:40:02-07:00,1.25,False,17,2026-08-23 14:40:02-07:00,75.0,1,-12.78378378378379,2026-08-23,False,False,71.0,False,2026-08-23,174.0,False,2026-08-23,77.0,False,2026-08-23,107.33333333333333,73.0,34,1.4703196347031964,2
815,28,2026-08-23 14:42:58-07:00,2026-08-23,14:42:58,drive_thru,car,CAR 326  (+1:41),,4,In_n_Out_log_2026-09-06_193227.json,2026-09-06,,,,,,,,326.0,0.0,0.0,,,,,,,,,,,,,,,,,,101.0,,,,False,,2026-08-23 14:41:17-07:00,1.6833333333333333,False,17,2026-08-23 14:41:17-07:00,101.0,1,13.21621621621621,2026-08-23,False,False,75.0,False,2026-08-23,71.0,False,2026-08-23,174.0,False,2026-08-23,106.66666666666667,73.0,34,1.4611872146118723,2
816,28,2026-08-23 14:44:04-07:00,2026-08-23,14:44:04,drive_thru,car,CAR 327  (+1:06),,4,In_n_Out_log_2026-09-06_193227.json,2026-09-06,,,,,,,,327.0,0.0,0.0,,,,,,,,,,,,,,,,,,66.0,,,,False,,2026-08-23 14:42:58-07:00,1.1,False,17,2026-08-23 14:42:58-07:00,66.0,1,-21.78378378378379,2026-08-23,False,False,101.0,False,2026-08-23,75.0,False,2026-08-23,71.0,False,2026-08-23,82.33333333333333,73.0,34,1.1278538812785388,1
817,28,2026-08-23 14:45:26-07:00,2026-08-23,14:45:26,drive_thru,car,CAR 328  (+1:22),,4,In_n_Out_log_2026-09-06_193227.json,2026-09-06,,,,,,,,328.0,0.0,0.0,,,,,,,,,,,,,,,,,,82.0,,,,False,,2026-08-23 14:44:04-07:00,1.3666666666666667,False,17,2026-08-23 14:44:04-07:00,82.0,1,-5.7837837837837895,2026-08-23,False,False,66.0,False,2026-08-23,101.0,False,2026-08-23,75.0,False,2026-08-23,80.66666666666667,73.0,34,1.1050228310502284,1
819,28,2026-08-23 14:47:25-07:00,2026-08-23,14:47:25,drive_thru,car,CAR 329  (+1:59),,4,In_n_Out_log_2026-09-06_193227.json,2026-09-06,,,,,,,,329.0,0.0,0.0,,,,,,,,,,,,,,,,,,119.0,,,,False,,2026-08-23 14:45:26-07:00,1.9833333333333334,False,17,2026-08-23 14:45:26-07:00,119.0,1,31.21621621621621,2026-08-23,False,False,82.0,False,2026-08-23,66.0,False,2026-08-23,101.0,False,2026-08-23,83.0,73.0,34,1.1369863013698631,1
820,28,2026-08-23 14:49:47-07:00,2026-08-23,14:49:47,drive_thru,car,CAR 330  (+2:22),,4,In_n_Out_log_2026-09-06_193227.json,2026-09-06,,,,,,,,330.0,0.0,0.0,,,,,,,,,,,,,,,,,,142.0,,,,False,,2026-08-23 14:47:25-07:00,2.3666666666666667,False,17,2026-08-23 14:47:25-07:00,142.0,1,54.21621621621621,2026-08-23,False,False,119.0,False,2026-08-23,82.0,False,2026-08-23,66.0,False,2026-08-23,89.0,73.0,34,1.2191780821917808,2
821,28,2026-08-23 14:50:05-07:00,2026-08-23,14:50:05,drive_thru,car,CAR 331  (+0:18),,4,In_n_Out_log_2026-09-06_193227.json,2026-09-06,,,,,,,,331.0,0.0,0.0,,,,,,,,,,,,,,,,,,18.0,,,,False,,2026-08-23 14:49:47-07:00,0.3,False,17,2026-08-23 14:49:47-07:00,18.0,1,-69.78378378378379,2026-08-23,False,False,142.0,False,2026-08-23,119.0,False,2026-08-23,82.0,False,2026-08-23,114.33333333333333,73.0,34,1.5662100456621004,2
822,28,2026-08-23 14:51:42-07:00,2026-08-23,14:51:42,drive_thru,car,CAR 332  (+1:37),,4,In_n_Out_log_2026-09-06_193227.json,2026-09-06,,,,,,,,332.0,0.0,0.0,,,,,,,,,,,,,,,,,,97.0,,,,False,,2026-08-23 14:50:05-07:00,1.6166666666666667,False,17,2026-08-23 14:50:05-07:00,97.0,1,9.21621621621621,2026-08-23,False,False,18.0,False,2026-08-23,142.0,False,2026-08-23,119.0,False,2026-08-23,93.0,73.0,34,1.273972602739726,2
823,28,2026-08-23 14:52:50-07:00,2026-08-23,14:52:50,drive_thru,car,CAR 333  (+1:08),,4,In_n_Out_log_2026-09-06_193227.json,2026-09-06,,,,,,,,333.0,0.0,0.0,,,,,,,,,,,,,,,,,,68.0,,,,False,,2026-08-23 14:51:42-07:00,1.1333333333333333,False,17,2026-08-23 14:51:42-07:00,68.0,1,-19.78378378378379,2026-08-23,False,False,97.0,False,2026-08-23,18.0,False,2026-08-23,142.0,False,2026-08-23,85.66666666666667,73.0,34,1.17351598173516,1
825,28,2026-08-23 14:53:32-07:00,2026-08-23,14:53:32,drive_thru,car,CAR 334  (+0:43),,4,In_n_Out_log_2026-09-06_193227.json,2026-09-06,,,,,,,,334.0,0.0,0.0,,,,,,,,,,,,,,,,,,43.0,,,,False,,2026-08-23 14:52:50-07:00,0.7,False,17,2026-08-23 14:52:50-07:00,42.0,1,-45.78378378378379,2026-08-23,False,False,68.0,False,2026-08-23,97.0,False,2026-08-23,18.0,False,2026-08-23,61.0,73.0,34,0.8356164383561644,0
826,28,2026-08-23 14:54:05-07:00,2026-08-23,14:54:05,drive_thru,car,CAR 335  (+0:33),,4,In_n_Out_log_2026-09-06_193227.json,2026-09-06,,,,,,,,335.0,0.0,0.0,,,,,,,,,,,,,,,,,,33.0,,,,False,,2026-08-23 14:53:32-07:00,0.55,False,17,2026-08-23 14:53:32-07:00,33.0,1,-54.78378378378379,2026-08-23,False,False,42.0,False,2026-08-23,68.0,False,2026-08-23,97.0,False,2026-08-23,69.0,73.0,34,0.9452054794520548,1
827,28,2026-08-23 14:54:41-07:00,2026-08-23,14:54:41,drive_thru,car,CAR 336 — BAGS 1 BOXES 0  (+0:36),,4,In_n_Out_log_2026-09-06_193227.json,2026-09-06,,,,,,,,336.0,1.0,0.0,,,,,,,,,,,,,,,,,,36.0,,,,False,,2026-08-23 14:54:05-07:00,0.6,False,17,2026-08-23 14:54:05-07:00,36.0,1,-51.78378378378379,2026-08-23,False,False,33.0,False,2026-08-23,42.0,False,2026-08-23,68.0,False,2026-08-23,47.666666666666664,73.0,34,0.6529680365296804,0
829,28,2026-08-23 14:55:30-07:00,2026-08-23,14:55:30,drive_thru,car,CAR 337 — BAGS 2 BOXES 0  (+0:49),,4,In_n_Out_log_2026-09-06_193227.json,2026-09-06,,,,,,,,337.0,2.0,0.0,,,,,,,,,,,,,,,,,,49.0,,,,False,,2026-08-23 14:54:41-07:00,0.8166666666666667,False,17,2026-08-23 14:54:41-07:00,49.0,1,-38.78378378378379,2026-08-23,False,False,36.0,False,2026-08-23,33.0,False,2026-08-23,42.0,False,2026-08-23,37.0,73.0,34,0.5068493150684932,0
832,28,2026-08-23 14:59:19-07:00,2026-08-23,14:59:19,drive_thru,car,CAR 338  (+3:50),,4,In_n_Out_log_2026-09-06_193227.json,2026-09-06,,,,,,,,338.0,0.0,0.0,,,,,,,,,,,,,,,,,,230.0,,,,False,,2026-08-23 14:55:30-07:00,3.816666666666667,False,17,2026-08-23 14:55:30-07:00,229.0,1,141.2162162162162,2026-08-23,True,True,49.0,False,2026-08-23,36.0,False,2026-08-23,33.0,False,2026-08-23,39.333333333333336,73.0,34,0.5388127853881279,0
836,28,2026-08-23 15:07:42-07:00,2026-08-23,15:07:42,drive_thru,car,CAR 342  (+2:39),,4,In_n_Out_log_2026-09-06_193227.json,2026-09-06,,,,,,,,342.0,0.0,0.0,,,,,,,,,,,,,,,,,,159.0,,,,False,,2026-08-23 15:05:03-07:00,2.65,False,17,2026-08-23 15:05:03-07:00,159.0,1,71.21621621621621,2026-08-23,False,False,168.0,False,2026-08-23,126.0,False,2026-08-23,50.0,False,2026-08-23,114.66666666666667,73.0,34,1.5707762557077627,2
837,28,2026-08-23 15:08:10-07:00,2026-08-23,15:08:10,drive_thru,car,CAR 343  (+0:28),,4,In_n_Out_log_2026-09-06_193227.json,2026-09-06,,,,,,,,343.0,0.0,0.0,,,,,,,,,,,,,,,,,,28.0,,,,False,,2026-08-23 15:07:42-07:00,0.4666666666666667,False,17,2026-08-23 15:07:42-07:00,28.0,1,-59.78378378378379,2026-08-23,False,False,159.0,False,2026-08-23,168.0,False,2026-08-23,126.0,False,2026-08-23,151.0,73.0,34,2.0684931506849313,3
838,28,2026-08-23 15:08:40-07:00,2026-08-23,15:08:40,drive_thru,car,CAR 344  (+0:30),,4,In_n_Out_log_2026-09-06_193227.json,2026-09-06,,,,,,,,344.0,0.0,0.0,,,,,,,,,,,,,,,,,,30.0,,,,False,,2026-08-23 15:08:10-07:00,0.5,False,17,2026-08-23 15:08:10-07:00,30.0,1,-57.78378378378379,2026-08-23,False,False,28.0,False,2026-08-23,159.0,False,2026-08-23,168.0,False,2026-08-23,118.33333333333333,73.0,34,1.6210045662100456,3
839,28,2026-08-23 15:10:22-07:00,2026-08-23,15:10:22,drive_thru,car,CAR 345  (+1:42),,4,In_n_Out_log_2026-09-06_193227.json,2026-09-06,,,,,,,,345.0,0.0,0.0,,,,,,,,,,,,,,,,,,102.0,,,,False,,2026-08-23 15:08:40-07:00,1.7,False,17,2026-08-23 15:08:40-07:00,102.0,1,14.21621621621621,2026-08-23,False,False,30.0,False,2026-08-23,28.0,False,2026-08-23,159.0,False,2026-08-23,72.33333333333333,73.0,34,0.9908675799086757,1
840,28,2026-08-23 15:12:47-07:00,2026-08-23,15:12:47,drive_thru,car,CAR 346  (+2:25),,4,In_n_Out_log_2026-09-06_193227.json,2026-09-06,,,,,,,,346.0,0.0,0.0,,,,,,,,,,,,,,,,,,145.0,,,,False,,2026-08-23 15:10:22-07:00,2.4166666666666665,False,17,2026-08-23 15:10:22-07:00,145.0,1,57.21621621621621,2026-08-23,False,False,102.0,False,2026-08-23,30.0,False,2026-08-23,28.0,False,2026-08-23,53.333333333333336,73.0,34,0.7305936073059361,0
843,28,2026-08-23 15:12:55-07:00,2026-08-23,15:12:55,drive_thru,car,CAR 347  (+0:08),,4,In_n_Out_log_2026-09-06_193227.json,2026-09-06,,,,,,,,347.0,0.0,0.0,,,,,,,,,,,,,,,,,,8.0,,,,False,,2026-08-23 15:12:47-07:00,0.13333333333333333,False,17,2026-08-23 15:12:47-07:00,8.0,1,-79.78378378378379,2026-08-23,False,True,145.0,False,2026-08-23,102.0,False,2026-08-23,30.0,False,2026-08-23,92.33333333333333,73.0,34,1.2648401826484017,2
856,29,2026-08-23 19:12:44-07:00,2026-08-23,19:12:44,drive_thru,car,CAR 352  (+4:31),,4,In_n_Out_log_2026-09-06_193227.json,2026-09-06,,,,,,,,352.0,0.0,0.0,,,,,,,,,,,,,,,,,,271.0,,,,False,,2026-08-23 19:08:14-07:00,4.5,False,18,2026-08-23 19:08:14-07:00,270.0,1,186.91304347826087,2026-08-23,False,False,38.0,False,2026-08-23,38.0,False,2026-08-23,47.0,False,2026-08-23,41.0,59.0,22,0.6949152542372882,0
857,29,2026-08-23 19:13:11-07:00,2026-08-23,19:13:11,drive_thru,car,CAR 353  (+0:27),,4,In_n_Out_log_2026-09-06_193227.json,2026-09-06,,,,,,,,353.0,0.0,0.0,,,,,,,,,,,,,,,,,,27.0,,,,False,,2026-08-23 19:12:44-07:00,0.45,False,18,2026-08-23 19:12:44-07:00,27.0,1,-56.086956521739125,2026-08-23,False,False,270.0,False,2026-08-23,38.0,False,2026-08-23,38.0,False,2026-08-23,115.33333333333333,59.0,22,1.9548022598870056,3
858,29,2026-08-23 19:13:33-07:00,2026-08-23,19:13:33,drive_thru,car,CAR 354  (+0:21),,4,In_n_Out_log_2026-09-06_193227.json,2026-09-06,,,,,,,,354.0,0.0,0.0,,,,,,,,,,,,,,,,,,21.0,,,,False,,2026-08-23 19:13:11-07:00,0.36666666666666664,False,18,2026-08-23 19:13:11-07:00,22.0,1,-61.086956521739125,2026-08-23,False,False,27.0,False,2026-08-23,270.0,False,2026-08-23,38.0,False,2026-08-23,111.66666666666667,59.0,22,1.8926553672316384,3
859,29,2026-08-23 19:14:33-07:00,2026-08-23,19:14:33,drive_thru,car,CAR 355  (+1:00),,4,In_n_Out_log_2026-09-06_193227.json,2026-09-06,,,,,,,,355.0,0.0,0.0,,,,,,,,,,,,,,,,,,60.0,,,,False,,2026-08-23 19:13:33-07:00,1.0,False,18,2026-08-23 19:13:33-07:00,60.0,1,-23.086956521739125,2026-08-23,False,False,22.0,False,2026-08-23,27.0,False,2026-08-23,270.0,False,2026-08-23,106.33333333333333,59.0,22,1.8022598870056497,3
860,29,2026-08-23 19:15:43-07:00,2026-08-23,19:15:43,drive_thru,car,CAR 356  (+1:09),,4,In_n_Out_log_2026-09-06_193227.json,2026-09-06,,,,,,,,356.0,0.0,0.0,,,,,,,,,,,,,,,,,,69.0,,,,False,,2026-08-23 19:14:33-07:00,1.1666666666666667,False,18,2026-08-23 19:14:33-07:00,70.0,1,-13.086956521739125,2026-08-23,False,False,60.0,False,2026-08-23,22.0,False,2026-08-23,27.0,False,2026-08-23,36.333333333333336,59.0,22,0.615819209039548,0
861,29,2026-08-23 19:17:08-07:00,2026-08-23,19:17:08,drive_thru,car,CAR 357  (+1:25),,4,In_n_Out_log_2026-09-06_193227.json,2026-09-06,,,,,,,,357.0,0.0,0.0,,,,,,,,,,,,,,,,,,85.0,,,,False,,2026-08-23 19:15:43-07:00,1.4166666666666667,False,18,2026-08-23 19:15:43-07:00,85.0,1,1.9130434782608745,2026-08-23,False,False,70.0,False,2026-08-23,60.0,False,2026-08-23,22.0,False,2026-08-23,50.666666666666664,59.0,22,0.8587570621468926,0
862,29,2026-08-23 19:20:20-07:00,2026-08-23,19:20:20,drive_thru,car,CAR 358  (+3:12),,4,In_n_Out_log_2026-09-06_193227.json,2026-09-06,,,,,,,,358.0,0.0,0.0,,,,,,,,,,,,,,,,,,192.0,,,,False,,2026-08-23 19:17:08-07:00,3.2,False,18,2026-08-23 19:17:08-07:00,192.0,1,108.91304347826087,2026-08-23,False,False,85.0,False,2026-08-23,70.0,False,2026-08-23,60.0,False,2026-08-23,71.66666666666667,59.0,22,1.2146892655367232,2
863,29,2026-08-23 19:20:41-07:00,2026-08-23,19:20:41,drive_thru,car,CAR 359  (+0:20),,4,In_n_Out_log_2026-09-06_193227.json,2026-09-06,,,,,,,,359.0,0.0,0.0,,,,,,,,,,,,,,,,,,20.0,,,,False,,2026-08-23 19:20:20-07:00,0.35,False,18,2026-08-23 19:20:20-07:00,21.0,1,-62.086956521739125,2026-08-23,False,False,192.0,False,2026-08-23,85.0,False,2026-08-23,70.0,False,2026-08-23,115.66666666666667,59.0,22,1.96045197740113,3
864,29,2026-08-23 19:23:22-07:00,2026-08-23,19:23:22,drive_thru,car,CAR 360  (+2:42),,4,In_n_Out_log_2026-09-06_193227.json,2026-09-06,,,,,,,,360.0,0.0,0.0,,,,,,,,,,,,,,,,,,162.0,,,,False,,2026-08-23 19:20:41-07:00,2.683333333333333,False,18,2026-08-23 19:20:41-07:00,161.0,1,77.91304347826087,2026-08-23,False,False,21.0,False,2026-08-23,192.0,False,2026-08-23,85.0,False,2026-08-23,99.33333333333333,59.0,22,1.6836158192090396,3
865,29,2026-08-23 19:25:34-07:00,2026-08-23,19:25:34,drive_thru,car,CAR 361  (+2:12),,4,In_n_Out_log_2026-09-06_193227.json,2026-09-06,,,,,,,,361.0,0.0,0.0,,,,,,,,,,,,,,,,,,132.0,,,,False,,2026-08-23 19:23:22-07:00,2.2,False,18,2026-08-23 19:23:22-07:00,132.0,1,48.913043478260875,2026-08-23,False,False,161.0,False,2026-08-23,21.0,False,2026-08-23,192.0,False,2026-08-23,124.66666666666667,59.0,22,2.112994350282486,3
866,29,2026-08-23 19:26:16-07:00,2026-08-23,19:26:16,drive_thru,car,CAR 362  (+0:42),,4,In_n_Out_log_2026-09-06_193227.json,2026-09-06,,,,,,,,362.0,0.0,0.0,,,,,,,,,,,,,,,,,,42.0,,,,False,,2026-08-23 19:25:34-07:00,0.7,False,18,2026-08-23 19:25:34-07:00,42.0,1,-41.086956521739125,2026-08-23,False,False,132.0,False,2026-08-23,161.0,False,2026-08-23,21.0,False,2026-08-23,104.66666666666667,59.0,22,1.7740112994350283,3
867,29,2026-08-23 19:26:56-07:00,2026-08-23,19:26:56,drive_thru,car,CAR 363  (+0:40),,4,In_n_Out_log_2026-09-06_193227.json,2026-09-06,,,,,,,,363.0,0.0,0.0,,,,,,,,,,,,,,,,,,40.0,,,,False,,2026-08-23 19:26:16-07:00,0.6666666666666666,False,18,2026-08-23 19:26:16-07:00,40.0,1,-43.086956521739125,2026-08-23,False,False,42.0,False,2026-08-23,132.0,False,2026-08-23,161.0,False,2026-08-23,111.66666666666667,59.0,22,1.8926553672316384,3
868,29,2026-08-23 19:27:07-07:00,2026-08-23,19:27:07,drive_thru,car,CAR 364  (+0:11),,4,In_n_Out_log_2026-09-06_193227.json,2026-09-06,,,,,,,,364.0,0.0,0.0,,,,,,,,,,,,,,,,,,11.0,,,,False,,2026-08-23 19:26:56-07:00,0.18333333333333332,False,18,2026-08-23 19:26:56-07:00,11.0,1,-72.08695652173913,2026-08-23,False,False,40.0,False,2026-08-23,42.0,False,2026-08-23,132.0,False,2026-08-23,71.33333333333333,59.0,22,1.2090395480225988,2
871,29,2026-08-23 19:29:01-07:00,2026-08-23,19:29:01,drive_thru,car,CAR 365  (+1:54),,4,In_n_Out_log_2026-09-06_193227.json,2026-09-06,,,,,,,,365.0,0.0,0.0,,,,,,,,,,,,,,,,,,114.0,,,,False,,2026-08-23 19:27:07-07:00,1.9,False,18,2026-08-23 19:27:07-07:00,114.0,1,30.913043478260875,2026-08-23,True,True,11.0,False,2026-08-23,40.0,False,2026-08-23,42.0,False,2026-08-23,31.0,59.0,22,0.5254237288135594,0
878,29,2026-08-23 19:35:22-07:00,2026-08-23,19:35:22,drive_thru,car,CAR 369  (+0:05),,4,In_n_Out_log_2026-09-06_193227.json,2026-09-06,,,,,,,,369.0,0.0,0.0,,,,,,,,,,,,,,,,,,5.0,,,,False,,2026-08-23 19:35:17-07:00,0.08333333333333333,False,18,2026-08-23 19:35:17-07:00,5.0,1,-78.08695652173913,2026-08-23,False,False,104.0,False,2026-08-23,200.0,False,2026-08-23,72.0,False,2026-08-23,125.33333333333333,59.0,22,2.1242937853107344,3
880,29,2026-08-23 19:37:04-07:00,2026-08-23,19:37:04,drive_thru,car,CAR 370  (+1:42),,4,In_n_Out_log_2026-09-06_193227.json,2026-09-06,,,,,,,,370.0,0.0,0.0,,,,,,,,,,,,,,,,,,102.0,,,,False,,2026-08-23 19:35:22-07:00,1.7,False,18,2026-08-23 19:35:22-07:00,102.0,1,18.913043478260875,2026-08-23,False,False,5.0,False,2026-08-23,104.0,False,2026-08-23,200.0,False,2026-08-23,103.0,59.0,22,1.7457627118644068,3
881,29,2026-08-23 19:38:02-07:00,2026-08-23,19:38:02,drive_thru,car,CAR 371  (+0:57),,4,In_n_Out_log_2026-09-06_193227.json,2026-09-06,,,,,,,,371.0,0.0,0.0,,,,,,,,,,,,,,,,,,57.0,,,,False,,2026-08-23 19:37:04-07:00,0.9666666666666667,False,18,2026-08-23 19:37:04-07:00,58.0,1,-25.086956521739125,2026-08-23,False,False,102.0,False,2026-08-23,5.0,False,2026-08-23,104.0,False,2026-08-23,70.33333333333333,59.0,22,1.192090395480226,1
969,33,2026-08-24 10:46:58-07:00,2026-08-24,10:46:58,drive_thru,car,CAR 376  (+1:57),,4,In_n_Out_log_2026-09-06_193227.json,2026-09-06,,,,,,,,376.0,0.0,0.0,,,,,,,,,,,,,,,,,,117.0,,,,False,,2026-08-24 10:45:00-07:00,1.9666666666666666,False,19,2026-08-24 10:45:00-07:00,118.0,1,37.08510638297872,2026-08-24,False,False,143.0,False,2026-08-24,54.0,False,2026-08-24,277.0,False,2026-08-24,158.0,56.5,40,2.7964601769911503,3
970,33,2026-08-24 10:48:13-07:00,2026-08-24,10:48:13,drive_thru,car,CAR 377  (+1:15),,4,In_n_Out_log_2026-09-06_193227.json,2026-09-06,,,,,,,,377.0,0.0,0.0,,,,,,,,,,,,,,,,,,75.0,,,,False,,2026-08-24 10:46:58-07:00,1.25,False,19,2026-08-24 10:46:58-07:00,75.0,1,-5.914893617021278,2026-08-24,False,False,118.0,False,2026-08-24,143.0,False,2026-08-24,54.0,False,2026-08-24,105.0,56.5,40,1.8584070796460177,3
971,33,2026-08-24 10:49:52-07:00,2026-08-24,10:49:52,drive_thru,car,CAR 378  (+1:40),,4,In_n_Out_log_2026-09-06_193227.json,2026-09-06,,,,,,,,378.0,0.0,0.0,,,,,,,,,,,,,,,,,,100.0,,,,False,,2026-08-24 10:48:13-07:00,1.65,False,19,2026-08-24 10:48:13-07:00,99.0,1,18.085106382978722,2026-08-24,False,False,75.0,False,2026-08-24,118.0,False,2026-08-24,143.0,False,2026-08-24,112.0,56.5,40,1.9823008849557522,3
972,33,2026-08-24 10:50:13-07:00,2026-08-24,10:50:13,drive_thru,car,CAR 379  (+0:21),,4,In_n_Out_log_2026-09-06_193227.json,2026-09-06,,,,,,,,379.0,0.0,0.0,,,,,,,,,,,,,,,,,,21.0,,,,False,,2026-08-24 10:49:52-07:00,0.35,False,19,2026-08-24 10:49:52-07:00,21.0,1,-59.91489361702128,2026-08-24,False,False,99.0,False,2026-08-24,75.0,False,2026-08-24,118.0,False,2026-08-24,97.33333333333333,56.5,40,1.7227138643067845,3
973,33,2026-08-24 10:53:15-07:00,2026-08-24,10:53:15,drive_thru,car,CAR 380  (+3:02),,4,In_n_Out_log_2026-09-06_193227.json,2026-09-06,,,,,,,,380.0,0.0,0.0,,,,,,,,,,,,,,,,,,182.0,,,,False,,2026-08-24 10:50:13-07:00,3.033333333333333,False,19,2026-08-24 10:50:13-07:00,182.0,1,101.08510638297872,2026-08-24,False,False,21.0,False,2026-08-24,99.0,False,2026-08-24,75.0,False,2026-08-24,65.0,56.5,40,1.1504424778761062,1
975,33,2026-08-24 10:53:55-07:00,2026-08-24,10:53:55,drive_thru,car,CAR 381  (+0:40),,4,In_n_Out_log_2026-09-06_193227.json,2026-09-06,,,,,,,,381.0,0.0,0.0,,,,,,,,,,,,,,,,,,40.0,,,,False,,2026-08-24 10:53:15-07:00,0.6666666666666666,False,19,2026-08-24 10:53:15-07:00,40.0,1,-40.91489361702128,2026-08-24,False,False,182.0,False,2026-08-24,21.0,False,2026-08-24,99.0,False,2026-08-24,100.66666666666667,56.5,40,1.7817109144542773,3
976,33,2026-08-24 10:54:25-07:00,2026-08-24,10:54:25,drive_thru,car,CAR 382  (+0:29),,4,In_n_Out_log_2026-09-06_193227.json,2026-09-06,,,,,,,,382.0,0.0,0.0,,,,,,,,,,,,,,,,,,29.0,,,,False,,2026-08-24 10:53:55-07:00,0.5,False,19,2026-08-24 10:53:55-07:00,30.0,1,-50.91489361702128,2026-08-24,True,True,40.0,False,2026-08-24,182.0,False,2026-08-24,21.0,False,2026-08-24,81.0,56.5,40,1.4336283185840708,2
985,33,2026-08-24 11:04:34-07:00,2026-08-24,11:04:34,drive_thru,car,CAR 387  (+0:57),,4,In_n_Out_log_2026-09-06_193227.json,2026-09-06,,,,,,,,387.0,0.0,0.0,,,,,,,,,,,,,,,,,,57.0,,,,False,,2026-08-24 11:03:36-07:00,0.9666666666666667,False,19,2026-08-24 11:03:36-07:00,58.0,1,-22.914893617021278,2026-08-24,False,False,60.0,False,2026-08-24,277.0,False,2026-08-24,76.0,False,2026-08-24,137.66666666666666,56.5,40,2.4365781710914454,3
986,33,2026-08-24 11:04:54-07:00,2026-08-24,11:04:54,drive_thru,car,CAR 388  (+0:20),,4,In_n_Out_log_2026-09-06_193227.json,2026-09-06,,,,,,,,388.0,0.0,0.0,,,,,,,,,,,,,,,,,,20.0,,,,False,,2026-08-24 11:04:34-07:00,0.3333333333333333,False,19,2026-08-24 11:04:34-07:00,20.0,1,-60.91489361702128,2026-08-24,False,False,58.0,False,2026-08-24,60.0,False,2026-08-24,277.0,False,2026-08-24,131.66666666666666,56.5,40,2.3303834808259585,3
987,33,2026-08-24 11:05:36-07:00,2026-08-24,11:05:36,drive_thru,car,CAR 389  (+0:42),,4,In_n_Out_log_2026-09-06_193227.json,2026-09-06,,,,,,,,389.0,0.0,0.0,,,,,,,,,,,,,,,,,,42.0,,,,False,,2026-08-24 11:04:54-07:00,0.7,False,19,2026-08-24 11:04:54-07:00,42.0,1,-38.91489361702128,2026-08-24,False,False,20.0,False,2026-08-24,58.0,False,2026-08-24,60.0,False,2026-08-24,46.0,56.5,40,0.8141592920353983,0
988,33,2026-08-24 11:10:26-07:00,2026-08-24,11:10:26,drive_thru,car,CAR 390  (+4:50),,4,In_n_Out_log_2026-09-06_193227.json,2026-09-06,,,,,,,,390.0,0.0,0.0,,,,,,,,,,,,,,,,,,290.0,,,,False,,2026-08-24 11:05:36-07:00,4.833333333333333,False,19,2026-08-24 11:05:36-07:00,290.0,1,209.08510638297872,2026-08-24,False,False,42.0,False,2026-08-24,20.0,False,2026-08-24,58.0,False,2026-08-24,40.0,56.5,40,0.7079646017699115,0
989,33,2026-08-24 11:10:52-07:00,2026-08-24,11:10:52,drive_thru,car,CAR 391  (+0:26),,4,In_n_Out_log_2026-09-06_193227.json,2026-09-06,,,,,,,,391.0,0.0,0.0,,,,,,,,,,,,,,,,,,26.0,,,,False,,2026-08-24 11:10:26-07:00,0.43333333333333335,False,19,2026-08-24 11:10:26-07:00,26.0,1,-54.91489361702128,2026-08-24,False,False,290.0,False,2026-08-24,42.0,False,2026-08-24,20.0,False,2026-08-24,117.33333333333333,56.5,40,2.0766961651917404,3
990,33,2026-08-24 11:11:38-07:00,2026-08-24,11:11:38,drive_thru,car,CAR 392  (+0:46),,4,In_n_Out_log_2026-09-06_193227.json,2026-09-06,,,,,,,,392.0,0.0,0.0,,,,,,,,,,,,,,,,,,46.0,,,,False,,2026-08-24 11:10:52-07:00,0.7666666666666667,False,19,2026-08-24 11:10:52-07:00,46.0,1,-34.91489361702128,2026-08-24,False,False,26.0,False,2026-08-24,290.0,False,2026-08-24,42.0,False,2026-08-24,119.33333333333333,56.5,40,2.112094395280236,3
992,33,2026-08-24 11:12:07-07:00,2026-08-24,11:12:07,drive_thru,car,CAR 393  (+0:30),,4,In_n_Out_log_2026-09-06_193227.json,2026-09-06,,,,,,,,393.0,0.0,0.0,,,,,,,,,,,,,,,,,,30.0,,,,False,,2026-08-24 11:11:38-07:00,0.48333333333333334,False,19,2026-08-24 11:11:38-07:00,29.0,1,-51.91489361702128,2026-08-24,False,False,46.0,False,2026-08-24,26.0,False,2026-08-24,290.0,False,2026-08-24,120.66666666666667,56.5,40,2.135693215339233,3
995,33,2026-08-24 11:13:25-07:00,2026-08-24,11:13:25,drive_thru,car,CAR 394 — BAGS 0 BOXES 1  (+1:18),,4,In_n_Out_log_2026-09-06_193227.json,2026-09-06,,,,,,,,394.0,0.0,1.0,,,,,,,,,,,,,,,,,,78.0,,,,False,,2026-08-24 11:12:07-07:00,1.3,False,19,2026-08-24 11:12:07-07:00,78.0,1,-2.914893617021278,2026-08-24,True,True,29.0,False,2026-08-24,46.0,False,2026-08-24,26.0,False,2026-08-24,33.666666666666664,56.5,40,0.5958702064896755,0
1000,33,2026-08-24 11:18:07-07:00,2026-08-24,11:18:07,drive_thru,car,CAR 398  (+1:08),,4,In_n_Out_log_2026-09-06_193227.json,2026-09-06,,,,,,,,398.0,0.0,0.0,,,,,,,,,,,,,,,,,,68.0,,,,False,,2026-08-24 11:16:59-07:00,1.1333333333333333,False,19,2026-08-24 11:16:59-07:00,68.0,1,-12.914893617021278,2026-08-24,False,False,26.0,False,2026-08-24,158.0,False,2026-08-24,30.0,False,2026-08-24,71.33333333333333,56.5,40,1.262536873156342,2
1001,33,2026-08-24 11:19:02-07:00,2026-08-24,11:19:02,drive_thru,car,CAR 399  (+0:55),,4,In_n_Out_log_2026-09-06_193227.json,2026-09-06,,,,,,,,399.0,0.0,0.0,,,,,,,,,,,,,,,,,,55.0,,,,False,,2026-08-24 11:18:07-07:00,0.9166666666666666,False,19,2026-08-24 11:18:07-07:00,55.0,1,-25.914893617021278,2026-08-24,False,False,68.0,False,2026-08-24,26.0,False,2026-08-24,158.0,False,2026-08-24,84.0,56.5,40,1.4867256637168142,2
1002,33,2026-08-24 11:20:00-07:00,2026-08-24,11:20:00,drive_thru,car,CAR 400  (+0:58),,4,In_n_Out_log_2026-09-06_193227.json,2026-09-06,,,,,,,,400.0,0.0,0.0,,,,,,,,,,,,,,,,,,58.0,,,,False,,2026-08-24 11:19:02-07:00,0.9666666666666667,False,19,2026-08-24 11:19:02-07:00,58.0,1,-22.914893617021278,2026-08-24,False,False,55.0,False,2026-08-24,68.0,False,2026-08-24,26.0,False,2026-08-24,49.666666666666664,56.5,40,0.8790560471976401,0
1003,33,2026-08-24 11:20:26-07:00,2026-08-24,11:20:26,drive_thru,car,CAR 401  (+0:26),,4,In_n_Out_log_2026-09-06_193227.json,2026-09-06,,,,,,,,401.0,0.0,0.0,,,,,,,,,,,,,,,,,,26.0,,,,False,,2026-08-24 11:20:00-07:00,0.43333333333333335,False,19,2026-08-24 11:20:00-07:00,26.0,1,-54.91489361702128,2026-08-24,False,False,58.0,False,2026-08-24,55.0,False,2026-08-24,68.0,False,2026-08-24,60.333333333333336,56.5,40,1.0678466076696165,1
1004,33,2026-08-24 11:21:07-07:00,2026-08-24,11:21:07,drive_thru,car,CAR 402  (+0:41),,4,In_n_Out_log_2026-09-06_193227.json,2026-09-06,,,,,,,,402.0,0.0,0.0,,,,,,,,,,,,,,,,,,41.0,,,,False,,2026-08-24 11:20:26-07:00,0.6833333333333333,False,19,2026-08-24 11:20:26-07:00,41.0,1,-39.91489361702128,2026-08-24,False,False,26.0,False,2026-08-24,58.0,False,2026-08-24,55.0,False,2026-08-24,46.333333333333336,56.5,40,0.8200589970501475,0
1005,33,2026-08-24 11:21:55-07:00,2026-08-24,11:21:55,drive_thru,car,CAR 403  (+0:48),,4,In_n_Out_log_2026-09-06_193227.json,2026-09-06,,,,,,,,403.0,0.0,0.0,,,,,,,,,,,,,,,,,,48.0,,,,False,,2026-08-24 11:21:07-07:00,0.8,False,19,2026-08-24 11:21:07-07:00,48.0,1,-32.91489361702128,2026-08-24,False,False,41.0,False,2026-08-24,26.0,False,2026-08-24,58.0,False,2026-08-24,41.666666666666664,56.5,40,0.7374631268436578,0
1009,33,2026-08-24 11:23:04-07:00,2026-08-24,11:23:04,drive_thru,car,CAR 404  (+1:08),,4,In_n_Out_log_2026-09-06_193227.json,2026-09-06,,,,,,,,404.0,0.0,0.0,,,,,,,,,,,,,,,,,,68.0,,,,False,,2026-08-24 11:21:55-07:00,1.15,False,19,2026-08-24 11:21:55-07:00,69.0,1,-11.914893617021278,2026-08-24,True,True,48.0,False,2026-08-24,41.0,False,2026-08-24,26.0,False,2026-08-24,38.333333333333336,56.5,40,0.6784660766961652,0
1021,33,2026-08-24 11:29:44-07:00,2026-08-24,11:29:44,drive_thru,car,CAR 410  (+0:46),,4,In_n_Out_log_2026-09-06_193227.json,2026-09-06,,,,,,,,410.0,0.0,0.0,,,,,,,,,,,,,,,,,,46.0,,,,False,,2026-08-24 11:28:57-07:00,0.7833333333333333,False,19,2026-08-24 11:28:57-07:00,47.0,1,-33.91489361702128,2026-08-24,False,False,40.0,False,2026-08-24,41.0,False,2026-08-24,143.0,False,2026-08-24,74.66666666666667,56.5,40,1.3215339233038348,2
1022,33,2026-08-24 11:32:33-07:00,2026-08-24,11:32:33,drive_thru,car,CAR 411  (+2:49),,4,In_n_Out_log_2026-09-06_193227.json,2026-09-06,,,,,,,,411.0,0.0,0.0,,,,,,,,,,,,,,,,,,169.0,,,,False,,2026-08-24 11:29:44-07:00,2.816666666666667,False,19,2026-08-24 11:29:44-07:00,169.0,1,88.08510638297872,2026-08-24,False,False,47.0,False,2026-08-24,40.0,False,2026-08-24,41.0,False,2026-08-24,42.666666666666664,56.5,40,0.7551622418879056,0
1023,33,2026-08-24 11:33:37-07:00,2026-08-24,11:33:37,drive_thru,car,CAR 412  (+1:05),,4,In_n_Out_log_2026-09-06_193227.json,2026-09-06,,,,,,,,412.0,0.0,0.0,,,,,,,,,,,,,,,,,,65.0,,,,False,,2026-08-24 11:32:33-07:00,1.0666666666666667,False,19,2026-08-24 11:32:33-07:00,64.0,1,-16.914893617021278,2026-08-24,False,False,169.0,False,2026-08-24,47.0,False,2026-08-24,40.0,False,2026-08-24,85.33333333333333,56.5,40,1.5103244837758112,2
1025,33,2026-08-24 11:33:57-07:00,2026-08-24,11:33:57,drive_thru,car,CAR 413  (+0:19),,4,In_n_Out_log_2026-09-06_193227.json,2026-09-06,,,,,,,,413.0,0.0,0.0,,,,,,,,,,,,,,,,,,19.0,,,,False,,2026-08-24 11:33:37-07:00,0.3333333333333333,False,19,2026-08-24 11:33:37-07:00,20.0,1,-60.91489361702128,2026-08-24,False,False,64.0,False,2026-08-24,169.0,False,2026-08-24,47.0,False,2026-08-24,93.33333333333333,56.5,40,1.6519174041297935,3
1029,33,2026-08-24 11:34:54-07:00,2026-08-24,11:34:54,drive_thru,car,CAR 414 — BAGS 0 BOXES 2  (+0:57),,4,In_n_Out_log_2026-09-06_193227.json,2026-09-06,,,,,,,,414.0,0.0,2.0,,,,,,,,,,,,,,,,,,57.0,,,,False,,2026-08-24 11:33:57-07:00,0.95,False,19,2026-08-24 11:33:57-07:00,57.0,1,-23.914893617021278,2026-08-24,True,True,20.0,False,2026-08-24,64.0,False,2026-08-24,169.0,False,2026-08-24,84.33333333333333,56.5,40,1.4926253687315634,2
1033,33,2026-08-24 11:38:49-07:00,2026-08-24,11:38:49,drive_thru,car,CAR 418  (+0:23),,4,In_n_Out_log_2026-09-06_193227.json,2026-09-06,,,,,,,,418.0,0.0,0.0,,,,,,,,,,,,,,,,,,23.0,,,,False,,2026-08-24 11:38:26-07:00,0.38333333333333336,False,19,2026-08-24 11:38:26-07:00,23.0,1,-57.91489361702128,2026-08-24,False,False,83.0,False,2026-08-24,44.0,False,2026-08-24,85.0,False,2026-08-24,70.66666666666667,56.5,40,1.2507374631268438,2
1034,33,2026-08-24 11:40:29-07:00,2026-08-24,11:40:29,drive_thru,car,CAR 419  (+1:40),,4,In_n_Out_log_2026-09-06_193227.json,2026-09-06,,,,,,,,419.0,0.0,0.0,,,,,,,,,,,,,,,,,,100.0,,,,False,,2026-08-24 11:38:49-07:00,1.6666666666666667,False,19,2026-08-24 11:38:49-07:00,100.0,1,19.085106382978722,2026-08-24,False,False,23.0,False,2026-08-24,83.0,False,2026-08-24,44.0,False,2026-08-24,50.0,56.5,40,0.8849557522123894,0
1135,38,2026-08-24 20:10:41-07:00,2026-08-24,20:10:41,drive_thru,car,CAR 439  (+0:52),,4,In_n_Out_log_2026-09-06_193227.json,2026-09-06,,,,,,,,439.0,0.0,0.0,,,,,,,,,,,,,,,,,,52.0,,,,False,,2026-08-24 20:09:49-07:00,0.8666666666666667,False,22,2026-08-24 20:09:49-07:00,52.0,1,-19.924999999999997,2026-08-24,False,False,57.0,False,2026-08-24,101.0,False,2026-08-24,70.0,False,2026-08-24,76.0,54.5,78,1.3944954128440368,2
1136,38,2026-08-24 20:11:22-07:00,2026-08-24,20:11:22,drive_thru,car,CAR 440  (+0:41),,4,In_n_Out_log_2026-09-06_193227.json,2026-09-06,,,,,,,,440.0,0.0,0.0,,,,,,,,,,,,,,,,,,41.0,,,,False,,2026-08-24 20:10:41-07:00,0.6833333333333333,False,22,2026-08-24 20:10:41-07:00,41.0,1,-30.924999999999997,2026-08-24,False,False,52.0,False,2026-08-24,57.0,False,2026-08-24,101.0,False,2026-08-24,70.0,54.5,78,1.2844036697247707,2
1137,38,2026-08-24 20:13:41-07:00,2026-08-24,20:13:41,drive_thru,car,CAR 441  (+2:19),,4,In_n_Out_log_2026-09-06_193227.json,2026-09-06,,,,,,,,441.0,0.0,0.0,,,,,,,,,,,,,,,,,,139.0,,,,False,,2026-08-24 20:11:22-07:00,2.316666666666667,False,22,2026-08-24 20:11:22-07:00,139.0,1,67.075,2026-08-24,False,False,41.0,False,2026-08-24,52.0,False,2026-08-24,57.0,False,2026-08-24,50.0,54.5,78,0.9174311926605505,1
1138,38,2026-08-24 20:14:28-07:00,2026-08-24,20:14:28,drive_thru,car,CAR 442  (+0:46),,4,In_n_Out_log_2026-09-06_193227.json,2026-09-06,,,,,,,,442.0,0.0,0.0,,,,,,,,,,,,,,,,,,46.0,,,,False,,2026-08-24 20:13:41-07:00,0.7833333333333333,False,22,2026-08-24 20:13:41-07:00,47.0,1,-24.924999999999997,2026-08-24,False,False,139.0,False,2026-08-24,41.0,False,2026-08-24,52.0,False,2026-08-24,77.33333333333333,54.5,78,1.418960244648318,2
1139,38,2026-08-24 20:15:06-07:00,2026-08-24,20:15:06,drive_thru,car,CAR 443  (+0:38),,4,In_n_Out_log_2026-09-06_193227.json,2026-09-06,,,,,,,,443.0,0.0,0.0,,,,,,,,,,,,,,,,,,38.0,,,,False,,2026-08-24 20:14:28-07:00,0.6333333333333333,False,22,2026-08-24 20:14:28-07:00,38.0,1,-33.925,2026-08-24,False,False,47.0,False,2026-08-24,139.0,False,2026-08-24,41.0,False,2026-08-24,75.66666666666667,54.5,78,1.3883792048929664,2
1140,38,2026-08-24 20:15:42-07:00,2026-08-24,20:15:42,drive_thru,car,CAR 444  (+0:36),,4,In_n_Out_log_2026-09-06_193227.json,2026-09-06,,,,,,,,444.0,0.0,0.0,,,,,,,,,,,,,,,,,,36.0,,,,False,,2026-08-24 20:15:06-07:00,0.6,False,22,2026-08-24 20:15:06-07:00,36.0,1,-35.925,2026-08-24,False,False,38.0,False,2026-08-24,47.0,False,2026-08-24,139.0,False,2026-08-24,74.66666666666667,54.5,78,1.3700305810397555,2
1141,38,2026-08-24 20:16:54-07:00,2026-08-24,20:16:54,drive_thru,car,CAR 445  (+1:13),,4,In_n_Out_log_2026-09-06_193227.json,2026-09-06,,,,,,,,445.0,0.0,0.0,,,,,,,,,,,,,,,,,,73.0,,,,False,,2026-08-24 20:15:42-07:00,1.2,False,22,2026-08-24 20:15:42-07:00,72.0,1,0.07500000000000284,2026-08-24,False,False,36.0,False,2026-08-24,38.0,False,2026-08-24,47.0,False,2026-08-24,40.333333333333336,54.5,78,0.7400611620795108,0
1142,38,2026-08-24 20:17:26-07:00,2026-08-24,20:17:26,drive_thru,car,CAR 446  (+0:32),,4,In_n_Out_log_2026-09-06_193227.json,2026-09-06,,,,,,,,446.0,0.0,0.0,,,,,,,,,,,,,,,,,,32.0,,,,False,,2026-08-24 20:16:54-07:00,0.5333333333333333,False,22,2026-08-24 20:16:54-07:00,32.0,1,-39.925,2026-08-24,False,False,72.0,False,2026-08-24,36.0,False,2026-08-24,38.0,False,2026-08-24,48.666666666666664,54.5,78,0.892966360856269,0
1143,38,2026-08-24 20:17:54-07:00,2026-08-24,20:17:54,drive_thru,car,CAR 447  (+0:27),,4,In_n_Out_log_2026-09-06_193227.json,2026-09-06,,,,,,,,447.0,0.0,0.0,,,,,,,,,,,,,,,,,,27.0,,,,False,,2026-08-24 20:17:26-07:00,0.4666666666666667,False,22,2026-08-24 20:17:26-07:00,28.0,1,-43.925,2026-08-24,False,False,32.0,False,2026-08-24,72.0,False,2026-08-24,36.0,False,2026-08-24,46.666666666666664,54.5,78,0.8562691131498471,0
1144,38,2026-08-24 20:19:28-07:00,2026-08-24,20:19:28,drive_thru,car,CAR 448  (+1:34),,4,In_n_Out_log_2026-09-06_193227.json,2026-09-06,,,,,,,,448.0,0.0,0.0,,,,,,,,,,,,,,,,,,94.0,,,,False,,2026-08-24 20:17:54-07:00,1.5666666666666667,False,22,2026-08-24 20:17:54-07:00,94.0,1,22.075000000000003,2026-08-24,False,False,28.0,False,2026-08-24,32.0,False,2026-08-24,72.0,False,2026-08-24,44.0,54.5,78,0.8073394495412844,0
1145,38,2026-08-24 20:19:58-07:00,2026-08-24,20:19:58,drive_thru,car,CAR 449  (+0:30),,4,In_n_Out_log_2026-09-06_193227.json,2026-09-06,,,,,,,,449.0,0.0,0.0,,,,,,,,,,,,,,,,,,30.0,,,,False,,2026-08-24 20:19:28-07:00,0.5,False,22,2026-08-24 20:19:28-07:00,30.0,1,-41.925,2026-08-24,False,False,94.0,False,2026-08-24,28.0,False,2026-08-24,32.0,False,2026-08-24,51.333333333333336,54.5,78,0.9418960244648319,1
1146,38,2026-08-24 20:20:16-07:00,2026-08-24,20:20:16,drive_thru,car,CAR 450  (+0:18),,4,In_n_Out_log_2026-09-06_193227.json,2026-09-06,,,,,,,,450.0,0.0,0.0,,,,,,,,,,,,,,,,,,18.0,,,,False,,2026-08-24 20:19:58-07:00,0.3,False,22,2026-08-24 20:19:58-07:00,18.0,1,-53.925,2026-08-24,False,False,30.0,False,2026-08-24,94.0,False,2026-08-24,28.0,False,2026-08-24,50.666666666666664,54.5,78,0.929663608562691,1
1147,38,2026-08-24 20:20:40-07:00,2026-08-24,20:20:40,drive_thru,car,CAR 451  (+0:24),,4,In_n_Out_log_2026-09-06_193227.json,2026-09-06,,,,,,,,451.0,0.0,0.0,,,,,,,,,,,,,,,,,,24.0,,,,False,,2026-08-24 20:20:16-07:00,0.4,False,22,2026-08-24 20:20:16-07:00,24.0,1,-47.925,2026-08-24,False,False,18.0,False,2026-08-24,30.0,False,2026-08-24,94.0,False,2026-08-24,47.333333333333336,54.5,78,0.8685015290519879,0
1148,38,2026-08-24 20:21:51-07:00,2026-08-24,20:21:51,drive_thru,car,CAR 452  (+1:12),,4,In_n_Out_log_2026-09-06_193227.json,2026-09-06,,,,,,,,452.0,0.0,0.0,,,,,,,,,,,,,,,,,,72.0,,,,False,,2026-08-24 20:20:40-07:00,1.1833333333333333,False,22,2026-08-24 20:20:40-07:00,71.0,1,-0.9249999999999972,2026-08-24,False,False,24.0,False,2026-08-24,18.0,False,2026-08-24,30.0,False,2026-08-24,24.0,54.5,78,0.44036697247706424,0
1149,38,2026-08-24 20:22:35-07:00,2026-08-24,20:22:35,drive_thru,car,CAR 453  (+0:44),,4,In_n_Out_log_2026-09-06_193227.json,2026-09-06,,,,,,,,453.0,0.0,0.0,,,,,,,,,,,,,,,,,,44.0,,,,False,,2026-08-24 20:21:51-07:00,0.7333333333333333,False,22,2026-08-24 20:21:51-07:00,44.0,1,-27.924999999999997,2026-08-24,False,False,71.0,False,2026-08-24,24.0,False,2026-08-24,18.0,False,2026-08-24,37.666666666666664,54.5,78,0.691131498470948,0
1150,38,2026-08-24 20:23:50-07:00,2026-08-24,20:23:50,drive_thru,car,CAR 454  (+1:15),,4,In_n_Out_log_2026-09-06_193227.json,2026-09-06,,,,,,,,454.0,0.0,0.0,,,,,,,,,,,,,,,,,,75.0,,,,False,,2026-08-24 20:22:35-07:00,1.25,False,22,2026-08-24 20:22:35-07:00,75.0,1,3.075000000000003,2026-08-24,False,False,44.0,False,2026-08-24,71.0,False,2026-08-24,24.0,False,2026-08-24,46.333333333333336,54.5,78,0.8501529051987768,0
1151,38,2026-08-24 20:24:42-07:00,2026-08-24,20:24:42,drive_thru,car,CAR 455  (+0:52),,4,In_n_Out_log_2026-09-06_193227.json,2026-09-06,,,,,,,,455.0,0.0,0.0,,,,,,,,,,,,,,,,,,52.0,,,,False,,2026-08-24 20:23:50-07:00,0.8666666666666667,False,22,2026-08-24 20:23:50-07:00,52.0,1,-19.924999999999997,2026-08-24,False,False,75.0,False,2026-08-24,44.0,False,2026-08-24,71.0,False,2026-08-24,63.333333333333336,54.5,78,1.162079510703364,1
1152,38,2026-08-24 20:26:09-07:00,2026-08-24,20:26:09,drive_thru,car,CAR 456  (+1:27),,4,In_n_Out_log_2026-09-06_193227.json,2026-09-06,,,,,,,,456.0,0.0,0.0,,,,,,,,,,,,,,,,,,87.0,,,,False,,2026-08-24 20:24:42-07:00,1.45,False,22,2026-08-24 20:24:42-07:00,87.0,1,15.075000000000003,2026-08-24,False,False,52.0,False,2026-08-24,75.0,False,2026-08-24,44.0,False,2026-08-24,57.0,54.5,78,1.0458715596330275,1
1153,38,2026-08-24 20:27:38-07:00,2026-08-24,20:27:38,drive_thru,car,CAR 457  (+1:29),,4,In_n_Out_log_2026-09-06_193227.json,2026-09-06,,,,,,,,457.0,0.0,0.0,,,,,,,,,,,,,,,,,,89.0,,,,False,,2026-08-24 20:26:09-07:00,1.4833333333333334,False,22,2026-08-24 20:26:09-07:00,89.0,1,17.075000000000003,2026-08-24,False,False,87.0,False,2026-08-24,52.0,False,2026-08-24,75.0,False,2026-08-24,71.33333333333333,54.5,78,1.308868501529052,2
1154,38,2026-08-24 20:28:48-07:00,2026-08-24,20:28:48,drive_thru,car,CAR 458  (+1:10),,4,In_n_Out_log_2026-09-06_193227.json,2026-09-06,,,,,,,,458.0,0.0,0.0,,,,,,,,,,,,,,,,,,70.0,,,,False,,2026-08-24 20:27:38-07:00,1.1666666666666667,False,22,2026-08-24 20:27:38-07:00,70.0,1,-1.9249999999999972,2026-08-24,False,False,89.0,False,2026-08-24,87.0,False,2026-08-24,52.0,False,2026-08-24,76.0,54.5,78,1.3944954128440368,2
1155,38,2026-08-24 20:29:27-07:00,2026-08-24,20:29:27,drive_thru,car,CAR 459  (+0:39),,4,In_n_Out_log_2026-09-06_193227.json,2026-09-06,,,,,,,,459.0,0.0,0.0,,,,,,,,,,,,,,,,,,39.0,,,,False,,2026-08-24 20:28:48-07:00,0.65,False,22,2026-08-24 20:28:48-07:00,39.0,1,-32.925,2026-08-24,False,False,70.0,False,2026-08-24,89.0,False,2026-08-24,87.0,False,2026-08-24,82.0,54.5,78,1.5045871559633028,2
1156,38,2026-08-24 20:30:00-07:00,2026-08-24,20:30:00,drive_thru,car,CAR 460  (+0:33),,4,In_n_Out_log_2026-09-06_193227.json,2026-09-06,,,,,,,,460.0,0.0,0.0,,,,,,,,,,,,,,,,,,33.0,,,,False,,2026-08-24 20:29:27-07:00,0.55,False,22,2026-08-24 20:29:27-07:00,33.0,1,-38.925,2026-08-24,False,False,39.0,False,2026-08-24,70.0,False,2026-08-24,89.0,False,2026-08-24,66.0,54.5,78,1.2110091743119267,2
1157,38,2026-08-24 20:30:46-07:00,2026-08-24,20:30:46,drive_thru,car,CAR 461  (+0:46),,4,In_n_Out_log_2026-09-06_193227.json,2026-09-06,,,,,,,,461.0,0.0,0.0,,,,,,,,,,,,,,,,,,46.0,,,,False,,2026-08-24 20:30:00-07:00,0.7666666666666667,False,22,2026-08-24 20:30:00-07:00,46.0,1,-25.924999999999997,2026-08-24,False,False,33.0,False,2026-08-24,39.0,False,2026-08-24,70.0,False,2026-08-24,47.333333333333336,54.5,78,0.8685015290519879,0
1159,38,2026-08-24 20:31:57-07:00,2026-08-24,20:31:57,drive_thru,car,CAR 462  (+1:11),,4,In_n_Out_log_2026-09-06_193227.json,2026-09-06,,,,,,,,462.0,0.0,0.0,,,,,,,,,,,,,,,,,,71.0,,,,False,,2026-08-24 20:30:46-07:00,1.1833333333333333,False,22,2026-08-24 20:30:46-07:00,71.0,1,-0.9249999999999972,2026-08-24,False,False,46.0,False,2026-08-24,33.0,False,2026-08-24,39.0,False,2026-08-24,39.333333333333336,54.5,78,0.7217125382262998,0
1160,38,2026-08-24 20:33:03-07:00,2026-08-24,20:33:03,drive_thru,car,CAR 463  (+1:06),,4,In_n_Out_log_2026-09-06_193227.json,2026-09-06,,,,,,,,463.0,0.0,0.0,,,,,,,,,,,,,,,,,,66.0,,,,False,,2026-08-24 20:31:57-07:00,1.1,False,22,2026-08-24 20:31:57-07:00,66.0,1,-5.924999999999997,2026-08-24,False,False,71.0,False,2026-08-24,46.0,False,2026-08-24,33.0,False,2026-08-24,50.0,54.5,78,0.9174311926605505,1
1161,38,2026-08-24 20:36:30-07:00,2026-08-24,20:36:30,drive_thru,car,CAR 464  (+3:27),,4,In_n_Out_log_2026-09-06_193227.json,2026-09-06,,,,,,,,464.0,0.0,0.0,,,,,,,,,,,,,,,,,,207.0,,,,False,,2026-08-24 20:33:03-07:00,3.45,False,22,2026-08-24 20:33:03-07:00,207.0,1,135.075,2026-08-24,False,False,66.0,False,2026-08-24,71.0,False,2026-08-24,46.0,False,2026-08-24,61.0,54.5,78,1.1192660550458715,1
1163,38,2026-08-24 20:38:51-07:00,2026-08-24,20:38:51,drive_thru,car,CAR 465  (+2:21),,4,In_n_Out_log_2026-09-06_193227.json,2026-09-06,,,,,,,,465.0,0.0,0.0,,,,,,,,,,,,,,,,,,141.0,,,,False,,2026-08-24 20:36:30-07:00,2.35,False,22,2026-08-24 20:36:30-07:00,141.0,1,69.075,2026-08-24,False,False,207.0,False,2026-08-24,66.0,False,2026-08-24,71.0,False,2026-08-24,114.66666666666667,54.5,78,2.1039755351681957,3
1164,38,2026-08-24 20:39:50-07:00,2026-08-24,20:39:50,drive_thru,car,CAR 466  (+0:59),,4,In_n_Out_log_2026-09-06_193227.json,2026-09-06,,,,,,,,466.0,0.0,0.0,,,,,,,,,,,,,,,,,,59.0,,,,False,,2026-08-24 20:38:51-07:00,0.9833333333333333,False,22,2026-08-24 20:38:51-07:00,59.0,1,-12.924999999999997,2026-08-24,False,False,141.0,False,2026-08-24,207.0,False,2026-08-24,66.0,False,2026-08-24,138.0,54.5,78,2.532110091743119,3
1166,38,2026-08-24 20:40:53-07:00,2026-08-24,20:40:53,drive_thru,car,CAR 467  (+1:03),,4,In_n_Out_log_2026-09-06_193227.json,2026-09-06,,,,,,,,467.0,0.0,0.0,,,,,,,,,,,,,,,,,,63.0,,,,False,,2026-08-24 20:39:50-07:00,1.05,False,22,2026-08-24 20:39:50-07:00,63.0,1,-8.924999999999997,2026-08-24,False,False,59.0,False,2026-08-24,141.0,False,2026-08-24,207.0,False,2026-08-24,135.66666666666666,54.5,78,2.489296636085627,3
1167,38,2026-08-24 20:41:43-07:00,2026-08-24,20:41:43,drive_thru,car,CAR 468  (+0:50),,4,In_n_Out_log_2026-09-06_193227.json,2026-09-06,,,,,,,,468.0,0.0,0.0,,,,,,,,,,,,,,,,,,50.0,,,,False,,2026-08-24 20:40:53-07:00,0.8333333333333334,False,22,2026-08-24 20:40:53-07:00,50.0,1,-21.924999999999997,2026-08-24,False,False,63.0,False,2026-08-24,59.0,False,2026-08-24,141.0,False,2026-08-24,87.66666666666667,54.5,78,1.6085626911314985,3
1169,38,2026-08-24 20:44:58-07:00,2026-08-24,20:44:58,drive_thru,car,CAR 469  (+3:15),,4,In_n_Out_log_2026-09-06_193227.json,2026-09-06,,,,,,,,469.0,0.0,0.0,,,,,,,,,,,,,,,,,,195.0,,,,False,,2026-08-24 20:41:43-07:00,3.25,False,22,2026-08-24 20:41:43-07:00,195.0,1,123.075,2026-08-24,False,False,50.0,False,2026-08-24,63.0,False,2026-08-24,59.0,False,2026-08-24,57.333333333333336,54.5,78,1.0519877675840978,1
1170,38,2026-08-24 20:45:47-07:00,2026-08-24,20:45:47,drive_thru,car,CAR 470  (+0:49),,4,In_n_Out_log_2026-09-06_193227.json,2026-09-06,,,,,,,,470.0,0.0,0.0,,,,,,,,,,,,,,,,,,49.0,,,,False,,2026-08-24 20:44:58-07:00,0.8166666666666667,False,22,2026-08-24 20:44:58-07:00,49.0,1,-22.924999999999997,2026-08-24,False,False,195.0,False,2026-08-24,50.0,False,2026-08-24,63.0,False,2026-08-24,102.66666666666667,54.5,78,1.8837920489296638,3
1171,38,2026-08-24 20:47:54-07:00,2026-08-24,20:47:54,drive_thru,car,CAR 471  (+2:07),,4,In_n_Out_log_2026-09-06_193227.json,2026-09-06,,,,,,,,471.0,0.0,0.0,,,,,,,,,,,,,,,,,,127.0,,,,False,,2026-08-24 20:45:47-07:00,2.1166666666666667,False,22,2026-08-24 20:45:47-07:00,127.0,1,55.075,2026-08-24,False,False,49.0,False,2026-08-24,195.0,False,2026-08-24,50.0,False,2026-08-24,98.0,54.5,78,1.798165137614679,3
1172,38,2026-08-24 20:49:13-07:00,2026-08-24,20:49:13,drive_thru,car,CAR 472  (+1:19),,4,In_n_Out_log_2026-09-06_193227.json,2026-09-06,,,,,,,,472.0,0.0,0.0,,,,,,,,,,,,,,,,,,79.0,,,,False,,2026-08-24 20:47:54-07:00,1.3166666666666667,False,22,2026-08-24 20:47:54-07:00,79.0,1,7.075000000000003,2026-08-24,False,False,127.0,False,2026-08-24,49.0,False,2026-08-24,195.0,False,2026-08-24,123.66666666666667,54.5,78,2.2691131498470947,3
1173,38,2026-08-24 20:49:40-07:00,2026-08-24,20:49:40,drive_thru,car,CAR 473  (+0:27),,4,In_n_Out_log_2026-09-06_193227.json,2026-09-06,,,,,,,,473.0,0.0,0.0,,,,,,,,,,,,,,,,,,27.0,,,,False,,2026-08-24 20:49:13-07:00,0.45,False,22,2026-08-24 20:49:13-07:00,27.0,1,-44.925,2026-08-24,False,False,79.0,False,2026-08-24,127.0,False,2026-08-24,49.0,False,2026-08-24,85.0,54.5,78,1.5596330275229358,2
1174,38,2026-08-24 20:50:28-07:00,2026-08-24,20:50:28,drive_thru,car,CAR 474  (+0:48),,4,In_n_Out_log_2026-09-06_193227.json,2026-09-06,,,,,,,,474.0,0.0,0.0,,,,,,,,,,,,,,,,,,48.0,,,,False,,2026-08-24 20:49:40-07:00,0.8,False,22,2026-08-24 20:49:40-07:00,48.0,1,-23.924999999999997,2026-08-24,False,False,27.0,False,2026-08-24,79.0,False,2026-08-24,127.0,False,2026-08-24,77.66666666666667,54.5,78,1.4250764525993884,2
1175,38,2026-08-24 20:51:33-07:00,2026-08-24,20:51:33,drive_thru,car,CAR 475  (+1:05),,4,In_n_Out_log_2026-09-06_193227.json,2026-09-06,,,,,,,,475.0,0.0,0.0,,,,,,,,,,,,,,,,,,65.0,,,,False,,2026-08-24 20:50:28-07:00,1.0833333333333333,False,22,2026-08-24 20:50:28-07:00,65.0,1,-6.924999999999997,2026-08-24,False,False,48.0,False,2026-08-24,27.0,False,2026-08-24,79.0,False,2026-08-24,51.333333333333336,54.5,78,0.9418960244648319,1
1176,38,2026-08-24 20:52:25-07:00,2026-08-24,20:52:25,drive_thru,car,CAR 476  (+0:52),,4,In_n_Out_log_2026-09-06_193227.json,2026-09-06,,,,,,,,476.0,0.0,0.0,,,,,,,,,,,,,,,,,,52.0,,,,False,,2026-08-24 20:51:33-07:00,0.8666666666666667,False,22,2026-08-24 20:51:33-07:00,52.0,1,-19.924999999999997,2026-08-24,False,False,65.0,False,2026-08-24,48.0,False,2026-08-24,27.0,False,2026-08-24,46.666666666666664,54.5,78,0.8562691131498471,0
1177,38,2026-08-24 20:54:34-07:00,2026-08-24,20:54:34,drive_thru,car,CAR 477  (+2:10),,4,In_n_Out_log_2026-09-06_193227.json,2026-09-06,,,,,,,,477.0,0.0,0.0,,,,,,,,,,,,,,,,,,130.0,,,,False,,2026-08-24 20:52:25-07:00,2.15,False,22,2026-08-24 20:52:25-07:00,129.0,1,57.075,2026-08-24,False,False,52.0,False,2026-08-24,65.0,False,2026-08-24,48.0,False,2026-08-24,55.0,54.5,78,1.0091743119266054,1
1178,38,2026-08-24 20:55:27-07:00,2026-08-24,20:55:27,drive_thru,car,CAR 478  (+0:52),,4,In_n_Out_log_2026-09-06_193227.json,2026-09-06,,,,,,,,478.0,0.0,0.0,,,,,,,,,,,,,,,,,,52.0,,,,False,,2026-08-24 20:54:34-07:00,0.8833333333333333,False,22,2026-08-24 20:54:34-07:00,53.0,1,-18.924999999999997,2026-08-24,False,False,129.0,False,2026-08-24,52.0,False,2026-08-24,65.0,False,2026-08-24,82.0,54.5,78,1.5045871559633028,2
1179,38,2026-08-24 20:58:59-07:00,2026-08-24,20:58:59,drive_thru,car,CAR 479  (+3:32),,4,In_n_Out_log_2026-09-06_193227.json,2026-09-06,,,,,,,,479.0,0.0,0.0,,,,,,,,,,,,,,,,,,212.0,,,,False,,2026-08-24 20:55:27-07:00,3.533333333333333,False,22,2026-08-24 20:55:27-07:00,212.0,1,140.075,2026-08-24,False,False,53.0,False,2026-08-24,129.0,False,2026-08-24,52.0,False,2026-08-24,78.0,54.5,78,1.4311926605504588,2
1180,38,2026-08-24 21:00:16-07:00,2026-08-24,21:00:16,drive_thru,car,CAR 480  (+1:18),,4,In_n_Out_log_2026-09-06_193227.json,2026-09-06,,,,,,,,480.0,0.0,0.0,,,,,,,,,,,,,,,,,,78.0,,,,False,,2026-08-24 20:58:59-07:00,1.2833333333333334,False,22,2026-08-24 20:58:59-07:00,77.0,1,5.075000000000003,2026-08-24,False,False,212.0,False,2026-08-24,53.0,False,2026-08-24,129.0,False,2026-08-24,131.33333333333334,54.5,78,2.4097859327217126,3
1181,38,2026-08-24 21:02:18-07:00,2026-08-24,21:02:18,drive_thru,car,CAR 481  (+2:01),,4,In_n_Out_log_2026-09-06_193227.json,2026-09-06,,,,,,,,481.0,0.0,0.0,,,,,,,,,,,,,,,,,,121.0,,,,False,,2026-08-24 21:00:16-07:00,2.033333333333333,False,22,2026-08-24 21:00:16-07:00,122.0,1,50.075,2026-08-24,False,False,77.0,False,2026-08-24,212.0,False,2026-08-24,53.0,False,2026-08-24,114.0,54.5,78,2.091743119266055,3
1182,38,2026-08-24 21:04:29-07:00,2026-08-24,21:04:29,drive_thru,car,CAR 482  (+2:11),,4,In_n_Out_log_2026-09-06_193227.json,2026-09-06,,,,,,,,482.0,0.0,0.0,,,,,,,,,,,,,,,,,,131.0,,,,False,,2026-08-24 21:02:18-07:00,2.183333333333333,False,22,2026-08-24 21:02:18-07:00,131.0,1,59.075,2026-08-24,False,False,122.0,False,2026-08-24,77.0,False,2026-08-24,212.0,False,2026-08-24,137.0,54.5,78,2.5137614678899083,3
1183,38,2026-08-24 21:05:30-07:00,2026-08-24,21:05:30,drive_thru,car,CAR 483  (+1:01),,4,In_n_Out_log_2026-09-06_193227.json,2026-09-06,,,,,,,,483.0,0.0,0.0,,,,,,,,,,,,,,,,,,61.0,,,,False,,2026-08-24 21:04:29-07:00,1.0166666666666666,False,22,2026-08-24 21:04:29-07:00,61.0,1,-10.924999999999997,2026-08-24,False,False,131.0,False,2026-08-24,122.0,False,2026-08-24,77.0,False,2026-08-24,110.0,54.5,78,2.018348623853211,3
1184,38,2026-08-24 21:06:52-07:00,2026-08-24,21:06:52,drive_thru,car,CAR 484  (+1:22),,4,In_n_Out_log_2026-09-06_193227.json,2026-09-06,,,,,,,,484.0,0.0,0.0,,,,,,,,,,,,,,,,,,82.0,,,,False,,2026-08-24 21:05:30-07:00,1.3666666666666667,False,22,2026-08-24 21:05:30-07:00,82.0,1,10.075000000000003,2026-08-24,False,False,61.0,False,2026-08-24,131.0,False,2026-08-24,122.0,False,2026-08-24,104.66666666666667,54.5,78,1.9204892966360858,3
1185,38,2026-08-24 21:07:10-07:00,2026-08-24,21:07:10,drive_thru,car,CAR 485  (+0:19),,4,In_n_Out_log_2026-09-06_193227.json,2026-09-06,,,,,,,,485.0,0.0,0.0,,,,,,,,,,,,,,,,,,19.0,,,,False,,2026-08-24 21:06:52-07:00,0.3,False,22,2026-08-24 21:06:52-07:00,18.0,1,-53.925,2026-08-24,False,False,82.0,False,2026-08-24,61.0,False,2026-08-24,131.0,False,2026-08-24,91.33333333333333,54.5,78,1.6758409785932722,3
1186,38,2026-08-24 21:09:29-07:00,2026-08-24,21:09:29,drive_thru,car,CAR 486  (+2:19),,4,In_n_Out_log_2026-09-06_193227.json,2026-09-06,,,,,,,,486.0,0.0,0.0,,,,,,,,,,,,,,,,,,139.0,,,,False,,2026-08-24 21:07:10-07:00,2.316666666666667,False,22,2026-08-24 21:07:10-07:00,139.0,1,67.075,2026-08-24,False,False,18.0,False,2026-08-24,82.0,False,2026-08-24,61.0,False,2026-08-24,53.666666666666664,54.5,78,0.9847094801223241,1
1187,38,2026-08-24 21:10:51-07:00,2026-08-24,21:10:51,drive_thru,car,CAR 487  (+1:22),,4,In_n_Out_log_2026-09-06_193227.json,2026-09-06,,,,,,,,487.0,0.0,0.0,,,,,,,,,,,,,,,,,,82.0,,,,False,,2026-08-24 21:09:29-07:00,1.3666666666666667,False,22,2026-08-24 21:09:29-07:00,82.0,1,10.075000000000003,2026-08-24,False,False,139.0,False,2026-08-24,18.0,False,2026-08-24,82.0,False,2026-08-24,79.66666666666667,54.5,78,1.4617737003058104,2
1188,38,2026-08-24 21:14:09-07:00,2026-08-24,21:14:09,drive_thru,car,CAR 488  (+3:18),,4,In_n_Out_log_2026-09-06_193227.json,2026-09-06,,,,,,,,488.0,0.0,0.0,,,,,,,,,,,,,,,,,,198.0,,,,False,,2026-08-24 21:10:51-07:00,3.3,False,22,2026-08-24 21:10:51-07:00,198.0,1,126.075,2026-08-24,False,False,82.0,False,2026-08-24,139.0,False,2026-08-24,18.0,False,2026-08-24,79.66666666666667,54.5,78,1.4617737003058104,2
1189,38,2026-08-24 21:14:40-07:00,2026-08-24,21:14:40,drive_thru,car,CAR 489  (+0:32),,4,In_n_Out_log_2026-09-06_193227.json,2026-09-06,,,,,,,,489.0,0.0,0.0,,,,,,,,,,,,,,,,,,32.0,,,,False,,2026-08-24 21:14:09-07:00,0.5166666666666667,False,22,2026-08-24 21:14:09-07:00,31.0,1,-40.925,2026-08-24,False,False,198.0,False,2026-08-24,82.0,False,2026-08-24,139.0,False,2026-08-24,139.66666666666666,54.5,78,2.562691131498471,3
1190,38,2026-08-24 21:15:04-07:00,2026-08-24,21:15:04,drive_thru,car,CAR 490  (+0:23),,4,In_n_Out_log_2026-09-06_193227.json,2026-09-06,,,,,,,,490.0,0.0,0.0,,,,,,,,,,,,,,,,,,23.0,,,,False,,2026-08-24 21:14:40-07:00,0.4,False,22,2026-08-24 21:14:40-07:00,24.0,1,-47.925,2026-08-24,False,False,31.0,False,2026-08-24,198.0,False,2026-08-24,82.0,False,2026-08-24,103.66666666666667,54.5,78,1.9021406727828747,3
1191,38,2026-08-24 21:15:45-07:00,2026-08-24,21:15:45,drive_thru,car,CAR 491  (+0:41),,4,In_n_Out_log_2026-09-06_193227.json,2026-09-06,,,,,,,,491.0,0.0,0.0,,,,,,,,,,,,,,,,,,41.0,,,,False,,2026-08-24 21:15:04-07:00,0.6833333333333333,False,22,2026-08-24 21:15:04-07:00,41.0,1,-30.924999999999997,2026-08-24,False,False,24.0,False,2026-08-24,31.0,False,2026-08-24,198.0,False,2026-08-24,84.33333333333333,54.5,78,1.547400611620795,2
1192,38,2026-08-24 21:16:13-07:00,2026-08-24,21:16:13,drive_thru,car,CAR 492  (+0:28),,4,In_n_Out_log_2026-09-06_193227.json,2026-09-06,,,,,,,,492.0,0.0,0.0,,,,,,,,,,,,,,,,,,28.0,,,,False,,2026-08-24 21:15:45-07:00,0.4666666666666667,False,22,2026-08-24 21:15:45-07:00,28.0,1,-43.925,2026-08-24,False,False,41.0,False,2026-08-24,24.0,False,2026-08-24,31.0,False,2026-08-24,32.0,54.5,78,0.5871559633027523,0
1193,38,2026-08-24 21:16:31-07:00,2026-08-24,21:16:31,drive_thru,car,CAR 493  (+0:18),,4,In_n_Out_log_2026-09-06_193227.json,2026-09-06,,,,,,,,493.0,0.0,0.0,,,,,,,,,,,,,,,,,,18.0,,,,False,,2026-08-24 21:16:13-07:00,0.3,False,22,2026-08-24 21:16:13-07:00,18.0,1,-53.925,2026-08-24,False,False,28.0,False,2026-08-24,41.0,False,2026-08-24,24.0,False,2026-08-24,31.0,54.5,78,0.5688073394495413,0
1196,38,2026-08-24 21:18:20-07:00,2026-08-24,21:18:20,drive_thru,car,CAR 494  (+1:49),,4,In_n_Out_log_2026-09-06_193227.json,2026-09-06,,,,,,,,494.0,0.0,0.0,,,,,,,,,,,,,,,,,,109.0,,,,False,,2026-08-24 21:16:31-07:00,1.8166666666666667,False,22,2026-08-24 21:16:31-07:00,109.0,1,37.075,2026-08-24,True,True,18.0,False,2026-08-24,28.0,False,2026-08-24,41.0,False,2026-08-24,29.0,54.5,78,0.5321100917431193,0
1200,38,2026-08-24 21:25:24-07:00,2026-08-24,21:25:24,drive_thru,car,CAR 498  (+0:40),,4,In_n_Out_log_2026-09-06_193227.json,2026-09-06,,,,,,,,498.0,0.0,0.0,,,,,,,,,,,,,,,,,,40.0,,,,False,,2026-08-24 21:24:43-07:00,0.6833333333333333,False,22,2026-08-24 21:24:43-07:00,41.0,1,-30.924999999999997,2026-08-24,False,False,231.0,False,2026-08-24,37.0,False,2026-08-24,115.0,False,2026-08-24,127.66666666666667,54.5,78,2.3425076452599387,3
1201,38,2026-08-24 21:28:10-07:00,2026-08-24,21:28:10,drive_thru,car,CAR 499  (+2:47),,4,In_n_Out_log_2026-09-06_193227.json,2026-09-06,,,,,,,,499.0,0.0,0.0,,,,,,,,,,,,,,,,,,167.0,,,,False,,2026-08-24 21:25:24-07:00,2.7666666666666666,False,22,2026-08-24 21:25:24-07:00,166.0,1,94.075,2026-08-24,False,False,41.0,False,2026-08-24,231.0,False,2026-08-24,37.0,False,2026-08-24,103.0,54.5,78,1.889908256880734,3
1202,38,2026-08-24 21:28:46-07:00,2026-08-24,21:28:46,drive_thru,car,CAR 500  (+0:36),,4,In_n_Out_log_2026-09-06_193227.json,2026-09-06,,,,,,,,500.0,0.0,0.0,,,,,,,,,,,,,,,,,,36.0,,,,False,,2026-08-24 21:28:10-07:00,0.6,False,22,2026-08-24 21:28:10-07:00,36.0,1,-35.925,2026-08-24,False,False,166.0,False,2026-08-24,41.0,False,2026-08-24,231.0,False,2026-08-24,146.0,54.5,78,2.6788990825688073,3
1203,38,2026-08-24 21:29:22-07:00,2026-08-24,21:29:22,drive_thru,car,CAR 501  (+0:36),,4,In_n_Out_log_2026-09-06_193227.json,2026-09-06,,,,,,,,501.0,0.0,0.0,,,,,,,,,,,,,,,,,,36.0,,,,False,,2026-08-24 21:28:46-07:00,0.6,False,22,2026-08-24 21:28:46-07:00,36.0,1,-35.925,2026-08-24,False,False,36.0,False,2026-08-24,166.0,False,2026-08-24,41.0,False,2026-08-24,81.0,54.5,78,1.4862385321100917,2
1204,38,2026-08-24 21:29:43-07:00,2026-08-24,21:29:43,drive_thru,car,CAR 502  (+0:21),,4,In_n_Out_log_2026-09-06_193227.json,2026-09-06,,,,,,,,502.0,0.0,0.0,,,,,,,,,,,,,,,,,,21.0,,,,False,,2026-08-24 21:29:22-07:00,0.35,False,22,2026-08-24 21:29:22-07:00,21.0,1,-50.925,2026-08-24,False,False,36.0,False,2026-08-24,36.0,False,2026-08-24,166.0,False,2026-08-24,79.33333333333333,54.5,78,1.45565749235474,2
1205,38,2026-08-24 21:29:55-07:00,2026-08-24,21:29:55,drive_thru,car,CAR 503  (+0:12),,4,In_n_Out_log_2026-09-06_193227.json,2026-09-06,,,,,,,,503.0,0.0,0.0,,,,,,,,,,,,,,,,,,12.0,,,,False,,2026-08-24 21:29:43-07:00,0.2,False,22,2026-08-24 21:29:43-07:00,12.0,1,-59.925,2026-08-24,False,False,21.0,False,2026-08-24,36.0,False,2026-08-24,36.0,False,2026-08-24,31.0,54.5,78,0.5688073394495413,0
1206,38,2026-08-24 21:30:44-07:00,2026-08-24,21:30:44,drive_thru,car,CAR 504  (+0:49),,4,In_n_Out_log_2026-09-06_193227.json,2026-09-06,,,,,,,,504.0,0.0,0.0,,,,,,,,,,,,,,,,,,49.0,,,,False,,2026-08-24 21:29:55-07:00,0.8166666666666667,False,22,2026-08-24 21:29:55-07:00,49.0,1,-22.924999999999997,2026-08-24,False,False,12.0,False,2026-08-24,21.0,False,2026-08-24,36.0,False,2026-08-24,23.0,54.5,78,0.42201834862385323,0
1207,38,2026-08-24 21:31:45-07:00,2026-08-24,21:31:45,drive_thru,car,CAR 505  (+1:01),,4,In_n_Out_log_2026-09-06_193227.json,2026-09-06,,,,,,,,505.0,0.0,0.0,,,,,,,,,,,,,,,,,,61.0,,,,False,,2026-08-24 21:30:44-07:00,1.0166666666666666,False,22,2026-08-24 21:30:44-07:00,61.0,1,-10.924999999999997,2026-08-24,False,False,49.0,False,2026-08-24,12.0,False,2026-08-24,21.0,False,2026-08-24,27.333333333333332,54.5,78,0.5015290519877675,0
1209,38,2026-08-24 21:33:56-07:00,2026-08-24,21:33:56,drive_thru,car,CAR 506  (+2:10),,4,In_n_Out_log_2026-09-06_193227.json,2026-09-06,,,,,,,,506.0,0.0,0.0,,,,,,,,,,,,,,,,,,130.0,,,,False,,2026-08-24 21:31:45-07:00,2.183333333333333,False,22,2026-08-24 21:31:45-07:00,131.0,1,59.075,2026-08-24,False,False,61.0,False,2026-08-24,49.0,False,2026-08-24,12.0,False,2026-08-24,40.666666666666664,54.5,78,0.746177370030581,0
1210,38,2026-08-24 21:34:28-07:00,2026-08-24,21:34:28,drive_thru,car,CAR 507  (+0:33),,4,In_n_Out_log_2026-09-06_193227.json,2026-09-06,,,,,,,,507.0,0.0,0.0,,,,,,,,,,,,,,,,,,33.0,,,,False,,2026-08-24 21:33:56-07:00,0.5333333333333333,False,22,2026-08-24 21:33:56-07:00,32.0,1,-39.925,2026-08-24,False,False,131.0,False,2026-08-24,61.0,False,2026-08-24,49.0,False,2026-08-24,80.33333333333333,54.5,78,1.474006116207951,2
1211,38,2026-08-24 21:34:52-07:00,2026-08-24,21:34:52,drive_thru,car,CAR 508  (+0:24),,4,In_n_Out_log_2026-09-06_193227.json,2026-09-06,,,,,,,,508.0,0.0,0.0,,,,,,,,,,,,,,,,,,24.0,,,,False,,2026-08-24 21:34:28-07:00,0.4,False,22,2026-08-24 21:34:28-07:00,24.0,1,-47.925,2026-08-24,False,False,32.0,False,2026-08-24,131.0,False,2026-08-24,61.0,False,2026-08-24,74.66666666666667,54.5,78,1.3700305810397555,2
1214,38,2026-08-24 21:36:39-07:00,2026-08-24,21:36:39,drive_thru,car,CAR 509  (+1:48),,4,In_n_Out_log_2026-09-06_193227.json,2026-09-06,,,,,,,,509.0,0.0,0.0,,,,,,,,,,,,,,,,,,108.0,,,,False,,2026-08-24 21:34:52-07:00,1.7833333333333334,False,22,2026-08-24 21:34:52-07:00,107.0,1,35.075,2026-08-24,True,True,24.0,False,2026-08-24,32.0,False,2026-08-24,131.0,False,2026-08-24,62.333333333333336,54.5,78,1.143730886850153,1
1218,38,2026-08-24 21:39:39-07:00,2026-08-24,21:39:39,drive_thru,car,CAR 513  (+1:01),,4,In_n_Out_log_2026-09-06_193227.json,2026-09-06,,,,,,,,513.0,0.0,0.0,,,,,,,,,,,,,,,,,,61.0,,,,False,,2026-08-24 21:38:38-07:00,1.0166666666666666,False,22,2026-08-24 21:38:38-07:00,61.0,1,-10.924999999999997,2026-08-24,False,False,56.0,False,2026-08-24,37.0,False,2026-08-24,26.0,False,2026-08-24,39.666666666666664,54.5,78,0.72782874617737,0
1219,38,2026-08-24 21:40:26-07:00,2026-08-24,21:40:26,drive_thru,car,CAR 514  (+0:46),,4,In_n_Out_log_2026-09-06_193227.json,2026-09-06,,,,,,,,514.0,0.0,0.0,,,,,,,,,,,,,,,,,,46.0,,,,False,,2026-08-24 21:39:39-07:00,0.7833333333333333,False,22,2026-08-24 21:39:39-07:00,47.0,1,-24.924999999999997,2026-08-24,False,False,61.0,False,2026-08-24,56.0,False,2026-08-24,37.0,False,2026-08-24,51.333333333333336,54.5,78,0.9418960244648319,1
1220,38,2026-08-24 21:41:55-07:00,2026-08-24,21:41:55,drive_thru,car,CAR 515  (+1:29),,4,In_n_Out_log_2026-09-06_193227.json,2026-09-06,,,,,,,,515.0,0.0,0.0,,,,,,,,,,,,,,,,,,89.0,,,,False,,2026-08-24 21:40:26-07:00,1.4833333333333334,False,22,2026-08-24 21:40:26-07:00,89.0,1,17.075000000000003,2026-08-24,False,False,47.0,False,2026-08-24,61.0,False,2026-08-24,56.0,False,2026-08-24,54.666666666666664,54.5,78,1.003058103975535,1
1229,39,2026-08-25 11:10:26-07:00,2026-08-25,11:10:26,drive_thru,car,CAR 520  (+0:29),,4,In_n_Out_log_2026-09-06_193227.json,2026-09-06,,,,,,,,520.0,0.0,0.0,,,,,,,,,,,,,,,,,,29.0,,,,False,,2026-08-25 11:09:57-07:00,0.48333333333333334,False,23,2026-08-25 11:09:57-07:00,29.0,1,-40.224999999999994,2026-08-25,False,False,124.0,False,2026-08-25,43.0,False,2026-08-25,13.0,False,2026-08-25,60.0,37.0,39,1.6216216216216217,3
1230,39,2026-08-25 11:11:43-07:00,2026-08-25,11:11:43,drive_thru,car,CAR 521  (+1:17),,4,In_n_Out_log_2026-09-06_193227.json,2026-09-06,,,,,,,,521.0,0.0,0.0,,,,,,,,,,,,,,,,,,77.0,,,,False,,2026-08-25 11:10:26-07:00,1.2833333333333334,False,23,2026-08-25 11:10:26-07:00,77.0,1,7.775000000000006,2026-08-25,False,False,29.0,False,2026-08-25,124.0,False,2026-08-25,43.0,False,2026-08-25,65.33333333333333,37.0,39,1.7657657657657657,3
1232,39,2026-08-25 11:12:08-07:00,2026-08-25,11:12:08,drive_thru,car,CAR 522  (+0:25),,4,In_n_Out_log_2026-09-06_193227.json,2026-09-06,,,,,,,,522.0,0.0,0.0,,,,,,,,,,,,,,,,,,25.0,,,,False,,2026-08-25 11:11:43-07:00,0.4166666666666667,False,23,2026-08-25 11:11:43-07:00,25.0,1,-44.224999999999994,2026-08-25,False,False,77.0,False,2026-08-25,29.0,False,2026-08-25,124.0,False,2026-08-25,76.66666666666667,37.0,39,2.0720720720720722,3
1233,39,2026-08-25 11:12:43-07:00,2026-08-25,11:12:43,drive_thru,car,CAR 523  (+0:35),,4,In_n_Out_log_2026-09-06_193227.json,2026-09-06,,,,,,,,523.0,0.0,0.0,,,,,,,,,,,,,,,,,,35.0,,,,False,,2026-08-25 11:12:08-07:00,0.5833333333333334,False,23,2026-08-25 11:12:08-07:00,35.0,1,-34.224999999999994,2026-08-25,False,False,25.0,False,2026-08-25,77.0,False,2026-08-25,29.0,False,2026-08-25,43.666666666666664,37.0,39,1.1801801801801801,1
1234,39,2026-08-25 11:13:11-07:00,2026-08-25,11:13:11,drive_thru,car,CAR 524  (+0:28),,4,In_n_Out_log_2026-09-06_193227.json,2026-09-06,,,,,,,,524.0,0.0,0.0,,,,,,,,,,,,,,,,,,28.0,,,,False,,2026-08-25 11:12:43-07:00,0.4666666666666667,False,23,2026-08-25 11:12:43-07:00,28.0,1,-41.224999999999994,2026-08-25,False,False,35.0,False,2026-08-25,25.0,False,2026-08-25,77.0,False,2026-08-25,45.666666666666664,37.0,39,1.234234234234234,2
1235,39,2026-08-25 11:13:41-07:00,2026-08-25,11:13:41,drive_thru,car,CAR 525  (+0:29),,4,In_n_Out_log_2026-09-06_193227.json,2026-09-06,,,,,,,,525.0,0.0,0.0,,,,,,,,,,,,,,,,,,29.0,,,,False,,2026-08-25 11:13:11-07:00,0.5,False,23,2026-08-25 11:13:11-07:00,30.0,1,-39.224999999999994,2026-08-25,False,False,28.0,False,2026-08-25,35.0,False,2026-08-25,25.0,False,2026-08-25,29.333333333333332,37.0,39,0.7927927927927928,0
1236,39,2026-08-25 11:14:40-07:00,2026-08-25,11:14:40,drive_thru,car,CAR 526  (+0:59),,4,In_n_Out_log_2026-09-06_193227.json,2026-09-06,,,,,,,,526.0,0.0,0.0,,,,,,,,,,,,,,,,,,59.0,,,,False,,2026-08-25 11:13:41-07:00,0.9833333333333333,False,23,2026-08-25 11:13:41-07:00,59.0,1,-10.224999999999994,2026-08-25,False,False,30.0,False,2026-08-25,28.0,False,2026-08-25,35.0,False,2026-08-25,31.0,37.0,39,0.8378378378378378,0
1237,39,2026-08-25 11:16:32-07:00,2026-08-25,11:16:32,drive_thru,car,CAR 527  (+1:52),,4,In_n_Out_log_2026-09-06_193227.json,2026-09-06,,,,,,,,527.0,0.0,0.0,,,,,,,,,,,,,,,,,,112.0,,,,False,,2026-08-25 11:14:40-07:00,1.8666666666666667,False,23,2026-08-25 11:14:40-07:00,112.0,1,42.775000000000006,2026-08-25,False,False,59.0,False,2026-08-25,30.0,False,2026-08-25,28.0,False,2026-08-25,39.0,37.0,39,1.054054054054054,1
1238,39,2026-08-25 11:16:57-07:00,2026-08-25,11:16:57,drive_thru,car,CAR 528  (+0:25),,4,In_n_Out_log_2026-09-06_193227.json,2026-09-06,,,,,,,,528.0,0.0,0.0,,,,,,,,,,,,,,,,,,25.0,,,,False,,2026-08-25 11:16:32-07:00,0.4166666666666667,False,23,2026-08-25 11:16:32-07:00,25.0,1,-44.224999999999994,2026-08-25,False,False,112.0,False,2026-08-25,59.0,False,2026-08-25,30.0,False,2026-08-25,67.0,37.0,39,1.8108108108108107,3
1241,39,2026-08-25 11:17:51-07:00,2026-08-25,11:17:51,drive_thru,car,CAR 529  (+0:54),,4,In_n_Out_log_2026-09-06_193227.json,2026-09-06,,,,,,,,529.0,0.0,0.0,,,,,,,,,,,,,,,,,,54.0,,,,False,,2026-08-25 11:16:57-07:00,0.9,False,23,2026-08-25 11:16:57-07:00,54.0,1,-15.224999999999994,2026-08-25,False,False,25.0,False,2026-08-25,112.0,False,2026-08-25,59.0,False,2026-08-25,65.33333333333333,37.0,39,1.7657657657657657,3
1242,39,2026-08-25 11:19:56-07:00,2026-08-25,11:19:56,drive_thru,car,CAR 530  (+2:05),,4,In_n_Out_log_2026-09-06_193227.json,2026-09-06,,,,,,,,530.0,0.0,0.0,,,,,,,,,,,,,,,,,,125.0,,,,False,,2026-08-25 11:17:51-07:00,2.0833333333333335,False,23,2026-08-25 11:17:51-07:00,125.0,1,55.775000000000006,2026-08-25,False,False,54.0,False,2026-08-25,25.0,False,2026-08-25,112.0,False,2026-08-25,63.666666666666664,37.0,39,1.7207207207207207,3
1244,39,2026-08-25 11:20:23-07:00,2026-08-25,11:20:23,drive_thru,car,CAR 531  (+0:27),,4,In_n_Out_log_2026-09-06_193227.json,2026-09-06,,,,,,,,531.0,0.0,0.0,,,,,,,,,,,,,,,,,,27.0,,,,False,,2026-08-25 11:19:56-07:00,0.45,False,23,2026-08-25 11:19:56-07:00,27.0,1,-42.224999999999994,2026-08-25,False,False,125.0,False,2026-08-25,54.0,False,2026-08-25,25.0,False,2026-08-25,68.0,37.0,39,1.837837837837838,3
1245,39,2026-08-25 11:21:09-07:00,2026-08-25,11:21:09,drive_thru,car,CAR 532  (+0:46),,4,In_n_Out_log_2026-09-06_193227.json,2026-09-06,,,,,,,,532.0,0.0,0.0,,,,,,,,,,,,,,,,,,46.0,,,,False,,2026-08-25 11:20:23-07:00,0.7666666666666667,False,23,2026-08-25 11:20:23-07:00,46.0,1,-23.224999999999994,2026-08-25,False,False,27.0,False,2026-08-25,125.0,False,2026-08-25,54.0,False,2026-08-25,68.66666666666667,37.0,39,1.855855855855856,3
1246,39,2026-08-25 11:21:22-07:00,2026-08-25,11:21:22,drive_thru,car,CAR 533  (+0:13),,4,In_n_Out_log_2026-09-06_193227.json,2026-09-06,,,,,,,,533.0,0.0,0.0,,,,,,,,,,,,,,,,,,13.0,,,,False,,2026-08-25 11:21:09-07:00,0.21666666666666667,False,23,2026-08-25 11:21:09-07:00,13.0,1,-56.224999999999994,2026-08-25,False,False,46.0,False,2026-08-25,27.0,False,2026-08-25,125.0,False,2026-08-25,66.0,37.0,39,1.7837837837837838,3
1247,39,2026-08-25 11:24:05-07:00,2026-08-25,11:24:05,drive_thru,car,CAR 534  (+2:43),,4,In_n_Out_log_2026-09-06_193227.json,2026-09-06,,,,,,,,534.0,0.0,0.0,,,,,,,,,,,,,,,,,,163.0,,,,False,,2026-08-25 11:21:22-07:00,2.716666666666667,False,23,2026-08-25 11:21:22-07:00,163.0,1,93.775,2026-08-25,False,False,13.0,False,2026-08-25,46.0,False,2026-08-25,27.0,False,2026-08-25,28.666666666666668,37.0,39,0.7747747747747749,0
1248,39,2026-08-25 11:24:28-07:00,2026-08-25,11:24:28,drive_thru,car,CAR 535  (+0:23),,4,In_n_Out_log_2026-09-06_193227.json,2026-09-06,,,,,,,,535.0,0.0,0.0,,,,,,,,,,,,,,,,,,23.0,,,,False,,2026-08-25 11:24:05-07:00,0.38333333333333336,False,23,2026-08-25 11:24:05-07:00,23.0,1,-46.224999999999994,2026-08-25,False,False,163.0,False,2026-08-25,13.0,False,2026-08-25,46.0,False,2026-08-25,74.0,37.0,39,2.0,3
1249,39,2026-08-25 11:25:05-07:00,2026-08-25,11:25:05,drive_thru,car,CAR 536  (+0:37),,4,In_n_Out_log_2026-09-06_193227.json,2026-09-06,,,,,,,,536.0,0.0,0.0,,,,,,,,,,,,,,,,,,37.0,,,,False,,2026-08-25 11:24:28-07:00,0.6166666666666667,False,23,2026-08-25 11:24:28-07:00,37.0,1,-32.224999999999994,2026-08-25,False,False,23.0,False,2026-08-25,163.0,False,2026-08-25,13.0,False,2026-08-25,66.33333333333333,37.0,39,1.7927927927927927,3
1250,39,2026-08-25 11:25:26-07:00,2026-08-25,11:25:26,drive_thru,car,CAR 537  (+0:21),,4,In_n_Out_log_2026-09-06_193227.json,2026-09-06,,,,,,,,537.0,0.0,0.0,,,,,,,,,,,,,,,,,,21.0,,,,False,,2026-08-25 11:25:05-07:00,0.35,False,23,2026-08-25 11:25:05-07:00,21.0,1,-48.224999999999994,2026-08-25,False,False,37.0,False,2026-08-25,23.0,False,2026-08-25,163.0,False,2026-08-25,74.33333333333333,37.0,39,2.009009009009009,3
1251,39,2026-08-25 11:25:49-07:00,2026-08-25,11:25:49,drive_thru,car,CAR 538  (+0:22),,4,In_n_Out_log_2026-09-06_193227.json,2026-09-06,,,,,,,,538.0,0.0,0.0,,,,,,,,,,,,,,,,,,22.0,,,,False,,2026-08-25 11:25:26-07:00,0.38333333333333336,False,23,2026-08-25 11:25:26-07:00,23.0,1,-46.224999999999994,2026-08-25,False,False,21.0,False,2026-08-25,37.0,False,2026-08-25,23.0,False,2026-08-25,27.0,37.0,39,0.7297297297297297,0
1252,39,2026-08-25 11:28:43-07:00,2026-08-25,11:28:43,drive_thru,car,CAR 539  (+2:54),,4,In_n_Out_log_2026-09-06_193227.json,2026-09-06,,,,,,,,539.0,0.0,0.0,,,,,,,,,,,,,,,,,,174.0,,,,False,,2026-08-25 11:25:49-07:00,2.9,False,23,2026-08-25 11:25:49-07:00,174.0,1,104.775,2026-08-25,False,False,23.0,False,2026-08-25,21.0,False,2026-08-25,37.0,False,2026-08-25,27.0,37.0,39,0.7297297297297297,0
1253,39,2026-08-25 11:32:09-07:00,2026-08-25,11:32:09,drive_thru,car,CAR 540  (+3:26),,4,In_n_Out_log_2026-09-06_193227.json,2026-09-06,,,,,,,,540.0,0.0,0.0,,,,,,,,,,,,,,,,,,206.0,,,,False,,2026-08-25 11:28:43-07:00,3.433333333333333,False,23,2026-08-25 11:28:43-07:00,206.0,1,136.775,2026-08-25,False,False,174.0,False,2026-08-25,23.0,False,2026-08-25,21.0,False,2026-08-25,72.66666666666667,37.0,39,1.963963963963964,3
1254,39,2026-08-25 11:35:01-07:00,2026-08-25,11:35:01,drive_thru,car,CAR 541  (+2:53),,4,In_n_Out_log_2026-09-06_193227.json,2026-09-06,,,,,,,,541.0,0.0,0.0,,,,,,,,,,,,,,,,,,173.0,,,,False,,2026-08-25 11:32:09-07:00,2.8666666666666667,False,23,2026-08-25 11:32:09-07:00,172.0,1,102.775,2026-08-25,False,False,206.0,False,2026-08-25,174.0,False,2026-08-25,23.0,False,2026-08-25,134.33333333333334,37.0,39,3.630630630630631,3
1255,39,2026-08-25 11:35:23-07:00,2026-08-25,11:35:23,drive_thru,car,CAR 542 — BAGS 0 BOXES 1  (+0:21),,4,In_n_Out_log_2026-09-06_193227.json,2026-09-06,,,,,,,,542.0,0.0,1.0,,,,,,,,,,,,,,,,,,21.0,,,,False,,2026-08-25 11:35:01-07:00,0.36666666666666664,False,23,2026-08-25 11:35:01-07:00,22.0,1,-47.224999999999994,2026-08-25,False,False,172.0,False,2026-08-25,206.0,False,2026-08-25,174.0,False,2026-08-25,184.0,37.0,39,4.972972972972973,3
1256,39,2026-08-25 11:36:24-07:00,2026-08-25,11:36:24,drive_thru,car,CAR 543  (+1:01),,4,In_n_Out_log_2026-09-06_193227.json,2026-09-06,,,,,,,,543.0,0.0,0.0,,,,,,,,,,,,,,,,,,61.0,,,,False,,2026-08-25 11:35:23-07:00,1.0166666666666666,False,23,2026-08-25 11:35:23-07:00,61.0,1,-8.224999999999994,2026-08-25,False,False,22.0,False,2026-08-25,172.0,False,2026-08-25,206.0,False,2026-08-25,133.33333333333334,37.0,39,3.6036036036036037,3
1257,39,2026-08-25 11:36:45-07:00,2026-08-25,11:36:45,drive_thru,car,CAR 544 — BAGS 1 BOXES 0  (+0:21),,4,In_n_Out_log_2026-09-06_193227.json,2026-09-06,,,,,,,,544.0,1.0,0.0,,,,,,,,,,,,,,,,,,21.0,,,,False,,2026-08-25 11:36:24-07:00,0.35,False,23,2026-08-25 11:36:24-07:00,21.0,1,-48.224999999999994,2026-08-25,False,False,61.0,False,2026-08-25,22.0,False,2026-08-25,172.0,False,2026-08-25,85.0,37.0,39,2.2972972972972974,3
1259,39,2026-08-25 11:40:07-07:00,2026-08-25,11:40:07,drive_thru,car,CAR 545  (+3:22),,4,In_n_Out_log_2026-09-06_193227.json,2026-09-06,,,,,,,,545.0,0.0,0.0,,,,,,,,,,,,,,,,,,202.0,,,,False,,2026-08-25 11:36:45-07:00,3.3666666666666667,False,23,2026-08-25 11:36:45-07:00,202.0,1,132.775,2026-08-25,False,False,21.0,False,2026-08-25,61.0,False,2026-08-25,22.0,False,2026-08-25,34.666666666666664,37.0,39,0.9369369369369369,1
1260,39,2026-08-25 11:40:18-07:00,2026-08-25,11:40:18,drive_thru,car,CAR 546  (+0:10),,4,In_n_Out_log_2026-09-06_193227.json,2026-09-06,,,,,,,,546.0,0.0,0.0,,,,,,,,,,,,,,,,,,10.0,,,,False,,2026-08-25 11:40:07-07:00,0.18333333333333332,False,23,2026-08-25 11:40:07-07:00,11.0,1,-58.224999999999994,2026-08-25,False,False,202.0,False,2026-08-25,21.0,False,2026-08-25,61.0,False,2026-08-25,94.66666666666667,37.0,39,2.5585585585585586,3
1261,39,2026-08-25 11:41:25-07:00,2026-08-25,11:41:25,drive_thru,car,CAR 547  (+1:07),,4,In_n_Out_log_2026-09-06_193227.json,2026-09-06,,,,,,,,547.0,0.0,0.0,,,,,,,,,,,,,,,,,,67.0,,,,False,,2026-08-25 11:40:18-07:00,1.1166666666666667,False,23,2026-08-25 11:40:18-07:00,67.0,1,-2.2249999999999943,2026-08-25,False,False,11.0,False,2026-08-25,202.0,False,2026-08-25,21.0,False,2026-08-25,78.0,37.0,39,2.108108108108108,3
1262,39,2026-08-25 11:42:02-07:00,2026-08-25,11:42:02,drive_thru,car,CAR 548  (+0:38),,4,In_n_Out_log_2026-09-06_193227.json,2026-09-06,,,,,,,,548.0,0.0,0.0,,,,,,,,,,,,,,,,,,38.0,,,,False,,2026-08-25 11:41:25-07:00,0.6166666666666667,False,23,2026-08-25 11:41:25-07:00,37.0,1,-32.224999999999994,2026-08-25,False,False,67.0,False,2026-08-25,11.0,False,2026-08-25,202.0,False,2026-08-25,93.33333333333333,37.0,39,2.5225225225225225,3
1263,39,2026-08-25 11:42:21-07:00,2026-08-25,11:42:21,drive_thru,car,CAR 549  (+0:19),,4,In_n_Out_log_2026-09-06_193227.json,2026-09-06,,,,,,,,549.0,0.0,0.0,,,,,,,,,,,,,,,,,,19.0,,,,False,,2026-08-25 11:42:02-07:00,0.31666666666666665,False,23,2026-08-25 11:42:02-07:00,19.0,1,-50.224999999999994,2026-08-25,False,False,37.0,False,2026-08-25,67.0,False,2026-08-25,11.0,False,2026-08-25,38.333333333333336,37.0,39,1.0360360360360361,1
1264,39,2026-08-25 11:46:41-07:00,2026-08-25,11:46:41,drive_thru,car,CAR 550  (+4:20),,4,In_n_Out_log_2026-09-06_193227.json,2026-09-06,,,,,,,,550.0,0.0,0.0,,,,,,,,,,,,,,,,,,260.0,,,,False,,2026-08-25 11:42:21-07:00,4.333333333333333,False,23,2026-08-25 11:42:21-07:00,260.0,1,190.775,2026-08-25,False,False,19.0,False,2026-08-25,37.0,False,2026-08-25,67.0,False,2026-08-25,41.0,37.0,39,1.1081081081081081,1
1265,39,2026-08-25 11:47:34-07:00,2026-08-25,11:47:34,drive_thru,car,CAR 551  (+0:52),,4,In_n_Out_log_2026-09-06_193227.json,2026-09-06,,,,,,,,551.0,0.0,0.0,,,,,,,,,,,,,,,,,,52.0,,,,False,,2026-08-25 11:46:41-07:00,0.8833333333333333,False,23,2026-08-25 11:46:41-07:00,53.0,1,-16.224999999999994,2026-08-25,False,False,260.0,False,2026-08-25,19.0,False,2026-08-25,37.0,False,2026-08-25,105.33333333333333,37.0,39,2.8468468468468466,3
1266,39,2026-08-25 11:48:02-07:00,2026-08-25,11:48:02,drive_thru,car,CAR 552  (+0:28),,4,In_n_Out_log_2026-09-06_193227.json,2026-09-06,,,,,,,,552.0,0.0,0.0,,,,,,,,,,,,,,,,,,28.0,,,,False,,2026-08-25 11:47:34-07:00,0.4666666666666667,False,23,2026-08-25 11:47:34-07:00,28.0,1,-41.224999999999994,2026-08-25,False,False,53.0,False,2026-08-25,260.0,False,2026-08-25,19.0,False,2026-08-25,110.66666666666667,37.0,39,2.990990990990991,3
1267,39,2026-08-25 11:50:39-07:00,2026-08-25,11:50:39,drive_thru,car,CAR 553  (+2:37),,4,In_n_Out_log_2026-09-06_193227.json,2026-09-06,,,,,,,,553.0,0.0,0.0,,,,,,,,,,,,,,,,,,157.0,,,,False,,2026-08-25 11:48:02-07:00,2.6166666666666667,False,23,2026-08-25 11:48:02-07:00,157.0,1,87.775,2026-08-25,False,False,28.0,False,2026-08-25,53.0,False,2026-08-25,260.0,False,2026-08-25,113.66666666666667,37.0,39,3.0720720720720722,3
1268,39,2026-08-25 11:51:21-07:00,2026-08-25,11:51:21,drive_thru,car,CAR 554  (+0:42),,4,In_n_Out_log_2026-09-06_193227.json,2026-09-06,,,,,,,,554.0,0.0,0.0,,,,,,,,,,,,,,,,,,42.0,,,,False,,2026-08-25 11:50:39-07:00,0.7,False,23,2026-08-25 11:50:39-07:00,42.0,1,-27.224999999999994,2026-08-25,False,False,157.0,False,2026-08-25,28.0,False,2026-08-25,53.0,False,2026-08-25,79.33333333333333,37.0,39,2.144144144144144,3
1269,39,2026-08-25 11:51:40-07:00,2026-08-25,11:51:40,drive_thru,car,CAR 555  (+0:19),,4,In_n_Out_log_2026-09-06_193227.json,2026-09-06,,,,,,,,555.0,0.0,0.0,,,,,,,,,,,,,,,,,,19.0,,,,False,,2026-08-25 11:51:21-07:00,0.31666666666666665,False,23,2026-08-25 11:51:21-07:00,19.0,1,-50.224999999999994,2026-08-25,False,False,42.0,False,2026-08-25,157.0,False,2026-08-25,28.0,False,2026-08-25,75.66666666666667,37.0,39,2.045045045045045,3
1272,39,2026-08-25 11:53:06-07:00,2026-08-25,11:53:06,drive_thru,car,CAR 556  (+1:26),,4,In_n_Out_log_2026-09-06_193227.json,2026-09-06,,,,,,,,556.0,0.0,0.0,,,,,,,,,,,,,,,,,,86.0,,,,False,,2026-08-25 11:51:40-07:00,1.4333333333333333,False,23,2026-08-25 11:51:40-07:00,86.0,1,16.775000000000006,2026-08-25,True,True,19.0,False,2026-08-25,42.0,False,2026-08-25,157.0,False,2026-08-25,72.66666666666667,37.0,39,1.963963963963964,3
1351,44,2026-08-29 15:02:48-07:00,2026-08-29,15:02:48,drive_thru,car,CAR 609  (+0:52),,4,In_n_Out_log_2026-09-06_193227.json,2026-09-06,,,,,,,,609.0,0.0,0.0,,,,,,,,,,,,,,,,,,52.0,,,,False,,2026-08-29 15:01:56-07:00,0.8666666666666667,False,27,2026-08-29 15:01:56-07:00,52.0,1,-19.51724137931035,2026-08-29,False,False,36.0,False,2026-08-29,100.0,False,2026-08-29,26.0,False,2026-08-29,54.0,59.0,27,0.9152542372881356,0
1352,44,2026-08-29 15:03:52-07:00,2026-08-29,15:03:52,drive_thru,car,CAR 610  (+1:04),,4,In_n_Out_log_2026-09-06_193227.json,2026-09-06,,,,,,,,610.0,0.0,0.0,,,,,,,,,,,,,,,,,,64.0,,,,False,,2026-08-29 15:02:48-07:00,1.0666666666666667,False,27,2026-08-29 15:02:48-07:00,64.0,1,-7.517241379310349,2026-08-29,False,False,52.0,False,2026-08-29,36.0,False,2026-08-29,100.0,False,2026-08-29,62.666666666666664,59.0,27,1.0621468926553672,1
1353,44,2026-08-29 15:07:15-07:00,2026-08-29,15:07:15,drive_thru,car,CAR 611  (+3:24),,4,In_n_Out_log_2026-09-06_193227.json,2026-09-06,,,,,,,,611.0,0.0,0.0,,,,,,,,,,,,,,,,,,204.0,,,,False,,2026-08-29 15:03:52-07:00,3.3833333333333333,False,27,2026-08-29 15:03:52-07:00,203.0,1,131.48275862068965,2026-08-29,False,False,64.0,False,2026-08-29,52.0,False,2026-08-29,36.0,False,2026-08-29,50.666666666666664,59.0,27,0.8587570621468926,0
1354,44,2026-08-29 15:08:12-07:00,2026-08-29,15:08:12,drive_thru,car,CAR 612  (+0:57),,4,In_n_Out_log_2026-09-06_193227.json,2026-09-06,,,,,,,,612.0,0.0,0.0,,,,,,,,,,,,,,,,,,57.0,,,,False,,2026-08-29 15:07:15-07:00,0.95,False,27,2026-08-29 15:07:15-07:00,57.0,1,-14.517241379310349,2026-08-29,False,False,203.0,False,2026-08-29,64.0,False,2026-08-29,52.0,False,2026-08-29,106.33333333333333,59.0,27,1.8022598870056497,3
1355,44,2026-08-29 15:09:08-07:00,2026-08-29,15:09:08,drive_thru,car,CAR 613  (+0:56),,4,In_n_Out_log_2026-09-06_193227.json,2026-09-06,,,,,,,,613.0,0.0,0.0,,,,,,,,,,,,,,,,,,56.0,,,,False,,2026-08-29 15:08:12-07:00,0.9333333333333333,False,27,2026-08-29 15:08:12-07:00,56.0,1,-15.517241379310349,2026-08-29,False,False,57.0,False,2026-08-29,203.0,False,2026-08-29,64.0,False,2026-08-29,108.0,59.0,27,1.8305084745762712,3
1356,44,2026-08-29 15:10:23-07:00,2026-08-29,15:10:23,drive_thru,car,CAR 614  (+1:15),,4,In_n_Out_log_2026-09-06_193227.json,2026-09-06,,,,,,,,614.0,0.0,0.0,,,,,,,,,,,,,,,,,,75.0,,,,False,,2026-08-29 15:09:08-07:00,1.25,False,27,2026-08-29 15:09:08-07:00,75.0,1,3.4827586206896513,2026-08-29,False,False,56.0,False,2026-08-29,57.0,False,2026-08-29,203.0,False,2026-08-29,105.33333333333333,59.0,27,1.7853107344632768,3
1357,44,2026-08-29 15:11:33-07:00,2026-08-29,15:11:33,drive_thru,car,CAR 615  (+1:10),,4,In_n_Out_log_2026-09-06_193227.json,2026-09-06,,,,,,,,615.0,0.0,0.0,,,,,,,,,,,,,,,,,,70.0,,,,False,,2026-08-29 15:10:23-07:00,1.1666666666666667,False,27,2026-08-29 15:10:23-07:00,70.0,1,-1.5172413793103487,2026-08-29,False,False,75.0,False,2026-08-29,56.0,False,2026-08-29,57.0,False,2026-08-29,62.666666666666664,59.0,27,1.0621468926553672,1
1358,44,2026-08-29 15:13:44-07:00,2026-08-29,15:13:44,drive_thru,car,CAR 616  (+2:11),,4,In_n_Out_log_2026-09-06_193227.json,2026-09-06,,,,,,,,616.0,0.0,0.0,,,,,,,,,,,,,,,,,,131.0,,,,False,,2026-08-29 15:11:33-07:00,2.183333333333333,False,27,2026-08-29 15:11:33-07:00,131.0,1,59.48275862068965,2026-08-29,False,False,70.0,False,2026-08-29,75.0,False,2026-08-29,56.0,False,2026-08-29,67.0,59.0,27,1.1355932203389831,1
1360,44,2026-08-29 15:14:43-07:00,2026-08-29,15:14:43,drive_thru,car,CAR 617  (+0:59),,4,In_n_Out_log_2026-09-06_193227.json,2026-09-06,,,,,,,,617.0,0.0,0.0,,,,,,,,,,,,,,,,,,59.0,,,,False,,2026-08-29 15:13:44-07:00,0.9833333333333333,False,27,2026-08-29 15:13:44-07:00,59.0,1,-12.517241379310349,2026-08-29,False,False,131.0,False,2026-08-29,70.0,False,2026-08-29,75.0,False,2026-08-29,92.0,59.0,27,1.5593220338983051,2
1361,44,2026-08-29 15:16:51-07:00,2026-08-29,15:16:51,drive_thru,car,CAR 618  (+2:08),,4,In_n_Out_log_2026-09-06_193227.json,2026-09-06,,,,,,,,618.0,0.0,0.0,,,,,,,,,,,,,,,,,,128.0,,,,False,,2026-08-29 15:14:43-07:00,2.1333333333333333,False,27,2026-08-29 15:14:43-07:00,128.0,1,56.48275862068965,2026-08-29,False,False,59.0,False,2026-08-29,131.0,False,2026-08-29,70.0,False,2026-08-29,86.66666666666667,59.0,27,1.4689265536723164,2
1362,44,2026-08-29 15:17:43-07:00,2026-08-29,15:17:43,drive_thru,car,CAR 619  (+0:52),,4,In_n_Out_log_2026-09-06_193227.json,2026-09-06,,,,,,,,619.0,0.0,0.0,,,,,,,,,,,,,,,,,,52.0,,,,False,,2026-08-29 15:16:51-07:00,0.8666666666666667,False,27,2026-08-29 15:16:51-07:00,52.0,1,-19.51724137931035,2026-08-29,False,False,128.0,False,2026-08-29,59.0,False,2026-08-29,131.0,False,2026-08-29,106.0,59.0,27,1.7966101694915255,3
1363,44,2026-08-29 15:19:01-07:00,2026-08-29,15:19:01,drive_thru,car,CAR 620  (+1:18),,4,In_n_Out_log_2026-09-06_193227.json,2026-09-06,,,,,,,,620.0,0.0,0.0,,,,,,,,,,,,,,,,,,78.0,,,,False,,2026-08-29 15:17:43-07:00,1.3,False,27,2026-08-29 15:17:43-07:00,78.0,1,6.482758620689651,2026-08-29,False,False,52.0,False,2026-08-29,128.0,False,2026-08-29,59.0,False,2026-08-29,79.66666666666667,59.0,27,1.3502824858757063,2
1365,44,2026-08-29 15:21:22-07:00,2026-08-29,15:21:22,drive_thru,car,CAR 621  (+2:21),,4,In_n_Out_log_2026-09-06_193227.json,2026-09-06,,,,,,,,621.0,0.0,0.0,,,,,,,,,,,,,,,,,,141.0,,,,False,,2026-08-29 15:19:01-07:00,2.35,False,27,2026-08-29 15:19:01-07:00,141.0,1,69.48275862068965,2026-08-29,False,False,78.0,False,2026-08-29,52.0,False,2026-08-29,128.0,False,2026-08-29,86.0,59.0,27,1.4576271186440677,2
1366,44,2026-08-29 15:21:50-07:00,2026-08-29,15:21:50,drive_thru,car,CAR 622  (+0:28),,4,In_n_Out_log_2026-09-06_193227.json,2026-09-06,,,,,,,,622.0,0.0,0.0,,,,,,,,,,,,,,,,,,28.0,,,,False,,2026-08-29 15:21:22-07:00,0.4666666666666667,False,27,2026-08-29 15:21:22-07:00,28.0,1,-43.51724137931035,2026-08-29,False,False,141.0,False,2026-08-29,78.0,False,2026-08-29,52.0,False,2026-08-29,90.33333333333333,59.0,27,1.5310734463276836,2
1367,44,2026-08-29 15:22:16-07:00,2026-08-29,15:22:16,drive_thru,car,CAR 623  (+0:26),,4,In_n_Out_log_2026-09-06_193227.json,2026-09-06,,,,,,,,623.0,0.0,0.0,,,,,,,,,,,,,,,,,,26.0,,,,False,,2026-08-29 15:21:50-07:00,0.43333333333333335,False,27,2026-08-29 15:21:50-07:00,26.0,1,-45.51724137931035,2026-08-29,False,False,28.0,False,2026-08-29,141.0,False,2026-08-29,78.0,False,2026-08-29,82.33333333333333,59.0,27,1.3954802259887005,2
1368,44,2026-08-29 15:24:00-07:00,2026-08-29,15:24:00,drive_thru,car,CAR 624  (+1:44),,4,In_n_Out_log_2026-09-06_193227.json,2026-09-06,,,,,,,,624.0,0.0,0.0,,,,,,,,,,,,,,,,,,104.0,,,,False,,2026-08-29 15:22:16-07:00,1.7333333333333334,False,27,2026-08-29 15:22:16-07:00,104.0,1,32.48275862068965,2026-08-29,False,False,26.0,False,2026-08-29,28.0,False,2026-08-29,141.0,False,2026-08-29,65.0,59.0,27,1.1016949152542372,1
1369,44,2026-08-29 15:25:02-07:00,2026-08-29,15:25:02,drive_thru,car,CAR 625  (+1:03),,4,In_n_Out_log_2026-09-06_193227.json,2026-09-06,,,,,,,,625.0,0.0,0.0,,,,,,,,,,,,,,,,,,63.0,,,,False,,2026-08-29 15:24:00-07:00,1.0333333333333334,False,27,2026-08-29 15:24:00-07:00,62.0,1,-9.517241379310349,2026-08-29,False,False,104.0,False,2026-08-29,26.0,False,2026-08-29,28.0,False,2026-08-29,52.666666666666664,59.0,27,0.8926553672316384,0
1370,44,2026-08-29 15:25:27-07:00,2026-08-29,15:25:27,drive_thru,car,CAR 626  (+0:24),,4,In_n_Out_log_2026-09-06_193227.json,2026-09-06,,,,,,,,626.0,0.0,0.0,,,,,,,,,,,,,,,,,,24.0,,,,False,,2026-08-29 15:25:02-07:00,0.4166666666666667,False,27,2026-08-29 15:25:02-07:00,25.0,1,-46.51724137931035,2026-08-29,False,False,62.0,False,2026-08-29,104.0,False,2026-08-29,26.0,False,2026-08-29,64.0,59.0,27,1.0847457627118644,1
1373,44,2026-08-29 15:26:32-07:00,2026-08-29,15:26:32,drive_thru,car,CAR 627  (+1:05),,4,In_n_Out_log_2026-09-06_193227.json,2026-09-06,,,,,,,,627.0,0.0,0.0,,,,,,,,,,,,,,,,,,65.0,,,,False,,2026-08-29 15:25:27-07:00,1.0833333333333333,False,27,2026-08-29 15:25:27-07:00,65.0,1,-6.517241379310349,2026-08-29,True,True,25.0,False,2026-08-29,62.0,False,2026-08-29,104.0,False,2026-08-29,63.666666666666664,59.0,27,1.07909604519774,1
1380,44,2026-08-29 15:32:37-07:00,2026-08-29,15:32:37,drive_thru,car,CAR 632  (+2:19),,4,In_n_Out_log_2026-09-06_193227.json,2026-09-06,,,,,,,,632.0,0.0,0.0,,,,,,,,,,,,,,,,,,139.0,,,,False,,2026-08-29 15:30:18-07:00,2.316666666666667,False,27,2026-08-29 15:30:18-07:00,139.0,1,67.48275862068965,2026-08-29,False,False,68.0,False,2026-08-29,44.0,False,2026-08-29,28.0,False,2026-08-29,46.666666666666664,59.0,27,0.7909604519774011,0
1381,44,2026-08-29 15:33:14-07:00,2026-08-29,15:33:14,drive_thru,car,CAR 633  (+0:37),,4,In_n_Out_log_2026-09-06_193227.json,2026-09-06,,,,,,,,633.0,0.0,0.0,,,,,,,,,,,,,,,,,,37.0,,,,False,,2026-08-29 15:32:37-07:00,0.6166666666666667,False,27,2026-08-29 15:32:37-07:00,37.0,1,-34.51724137931035,2026-08-29,False,False,139.0,False,2026-08-29,68.0,False,2026-08-29,44.0,False,2026-08-29,83.66666666666667,59.0,27,1.4180790960451979,2
1382,44,2026-08-29 15:33:48-07:00,2026-08-29,15:33:48,drive_thru,car,CAR 634  (+0:34),,4,In_n_Out_log_2026-09-06_193227.json,2026-09-06,,,,,,,,634.0,0.0,0.0,,,,,,,,,,,,,,,,,,34.0,,,,False,,2026-08-29 15:33:14-07:00,0.5666666666666667,False,27,2026-08-29 15:33:14-07:00,34.0,1,-37.51724137931035,2026-08-29,False,False,37.0,False,2026-08-29,139.0,False,2026-08-29,68.0,False,2026-08-29,81.33333333333333,59.0,27,1.3785310734463276,2
1451,49,2026-08-30 11:54:31-07:00,2026-08-30,11:54:31,drive_thru,car,CAR 670  (+2:06),,4,In_n_Out_log_2026-09-06_193227.json,2026-09-06,,,,,,,,670.0,0.0,0.0,,,,,,,,,,,,,,,,,,126.0,,,,False,,2026-08-30 11:52:25-07:00,2.1,False,29,2026-08-30 11:52:25-07:00,126.0,1,68.54330708661416,2026-08-30,False,False,92.0,False,2026-08-30,40.0,False,2026-08-30,52.0,False,2026-08-30,61.333333333333336,42.0,113,1.4603174603174605,2
1454,49,2026-08-30 11:55:29-07:00,2026-08-30,11:55:29,drive_thru,car,CAR 671  (+0:58),,4,In_n_Out_log_2026-09-06_193227.json,2026-09-06,,,,,,,,671.0,0.0,0.0,,,,,,,,,,,,,,,,,,58.0,,,,False,,2026-08-30 11:54:31-07:00,0.9666666666666667,False,29,2026-08-30 11:54:31-07:00,58.0,1,0.5433070866141705,2026-08-30,False,False,126.0,False,2026-08-30,92.0,False,2026-08-30,40.0,False,2026-08-30,86.0,42.0,113,2.0476190476190474,3
1455,49,2026-08-30 11:56:15-07:00,2026-08-30,11:56:15,drive_thru,car,CAR 672  (+0:46),,4,In_n_Out_log_2026-09-06_193227.json,2026-09-06,,,,,,,,672.0,0.0,0.0,,,,,,,,,,,,,,,,,,46.0,,,,False,,2026-08-30 11:55:29-07:00,0.7666666666666667,False,29,2026-08-30 11:55:29-07:00,46.0,1,-11.45669291338583,2026-08-30,False,False,58.0,False,2026-08-30,126.0,False,2026-08-30,92.0,False,2026-08-30,92.0,42.0,113,2.1904761904761907,3
1458,49,2026-08-30 11:57:32-07:00,2026-08-30,11:57:32,drive_thru,car,CAR 673  (+1:17),,4,In_n_Out_log_2026-09-06_193227.json,2026-09-06,,,,,,,,673.0,0.0,0.0,,,,,,,,,,,,,,,,,,77.0,,,,False,,2026-08-30 11:56:15-07:00,1.2833333333333334,False,29,2026-08-30 11:56:15-07:00,77.0,1,19.54330708661417,2026-08-30,False,False,46.0,False,2026-08-30,58.0,False,2026-08-30,126.0,False,2026-08-30,76.66666666666667,42.0,113,1.8253968253968256,3
1460,49,2026-08-30 11:59:43-07:00,2026-08-30,11:59:43,drive_thru,car,CAR 674  (+2:11),,4,In_n_Out_log_2026-09-06_193227.json,2026-09-06,,,,,,,,674.0,0.0,0.0,,,,,,,,,,,,,,,,,,131.0,,,,False,,2026-08-30 11:57:32-07:00,2.183333333333333,False,29,2026-08-30 11:57:32-07:00,131.0,1,73.54330708661416,2026-08-30,False,False,77.0,False,2026-08-30,46.0,False,2026-08-30,58.0,False,2026-08-30,60.333333333333336,42.0,113,1.4365079365079365,2
1464,49,2026-08-30 12:02:19-07:00,2026-08-30,12:02:19,drive_thru,car,CAR 675  (+2:36),,4,In_n_Out_log_2026-09-06_193227.json,2026-09-06,,,,,,,,675.0,0.0,0.0,,,,,,,,,,,,,,,,,,156.0,,,,False,,2026-08-30 11:59:43-07:00,2.6,False,29,2026-08-30 11:59:43-07:00,156.0,1,98.54330708661416,2026-08-30,False,False,131.0,False,2026-08-30,77.0,False,2026-08-30,46.0,False,2026-08-30,84.66666666666667,42.0,113,2.015873015873016,3
1466,49,2026-08-30 12:03:07-07:00,2026-08-30,12:03:07,drive_thru,car,CAR 676  (+0:48),,4,In_n_Out_log_2026-09-06_193227.json,2026-09-06,,,,,,,,676.0,0.0,0.0,,,,,,,,,,,,,,,,,,48.0,,,,False,,2026-08-30 12:02:19-07:00,0.8,False,29,2026-08-30 12:02:19-07:00,48.0,1,-9.45669291338583,2026-08-30,False,False,156.0,False,2026-08-30,131.0,False,2026-08-30,77.0,False,2026-08-30,121.33333333333333,42.0,113,2.888888888888889,3
1468,49,2026-08-30 12:03:23-07:00,2026-08-30,12:03:23,drive_thru,car,CAR 677  (+0:16),,4,In_n_Out_log_2026-09-06_193227.json,2026-09-06,,,,,,,,677.0,0.0,0.0,,,,,,,,,,,,,,,,,,16.0,,,,False,,2026-08-30 12:03:07-07:00,0.26666666666666666,False,29,2026-08-30 12:03:07-07:00,16.0,1,-41.45669291338583,2026-08-30,False,False,48.0,False,2026-08-30,156.0,False,2026-08-30,131.0,False,2026-08-30,111.66666666666667,42.0,113,2.658730158730159,3
1470,49,2026-08-30 12:03:44-07:00,2026-08-30,12:03:44,drive_thru,car,CAR 678  (+0:21),,4,In_n_Out_log_2026-09-06_193227.json,2026-09-06,,,,,,,,678.0,0.0,0.0,,,,,,,,,,,,,,,,,,21.0,,,,False,,2026-08-30 12:03:23-07:00,0.35,False,29,2026-08-30 12:03:23-07:00,21.0,1,-36.45669291338583,2026-08-30,False,False,16.0,False,2026-08-30,48.0,False,2026-08-30,156.0,False,2026-08-30,73.33333333333333,42.0,113,1.7460317460317458,3
1476,49,2026-08-30 12:05:03-07:00,2026-08-30,12:05:03,drive_thru,car,CAR 679  (+1:19),,4,In_n_Out_log_2026-09-06_193227.json,2026-09-06,,,,,,,,679.0,0.0,0.0,,,,,,,,,,,,,,,,,,79.0,,,,False,,2026-08-30 12:03:44-07:00,1.3166666666666667,False,29,2026-08-30 12:03:44-07:00,79.0,1,21.54330708661417,2026-08-30,True,True,21.0,False,2026-08-30,16.0,False,2026-08-30,48.0,False,2026-08-30,28.333333333333332,42.0,113,0.6746031746031745,0
1484,49,2026-08-30 12:07:57-07:00,2026-08-30,12:07:57,drive_thru,car,CAR 683  (+0:35),,4,In_n_Out_log_2026-09-06_193227.json,2026-09-06,,,,,,,,683.0,0.0,0.0,,,,,,,,,,,,,,,,,,35.0,,,,False,,2026-08-30 12:07:22-07:00,0.5833333333333334,False,29,2026-08-30 12:07:22-07:00,35.0,1,-22.45669291338583,2026-08-30,True,True,37.0,False,2026-08-30,43.0,False,2026-08-30,59.0,False,2026-08-30,46.333333333333336,42.0,113,1.1031746031746033,1
1501,49,2026-08-30 12:14:14-07:00,2026-08-30,12:14:14,drive_thru,car,CAR 690  (+0:34),,4,In_n_Out_log_2026-09-06_193227.json,2026-09-06,,,,,,,,690.0,0.0,0.0,,,,,,,,,,,,,,,,,,34.0,,,,False,,2026-08-30 12:13:40-07:00,0.5666666666666667,False,29,2026-08-30 12:13:40-07:00,34.0,1,-23.45669291338583,2026-08-30,False,False,33.0,False,2026-08-30,57.0,False,2026-08-30,42.0,False,2026-08-30,44.0,42.0,113,1.0476190476190477,1
1503,49,2026-08-30 12:14:51-07:00,2026-08-30,12:14:51,drive_thru,car,CAR 691  (+0:37),,4,In_n_Out_log_2026-09-06_193227.json,2026-09-06,,,,,,,,691.0,0.0,0.0,,,,,,,,,,,,,,,,,,37.0,,,,False,,2026-08-30 12:14:14-07:00,0.6166666666666667,False,29,2026-08-30 12:14:14-07:00,37.0,1,-20.45669291338583,2026-08-30,False,False,34.0,False,2026-08-30,33.0,False,2026-08-30,57.0,False,2026-08-30,41.333333333333336,42.0,113,0.9841269841269842,1
1504,49,2026-08-30 12:15:25-07:00,2026-08-30,12:15:25,drive_thru,car,CAR 692  (+0:34),,4,In_n_Out_log_2026-09-06_193227.json,2026-09-06,,,,,,,,692.0,0.0,0.0,,,,,,,,,,,,,,,,,,34.0,,,,False,,2026-08-30 12:14:51-07:00,0.5666666666666667,False,29,2026-08-30 12:14:51-07:00,34.0,1,-23.45669291338583,2026-08-30,False,False,37.0,False,2026-08-30,34.0,False,2026-08-30,33.0,False,2026-08-30,34.666666666666664,42.0,113,0.8253968253968254,0
1505,49,2026-08-30 12:15:26-07:00,2026-08-30,12:15:26,drive_thru,car,CAR 693  (+0:02),,4,In_n_Out_log_2026-09-06_193227.json,2026-09-06,,,,,,,,693.0,0.0,0.0,,,,,,,,,,,,,,,,,,2.0,,,,False,,2026-08-30 12:15:25-07:00,0.016666666666666666,False,29,2026-08-30 12:15:25-07:00,1.0,1,-56.45669291338583,2026-08-30,False,False,34.0,False,2026-08-30,37.0,False,2026-08-30,34.0,False,2026-08-30,35.0,42.0,113,0.8333333333333334,0
1506,49,2026-08-30 12:15:44-07:00,2026-08-30,12:15:44,drive_thru,car,CAR 694  (+0:18),,4,In_n_Out_log_2026-09-06_193227.json,2026-09-06,,,,,,,,694.0,0.0,0.0,,,,,,,,,,,,,,,,,,18.0,,,,False,,2026-08-30 12:15:26-07:00,0.3,False,29,2026-08-30 12:15:26-07:00,18.0,1,-39.45669291338583,2026-08-30,False,False,1.0,False,2026-08-30,34.0,False,2026-08-30,37.0,False,2026-08-30,24.0,42.0,113,0.5714285714285714,0
1510,49,2026-08-30 12:16:31-07:00,2026-08-30,12:16:31,drive_thru,car,CAR 695  (+0:47),,4,In_n_Out_log_2026-09-06_193227.json,2026-09-06,,,,,,,,695.0,0.0,0.0,,,,,,,,,,,,,,,,,,47.0,,,,False,,2026-08-30 12:15:44-07:00,0.7833333333333333,False,29,2026-08-30 12:15:44-07:00,47.0,1,-10.45669291338583,2026-08-30,True,True,18.0,False,2026-08-30,1.0,False,2026-08-30,34.0,False,2026-08-30,17.666666666666668,42.0,113,0.42063492063492064,0
1518,49,2026-08-30 12:19:50-07:00,2026-08-30,12:19:50,drive_thru,car,CAR 699  (+1:22),,4,In_n_Out_log_2026-09-06_193227.json,2026-09-06,,,,,,,,699.0,0.0,0.0,,,,,,,,,,,,,,,,,,82.0,,,,False,,2026-08-30 12:18:28-07:00,1.3666666666666667,False,29,2026-08-30 12:18:28-07:00,82.0,1,24.54330708661417,2026-08-30,False,False,24.0,False,2026-08-30,27.0,False,2026-08-30,66.0,False,2026-08-30,39.0,42.0,113,0.9285714285714286,1
1520,49,2026-08-30 12:21:24-07:00,2026-08-30,12:21:24,drive_thru,car,CAR 700  (+1:34),,4,In_n_Out_log_2026-09-06_193227.json,2026-09-06,,,,,,,,700.0,0.0,0.0,,,,,,,,,,,,,,,,,,94.0,,,,False,,2026-08-30 12:19:50-07:00,1.5666666666666667,False,29,2026-08-30 12:19:50-07:00,94.0,1,36.54330708661417,2026-08-30,False,False,82.0,False,2026-08-30,24.0,False,2026-08-30,27.0,False,2026-08-30,44.333333333333336,42.0,113,1.0555555555555556,1
1522,49,2026-08-30 12:22:03-07:00,2026-08-30,12:22:03,drive_thru,car,CAR 701  (+0:39),,4,In_n_Out_log_2026-09-06_193227.json,2026-09-06,,,,,,,,701.0,0.0,0.0,,,,,,,,,,,,,,,,,,39.0,,,,False,,2026-08-30 12:21:24-07:00,0.65,False,29,2026-08-30 12:21:24-07:00,39.0,1,-18.45669291338583,2026-08-30,False,False,94.0,False,2026-08-30,82.0,False,2026-08-30,24.0,False,2026-08-30,66.66666666666667,42.0,113,1.5873015873015874,2
1523,49,2026-08-30 12:22:32-07:00,2026-08-30,12:22:32,drive_thru,car,CAR 702  (+0:29),,4,In_n_Out_log_2026-09-06_193227.json,2026-09-06,,,,,,,,702.0,0.0,0.0,,,,,,,,,,,,,,,,,,29.0,,,,False,,2026-08-30 12:22:03-07:00,0.48333333333333334,False,29,2026-08-30 12:22:03-07:00,29.0,1,-28.45669291338583,2026-08-30,False,False,39.0,False,2026-08-30,94.0,False,2026-08-30,82.0,False,2026-08-30,71.66666666666667,42.0,113,1.7063492063492065,3
1525,49,2026-08-30 12:24:00-07:00,2026-08-30,12:24:00,drive_thru,car,CAR 703  (+1:28),,4,In_n_Out_log_2026-09-06_193227.json,2026-09-06,,,,,,,,703.0,0.0,0.0,,,,,,,,,,,,,,,,,,88.0,,,,False,,2026-08-30 12:22:32-07:00,1.4666666666666666,False,29,2026-08-30 12:22:32-07:00,88.0,1,30.54330708661417,2026-08-30,False,False,29.0,False,2026-08-30,39.0,False,2026-08-30,94.0,False,2026-08-30,54.0,42.0,113,1.2857142857142858,2
1526,49,2026-08-30 12:24:44-07:00,2026-08-30,12:24:44,drive_thru,car,CAR 704  (+0:43),,4,In_n_Out_log_2026-09-06_193227.json,2026-09-06,,,,,,,,704.0,0.0,0.0,,,,,,,,,,,,,,,,,,43.0,,,,False,,2026-08-30 12:24:00-07:00,0.7333333333333333,False,29,2026-08-30 12:24:00-07:00,44.0,1,-13.45669291338583,2026-08-30,False,False,88.0,False,2026-08-30,29.0,False,2026-08-30,39.0,False,2026-08-30,52.0,42.0,113,1.2380952380952381,2
1527,49,2026-08-30 12:25:06-07:00,2026-08-30,12:25:06,drive_thru,car,CAR 705  (+0:23),,4,In_n_Out_log_2026-09-06_193227.json,2026-09-06,,,,,,,,705.0,0.0,0.0,,,,,,,,,,,,,,,,,,23.0,,,,False,,2026-08-30 12:24:44-07:00,0.36666666666666664,False,29,2026-08-30 12:24:44-07:00,22.0,1,-35.45669291338583,2026-08-30,False,False,44.0,False,2026-08-30,88.0,False,2026-08-30,29.0,False,2026-08-30,53.666666666666664,42.0,113,1.2777777777777777,2
1533,49,2026-08-30 12:26:32-07:00,2026-08-30,12:26:32,drive_thru,car,CAR 706  (+1:26),,4,In_n_Out_log_2026-09-06_193227.json,2026-09-06,,,,,,,,706.0,0.0,0.0,,,,,,,,,,,,,,,,,,86.0,,,,False,,2026-08-30 12:25:06-07:00,1.4333333333333333,False,29,2026-08-30 12:25:06-07:00,86.0,1,28.54330708661417,2026-08-30,True,True,22.0,False,2026-08-30,44.0,False,2026-08-30,88.0,False,2026-08-30,51.333333333333336,42.0,113,1.2222222222222223,2
1553,49,2026-08-30 12:34:12-07:00,2026-08-30,12:34:12,drive_thru,car,CAR 714  (+0:13),,4,In_n_Out_log_2026-09-06_193227.json,2026-09-06,,,,,,,,714.0,0.0,0.0,,,,,,,,,,,,,,,,,,13.0,,,,False,,2026-08-30 12:33:59-07:00,0.21666666666666667,False,29,2026-08-30 12:33:59-07:00,13.0,1,-44.45669291338583,2026-08-30,False,False,20.0,False,2026-08-30,68.0,False,2026-08-30,34.0,False,2026-08-30,40.666666666666664,42.0,113,0.9682539682539681,1
1558,49,2026-08-30 12:35:37-07:00,2026-08-30,12:35:37,drive_thru,car,CAR 715  (+1:25),,4,In_n_Out_log_2026-09-06_193227.json,2026-09-06,,,,,,,,715.0,0.0,0.0,,,,,,,,,,,,,,,,,,85.0,,,,False,,2026-08-30 12:34:12-07:00,1.4166666666666667,False,29,2026-08-30 12:34:12-07:00,85.0,1,27.54330708661417,2026-08-30,True,True,13.0,False,2026-08-30,20.0,False,2026-08-30,68.0,False,2026-08-30,33.666666666666664,42.0,113,0.8015873015873015,0
1564,49,2026-08-30 12:39:08-07:00,2026-08-30,12:39:08,drive_thru,car,CAR 719  (+1:03),,4,In_n_Out_log_2026-09-06_193227.json,2026-09-06,,,,,,,,719.0,0.0,0.0,,,,,,,,,,,,,,,,,,63.0,,,,False,,2026-08-30 12:38:06-07:00,1.0333333333333334,False,29,2026-08-30 12:38:06-07:00,62.0,1,4.5433070866141705,2026-08-30,False,False,55.0,False,2026-08-30,31.0,False,2026-08-30,63.0,False,2026-08-30,49.666666666666664,42.0,113,1.1825396825396826,1
1569,49,2026-08-30 12:41:39-07:00,2026-08-30,12:41:39,drive_thru,car,CAR 720  (+2:31),,4,In_n_Out_log_2026-09-06_193227.json,2026-09-06,,,,,,,,720.0,0.0,0.0,,,,,,,,,,,,,,,,,,151.0,,,,False,,2026-08-30 12:39:08-07:00,2.5166666666666666,False,29,2026-08-30 12:39:08-07:00,151.0,1,93.54330708661416,2026-08-30,True,True,62.0,False,2026-08-30,55.0,False,2026-08-30,31.0,False,2026-08-30,49.333333333333336,42.0,113,1.1746031746031746,1
1575,49,2026-08-30 12:44:52-07:00,2026-08-30,12:44:52,drive_thru,car,CAR 724  (+1:29),,4,In_n_Out_log_2026-09-06_193227.json,2026-09-06,,,,,,,,724.0,0.0,0.0,,,,,,,,,,,,,,,,,,89.0,,,,False,,2026-08-30 12:43:22-07:00,1.5,False,29,2026-08-30 12:43:22-07:00,90.0,1,32.54330708661417,2026-08-30,False,False,32.0,False,2026-08-30,39.0,False,2026-08-30,32.0,False,2026-08-30,34.333333333333336,42.0,113,0.8174603174603176,0
1582,49,2026-08-30 12:45:57-07:00,2026-08-30,12:45:57,drive_thru,car,CAR 725  (+1:06),,4,In_n_Out_log_2026-09-06_193227.json,2026-09-06,,,,,,,,725.0,0.0,0.0,,,,,,,,,,,,,,,,,,66.0,,,,False,,2026-08-30 12:44:52-07:00,1.0833333333333333,False,29,2026-08-30 12:44:52-07:00,65.0,1,7.5433070866141705,2026-08-30,False,False,90.0,False,2026-08-30,32.0,False,2026-08-30,39.0,False,2026-08-30,53.666666666666664,42.0,113,1.2777777777777777,2
1584,49,2026-08-30 12:46:21-07:00,2026-08-30,12:46:21,drive_thru,car,CAR 726  (+0:24),,4,In_n_Out_log_2026-09-06_193227.json,2026-09-06,,,,,,,,726.0,0.0,0.0,,,,,,,,,,,,,,,,,,24.0,,,,False,,2026-08-30 12:45:57-07:00,0.4,False,29,2026-08-30 12:45:57-07:00,24.0,1,-33.45669291338583,2026-08-30,False,False,65.0,False,2026-08-30,90.0,False,2026-08-30,32.0,False,2026-08-30,62.333333333333336,42.0,113,1.4841269841269842,2
1588,49,2026-08-30 12:47:58-07:00,2026-08-30,12:47:58,drive_thru,car,CAR 727  (+1:37),,4,In_n_Out_log_2026-09-06_193227.json,2026-09-06,,,,,,,,727.0,0.0,0.0,,,,,,,,,,,,,,,,,,97.0,,,,False,,2026-08-30 12:46:21-07:00,1.6166666666666667,False,29,2026-08-30 12:46:21-07:00,97.0,1,39.54330708661417,2026-08-30,False,False,24.0,False,2026-08-30,65.0,False,2026-08-30,90.0,False,2026-08-30,59.666666666666664,42.0,113,1.4206349206349205,2
1589,49,2026-08-30 12:48:30-07:00,2026-08-30,12:48:30,drive_thru,car,CAR 728  (+0:32),,4,In_n_Out_log_2026-09-06_193227.json,2026-09-06,,,,,,,,728.0,0.0,0.0,,,,,,,,,,,,,,,,,,32.0,,,,False,,2026-08-30 12:47:58-07:00,0.5333333333333333,False,29,2026-08-30 12:47:58-07:00,32.0,1,-25.45669291338583,2026-08-30,False,False,97.0,False,2026-08-30,24.0,False,2026-08-30,65.0,False,2026-08-30,62.0,42.0,113,1.4761904761904763,2
1590,49,2026-08-30 12:48:53-07:00,2026-08-30,12:48:53,drive_thru,car,CAR 729  (+0:23),,4,In_n_Out_log_2026-09-06_193227.json,2026-09-06,,,,,,,,729.0,0.0,0.0,,,,,,,,,,,,,,,,,,23.0,,,,False,,2026-08-30 12:48:30-07:00,0.38333333333333336,False,29,2026-08-30 12:48:30-07:00,23.0,1,-34.45669291338583,2026-08-30,False,False,32.0,False,2026-08-30,97.0,False,2026-08-30,24.0,False,2026-08-30,51.0,42.0,113,1.2142857142857142,2
1591,49,2026-08-30 12:49:14-07:00,2026-08-30,12:49:14,drive_thru,car,CAR 730  (+0:20),,4,In_n_Out_log_2026-09-06_193227.json,2026-09-06,,,,,,,,730.0,0.0,0.0,,,,,,,,,,,,,,,,,,20.0,,,,False,,2026-08-30 12:48:53-07:00,0.35,False,29,2026-08-30 12:48:53-07:00,21.0,1,-36.45669291338583,2026-08-30,False,False,23.0,False,2026-08-30,32.0,False,2026-08-30,97.0,False,2026-08-30,50.666666666666664,42.0,113,1.2063492063492063,2
1592,49,2026-08-30 12:49:52-07:00,2026-08-30,12:49:52,drive_thru,car,CAR 731  (+0:38),,4,In_n_Out_log_2026-09-06_193227.json,2026-09-06,,,,,,,,731.0,0.0,0.0,,,,,,,,,,,,,,,,,,38.0,,,,False,,2026-08-30 12:49:14-07:00,0.6333333333333333,False,29,2026-08-30 12:49:14-07:00,38.0,1,-19.45669291338583,2026-08-30,False,False,21.0,False,2026-08-30,23.0,False,2026-08-30,32.0,False,2026-08-30,25.333333333333332,42.0,113,0.6031746031746031,0
1593,49,2026-08-30 12:50:11-07:00,2026-08-30,12:50:11,drive_thru,car,CAR 732  (+0:19),,4,In_n_Out_log_2026-09-06_193227.json,2026-09-06,,,,,,,,732.0,0.0,0.0,,,,,,,,,,,,,,,,,,19.0,,,,False,,2026-08-30 12:49:52-07:00,0.31666666666666665,False,29,2026-08-30 12:49:52-07:00,19.0,1,-38.45669291338583,2026-08-30,False,False,38.0,False,2026-08-30,21.0,False,2026-08-30,23.0,False,2026-08-30,27.333333333333332,42.0,113,0.6507936507936508,0
1595,49,2026-08-30 12:51:40-07:00,2026-08-30,12:51:40,drive_thru,car,CAR 733  (+1:29),,4,In_n_Out_log_2026-09-06_193227.json,2026-09-06,,,,,,,,733.0,0.0,0.0,,,,,,,,,,,,,,,,,,89.0,,,,False,,2026-08-30 12:50:11-07:00,1.4833333333333334,False,29,2026-08-30 12:50:11-07:00,89.0,1,31.54330708661417,2026-08-30,True,True,19.0,False,2026-08-30,38.0,False,2026-08-30,21.0,False,2026-08-30,26.0,42.0,113,0.6190476190476191,0
1606,49,2026-08-30 12:57:18-07:00,2026-08-30,12:57:18,drive_thru,car,CAR 738  (+0:51),,4,In_n_Out_log_2026-09-06_193227.json,2026-09-06,,,,,,,,738.0,0.0,0.0,,,,,,,,,,,,,,,,,,51.0,,,,False,,2026-08-30 12:56:26-07:00,0.8666666666666667,False,29,2026-08-30 12:56:26-07:00,52.0,1,-5.4566929133858295,2026-08-30,False,False,33.0,False,2026-08-30,60.0,False,2026-08-30,25.0,False,2026-08-30,39.333333333333336,42.0,113,0.9365079365079365,1
1609,49,2026-08-30 12:58:01-07:00,2026-08-30,12:58:01,drive_thru,car,CAR 739  (+0:43),,4,In_n_Out_log_2026-09-06_193227.json,2026-09-06,,,,,,,,739.0,0.0,0.0,,,,,,,,,,,,,,,,,,43.0,,,,False,,2026-08-30 12:57:18-07:00,0.7166666666666667,False,29,2026-08-30 12:57:18-07:00,43.0,1,-14.45669291338583,2026-08-30,False,False,52.0,False,2026-08-30,33.0,False,2026-08-30,60.0,False,2026-08-30,48.333333333333336,42.0,113,1.150793650793651,1
1613,49,2026-08-30 12:59:14-07:00,2026-08-30,12:59:14,drive_thru,car,CAR 740  (+1:13),,4,In_n_Out_log_2026-09-06_193227.json,2026-09-06,,,,,,,,740.0,0.0,0.0,,,,,,,,,,,,,,,,,,73.0,,,,False,,2026-08-30 12:58:01-07:00,1.2166666666666666,False,29,2026-08-30 12:58:01-07:00,73.0,1,15.54330708661417,2026-08-30,False,False,43.0,False,2026-08-30,52.0,False,2026-08-30,33.0,False,2026-08-30,42.666666666666664,42.0,113,1.0158730158730158,1
1615,49,2026-08-30 12:59:45-07:00,2026-08-30,12:59:45,drive_thru,car,CAR 741  (+0:31),,4,In_n_Out_log_2026-09-06_193227.json,2026-09-06,,,,,,,,741.0,0.0,0.0,,,,,,,,,,,,,,,,,,31.0,,,,False,,2026-08-30 12:59:14-07:00,0.5166666666666667,False,29,2026-08-30 12:59:14-07:00,31.0,1,-26.45669291338583,2026-08-30,False,False,73.0,False,2026-08-30,43.0,False,2026-08-30,52.0,False,2026-08-30,56.0,42.0,113,1.3333333333333333,2
1616,49,2026-08-30 13:00:18-07:00,2026-08-30,13:00:18,drive_thru,car,CAR 742  (+0:33),,4,In_n_Out_log_2026-09-06_193227.json,2026-09-06,,,,,,,,742.0,0.0,0.0,,,,,,,,,,,,,,,,,,33.0,,,,False,,2026-08-30 12:59:45-07:00,0.55,False,29,2026-08-30 12:59:45-07:00,33.0,1,-24.45669291338583,2026-08-30,False,False,31.0,False,2026-08-30,73.0,False,2026-08-30,43.0,False,2026-08-30,49.0,42.0,113,1.1666666666666667,1
1619,49,2026-08-30 13:01:13-07:00,2026-08-30,13:01:13,drive_thru,car,CAR 743  (+0:56),,4,In_n_Out_log_2026-09-06_193227.json,2026-09-06,,,,,,,,743.0,0.0,0.0,,,,,,,,,,,,,,,,,,56.0,,,,False,,2026-08-30 13:00:18-07:00,0.9166666666666666,False,29,2026-08-30 13:00:18-07:00,55.0,1,-2.4566929133858295,2026-08-30,False,False,33.0,False,2026-08-30,31.0,False,2026-08-30,73.0,False,2026-08-30,45.666666666666664,42.0,113,1.0873015873015872,1
1621,49,2026-08-30 13:01:32-07:00,2026-08-30,13:01:32,drive_thru,car,CAR 744  (+0:19),,4,In_n_Out_log_2026-09-06_193227.json,2026-09-06,,,,,,,,744.0,0.0,0.0,,,,,,,,,,,,,,,,,,19.0,,,,False,,2026-08-30 13:01:13-07:00,0.31666666666666665,False,29,2026-08-30 13:01:13-07:00,19.0,1,-38.45669291338583,2026-08-30,False,False,55.0,False,2026-08-30,33.0,False,2026-08-30,31.0,False,2026-08-30,39.666666666666664,42.0,113,0.9444444444444444,1
1624,49,2026-08-30 13:02:49-07:00,2026-08-30,13:02:49,drive_thru,car,CAR 745  (+1:17),,4,In_n_Out_log_2026-09-06_193227.json,2026-09-06,,,,,,,,745.0,0.0,0.0,,,,,,,,,,,,,,,,,,77.0,,,,False,,2026-08-30 13:01:32-07:00,1.2833333333333334,False,29,2026-08-30 13:01:32-07:00,77.0,1,19.54330708661417,2026-08-30,False,False,19.0,False,2026-08-30,55.0,False,2026-08-30,33.0,False,2026-08-30,35.666666666666664,42.0,113,0.8492063492063492,0
1626,49,2026-08-30 13:03:28-07:00,2026-08-30,13:03:28,drive_thru,car,CAR 746  (+0:40),,4,In_n_Out_log_2026-09-06_193227.json,2026-09-06,,,,,,,,746.0,0.0,0.0,,,,,,,,,,,,,,,,,,40.0,,,,False,,2026-08-30 13:02:49-07:00,0.65,False,29,2026-08-30 13:02:49-07:00,39.0,1,-18.45669291338583,2026-08-30,False,False,77.0,False,2026-08-30,19.0,False,2026-08-30,55.0,False,2026-08-30,50.333333333333336,42.0,113,1.1984126984126984,2
1627,49,2026-08-30 13:04:01-07:00,2026-08-30,13:04:01,drive_thru,car,CAR 747  (+0:32),,4,In_n_Out_log_2026-09-06_193227.json,2026-09-06,,,,,,,,747.0,0.0,0.0,,,,,,,,,,,,,,,,,,32.0,,,,False,,2026-08-30 13:03:28-07:00,0.55,False,29,2026-08-30 13:03:28-07:00,33.0,1,-24.45669291338583,2026-08-30,False,False,39.0,False,2026-08-30,77.0,False,2026-08-30,19.0,False,2026-08-30,45.0,42.0,113,1.0714285714285714,1
1629,49,2026-08-30 13:04:32-07:00,2026-08-30,13:04:32,drive_thru,car,CAR 748  (+0:31),,4,In_n_Out_log_2026-09-06_193227.json,2026-09-06,,,,,,,,748.0,0.0,0.0,,,,,,,,,,,,,,,,,,31.0,,,,False,,2026-08-30 13:04:01-07:00,0.5166666666666667,False,29,2026-08-30 13:04:01-07:00,31.0,1,-26.45669291338583,2026-08-30,False,False,33.0,False,2026-08-30,39.0,False,2026-08-30,77.0,False,2026-08-30,49.666666666666664,42.0,113,1.1825396825396826,1
1631,49,2026-08-30 13:05:37-07:00,2026-08-30,13:05:37,drive_thru,car,CAR 749  (+1:05),,4,In_n_Out_log_2026-09-06_193227.json,2026-09-06,,,,,,,,749.0,0.0,0.0,,,,,,,,,,,,,,,,,,65.0,,,,False,,2026-08-30 13:04:32-07:00,1.0833333333333333,False,29,2026-08-30 13:04:32-07:00,65.0,1,7.5433070866141705,2026-08-30,False,False,31.0,False,2026-08-30,33.0,False,2026-08-30,39.0,False,2026-08-30,34.333333333333336,42.0,113,0.8174603174603176,0
1633,49,2026-08-30 13:06:04-07:00,2026-08-30,13:06:04,drive_thru,car,CAR 750  (+0:27),,4,In_n_Out_log_2026-09-06_193227.json,2026-09-06,,,,,,,,750.0,0.0,0.0,,,,,,,,,,,,,,,,,,27.0,,,,False,,2026-08-30 13:05:37-07:00,0.45,False,29,2026-08-30 13:05:37-07:00,27.0,1,-30.45669291338583,2026-08-30,False,False,65.0,False,2026-08-30,31.0,False,2026-08-30,33.0,False,2026-08-30,43.0,42.0,113,1.0238095238095237,1
1635,49,2026-08-30 13:06:22-07:00,2026-08-30,13:06:22,drive_thru,car,CAR 751  (+0:18),,4,In_n_Out_log_2026-09-06_193227.json,2026-09-06,,,,,,,,751.0,0.0,0.0,,,,,,,,,,,,,,,,,,18.0,,,,False,,2026-08-30 13:06:04-07:00,0.3,False,29,2026-08-30 13:06:04-07:00,18.0,1,-39.45669291338583,2026-08-30,False,False,27.0,False,2026-08-30,65.0,False,2026-08-30,31.0,False,2026-08-30,41.0,42.0,113,0.9761904761904762,1
1637,49,2026-08-30 13:07:09-07:00,2026-08-30,13:07:09,drive_thru,car,CAR 752  (+0:47),,4,In_n_Out_log_2026-09-06_193227.json,2026-09-06,,,,,,,,752.0,0.0,0.0,,,,,,,,,,,,,,,,,,47.0,,,,False,,2026-08-30 13:06:22-07:00,0.7833333333333333,False,29,2026-08-30 13:06:22-07:00,47.0,1,-10.45669291338583,2026-08-30,False,False,18.0,False,2026-08-30,27.0,False,2026-08-30,65.0,False,2026-08-30,36.666666666666664,42.0,113,0.8730158730158729,0
1639,49,2026-08-30 13:07:50-07:00,2026-08-30,13:07:50,drive_thru,car,CAR 753  (+0:41),,4,In_n_Out_log_2026-09-06_193227.json,2026-09-06,,,,,,,,753.0,0.0,0.0,,,,,,,,,,,,,,,,,,41.0,,,,False,,2026-08-30 13:07:09-07:00,0.6833333333333333,False,29,2026-08-30 13:07:09-07:00,41.0,1,-16.45669291338583,2026-08-30,False,False,47.0,False,2026-08-30,18.0,False,2026-08-30,27.0,False,2026-08-30,30.666666666666668,42.0,113,0.7301587301587302,0
1641,49,2026-08-30 13:08:56-07:00,2026-08-30,13:08:56,drive_thru,car,CAR 754  (+1:06),,4,In_n_Out_log_2026-09-06_193227.json,2026-09-06,,,,,,,,754.0,0.0,0.0,,,,,,,,,,,,,,,,,,66.0,,,,False,,2026-08-30 13:07:50-07:00,1.1,False,29,2026-08-30 13:07:50-07:00,66.0,1,8.54330708661417,2026-08-30,False,False,41.0,False,2026-08-30,47.0,False,2026-08-30,18.0,False,2026-08-30,35.333333333333336,42.0,113,0.8412698412698413,0
1646,49,2026-08-30 13:10:00-07:00,2026-08-30,13:10:00,drive_thru,car,CAR 755  (+1:04),,4,In_n_Out_log_2026-09-06_193227.json,2026-09-06,,,,,,,,755.0,0.0,0.0,,,,,,,,,,,,,,,,,,64.0,,,,False,,2026-08-30 13:08:56-07:00,1.0666666666666667,False,29,2026-08-30 13:08:56-07:00,64.0,1,6.5433070866141705,2026-08-30,False,False,66.0,False,2026-08-30,41.0,False,2026-08-30,47.0,False,2026-08-30,51.333333333333336,42.0,113,1.2222222222222223,2
1648,49,2026-08-30 13:12:01-07:00,2026-08-30,13:12:01,drive_thru,car,CAR 756  (+2:01),,4,In_n_Out_log_2026-09-06_193227.json,2026-09-06,,,,,,,,756.0,0.0,0.0,,,,,,,,,,,,,,,,,,121.0,,,,False,,2026-08-30 13:10:00-07:00,2.0166666666666666,False,29,2026-08-30 13:10:00-07:00,121.0,1,63.54330708661417,2026-08-30,False,False,64.0,False,2026-08-30,66.0,False,2026-08-30,41.0,False,2026-08-30,57.0,42.0,113,1.3571428571428572,2
1649,49,2026-08-30 13:12:21-07:00,2026-08-30,13:12:21,drive_thru,car,CAR 757  (+0:20),,4,In_n_Out_log_2026-09-06_193227.json,2026-09-06,,,,,,,,757.0,0.0,0.0,,,,,,,,,,,,,,,,,,20.0,,,,False,,2026-08-30 13:12:01-07:00,0.3333333333333333,False,29,2026-08-30 13:12:01-07:00,20.0,1,-37.45669291338583,2026-08-30,False,False,121.0,False,2026-08-30,64.0,False,2026-08-30,66.0,False,2026-08-30,83.66666666666667,42.0,113,1.992063492063492,3
1654,49,2026-08-30 13:14:25-07:00,2026-08-30,13:14:25,drive_thru,car,CAR 758  (+2:04),,4,In_n_Out_log_2026-09-06_193227.json,2026-09-06,,,,,,,,758.0,0.0,0.0,,,,,,,,,,,,,,,,,,124.0,,,,False,,2026-08-30 13:12:21-07:00,2.066666666666667,False,29,2026-08-30 13:12:21-07:00,124.0,1,66.54330708661416,2026-08-30,False,False,20.0,False,2026-08-30,121.0,False,2026-08-30,64.0,False,2026-08-30,68.33333333333333,42.0,113,1.626984126984127,3
1658,49,2026-08-30 13:15:11-07:00,2026-08-30,13:15:11,drive_thru,car,CAR 759  (+0:46),,4,In_n_Out_log_2026-09-06_193227.json,2026-09-06,,,,,,,,759.0,0.0,0.0,,,,,,,,,,,,,,,,,,46.0,,,,False,,2026-08-30 13:14:25-07:00,0.7666666666666667,False,29,2026-08-30 13:14:25-07:00,46.0,1,-11.45669291338583,2026-08-30,False,False,124.0,False,2026-08-30,20.0,False,2026-08-30,121.0,False,2026-08-30,88.33333333333333,42.0,113,2.1031746031746033,3
1661,49,2026-08-30 13:17:47-07:00,2026-08-30,13:17:47,drive_thru,car,CAR 760  (+2:36),,4,In_n_Out_log_2026-09-06_193227.json,2026-09-06,,,,,,,,760.0,0.0,0.0,,,,,,,,,,,,,,,,,,156.0,,,,False,,2026-08-30 13:15:11-07:00,2.6,False,29,2026-08-30 13:15:11-07:00,156.0,1,98.54330708661416,2026-08-30,False,False,46.0,False,2026-08-30,124.0,False,2026-08-30,20.0,False,2026-08-30,63.333333333333336,42.0,113,1.507936507936508,2
1663,49,2026-08-30 13:18:28-07:00,2026-08-30,13:18:28,drive_thru,car,CAR 761  (+0:41),,4,In_n_Out_log_2026-09-06_193227.json,2026-09-06,,,,,,,,761.0,0.0,0.0,,,,,,,,,,,,,,,,,,41.0,,,,False,,2026-08-30 13:17:47-07:00,0.6833333333333333,False,29,2026-08-30 13:17:47-07:00,41.0,1,-16.45669291338583,2026-08-30,False,False,156.0,False,2026-08-30,46.0,False,2026-08-30,124.0,False,2026-08-30,108.66666666666667,42.0,113,2.5873015873015874,3
1685,49,2026-08-30 13:27:55-07:00,2026-08-30,13:27:55,drive_thru,car,CAR 766  (+1:48),,4,In_n_Out_log_2026-09-06_193227.json,2026-09-06,,,,,,,,766.0,0.0,0.0,,,,,,,,,,,,,,,,,,108.0,,,,False,,2026-08-30 13:26:07-07:00,1.8,False,29,2026-08-30 13:26:07-07:00,108.0,2,50.54330708661417,2026-08-30,False,False,73.0,False,2026-08-30,50.0,False,2026-08-30,130.0,False,2026-08-30,84.33333333333333,42.0,113,2.007936507936508,3
1689,49,2026-08-30 13:30:47-07:00,2026-08-30,13:30:47,drive_thru,car,CAR 767  (+2:52),,4,In_n_Out_log_2026-09-06_193227.json,2026-09-06,,,,,,,,767.0,0.0,0.0,,,,,,,,,,,,,,,,,,172.0,,,,False,,2026-08-30 13:27:55-07:00,2.8666666666666667,False,29,2026-08-30 13:27:55-07:00,172.0,2,114.54330708661416,2026-08-30,False,False,108.0,False,2026-08-30,73.0,False,2026-08-30,50.0,False,2026-08-30,77.0,42.0,113,1.8333333333333333,3
1692,49,2026-08-30 13:32:06-07:00,2026-08-30,13:32:06,drive_thru,car,CAR 768  (+1:19),,4,In_n_Out_log_2026-09-06_193227.json,2026-09-06,,,,,,,,768.0,0.0,0.0,,,,,,,,,,,,,,,,,,79.0,,,,False,,2026-08-30 13:30:47-07:00,1.3166666666666667,False,29,2026-08-30 13:30:47-07:00,79.0,2,21.54330708661417,2026-08-30,False,False,172.0,False,2026-08-30,108.0,False,2026-08-30,73.0,False,2026-08-30,117.66666666666667,42.0,113,2.801587301587302,3
1693,49,2026-08-30 13:33:03-07:00,2026-08-30,13:33:03,drive_thru,car,CAR 769  (+0:57),,4,In_n_Out_log_2026-09-06_193227.json,2026-09-06,,,,,,,,769.0,0.0,0.0,,,,,,,,,,,,,,,,,,57.0,,,,False,,2026-08-30 13:32:06-07:00,0.95,False,29,2026-08-30 13:32:06-07:00,57.0,2,-0.4566929133858295,2026-08-30,False,False,79.0,False,2026-08-30,172.0,False,2026-08-30,108.0,False,2026-08-30,119.66666666666667,42.0,113,2.8492063492063493,3
1694,49,2026-08-30 13:33:39-07:00,2026-08-30,13:33:39,drive_thru,car,CAR 770  (+0:36),,4,In_n_Out_log_2026-09-06_193227.json,2026-09-06,,,,,,,,770.0,0.0,0.0,,,,,,,,,,,,,,,,,,36.0,,,,False,,2026-08-30 13:33:03-07:00,0.6,False,29,2026-08-30 13:33:03-07:00,36.0,2,-21.45669291338583,2026-08-30,False,False,57.0,False,2026-08-30,79.0,False,2026-08-30,172.0,False,2026-08-30,102.66666666666667,42.0,113,2.4444444444444446,3
1695,49,2026-08-30 13:34:00-07:00,2026-08-30,13:34:00,drive_thru,car,CAR 771  (+0:21),,4,In_n_Out_log_2026-09-06_193227.json,2026-09-06,,,,,,,,771.0,0.0,0.0,,,,,,,,,,,,,,,,,,21.0,,,,False,,2026-08-30 13:33:39-07:00,0.35,False,29,2026-08-30 13:33:39-07:00,21.0,2,-36.45669291338583,2026-08-30,False,False,36.0,False,2026-08-30,57.0,False,2026-08-30,79.0,False,2026-08-30,57.333333333333336,42.0,113,1.3650793650793651,2
1697,49,2026-08-30 13:34:24-07:00,2026-08-30,13:34:24,drive_thru,car,CAR 772  (+0:25),,4,In_n_Out_log_2026-09-06_193227.json,2026-09-06,,,,,,,,772.0,0.0,0.0,,,,,,,,,,,,,,,,,,25.0,,,,False,,2026-08-30 13:34:00-07:00,0.4,False,29,2026-08-30 13:34:00-07:00,24.0,2,-33.45669291338583,2026-08-30,False,False,21.0,False,2026-08-30,36.0,False,2026-08-30,57.0,False,2026-08-30,38.0,42.0,113,0.9047619047619048,0
1698,49,2026-08-30 13:35:08-07:00,2026-08-30,13:35:08,drive_thru,car,CAR 773  (+0:44),,4,In_n_Out_log_2026-09-06_193227.json,2026-09-06,,,,,,,,773.0,0.0,0.0,,,,,,,,,,,,,,,,,,44.0,,,,False,,2026-08-30 13:34:24-07:00,0.7333333333333333,False,29,2026-08-30 13:34:24-07:00,44.0,2,-13.45669291338583,2026-08-30,False,False,24.0,False,2026-08-30,21.0,False,2026-08-30,36.0,False,2026-08-30,27.0,42.0,113,0.6428571428571429,0
1699,49,2026-08-30 13:36:52-07:00,2026-08-30,13:36:52,drive_thru,car,CAR 774  (+1:43),,4,In_n_Out_log_2026-09-06_193227.json,2026-09-06,,,,,,,,774.0,0.0,0.0,,,,,,,,,,,,,,,,,,103.0,,,,False,,2026-08-30 13:35:08-07:00,1.7333333333333334,False,29,2026-08-30 13:35:08-07:00,104.0,2,46.54330708661417,2026-08-30,False,False,44.0,False,2026-08-30,24.0,False,2026-08-30,21.0,False,2026-08-30,29.666666666666668,42.0,113,0.7063492063492064,0
1703,49,2026-08-30 13:39:57-07:00,2026-08-30,13:39:57,drive_thru,car,CAR 775  (+3:06),,4,In_n_Out_log_2026-09-06_193227.json,2026-09-06,,,,,,,,775.0,0.0,0.0,,,,,,,,,,,,,,,,,,186.0,,,,False,,2026-08-30 13:36:52-07:00,3.0833333333333335,False,29,2026-08-30 13:36:52-07:00,185.0,2,127.54330708661416,2026-08-30,False,False,104.0,False,2026-08-30,44.0,False,2026-08-30,24.0,False,2026-08-30,57.333333333333336,42.0,113,1.3650793650793651,2
1705,49,2026-08-30 13:40:30-07:00,2026-08-30,13:40:30,drive_thru,car,CAR 776  (+0:33),,4,In_n_Out_log_2026-09-06_193227.json,2026-09-06,,,,,,,,776.0,0.0,0.0,,,,,,,,,,,,,,,,,,33.0,,,,False,,2026-08-30 13:39:57-07:00,0.55,False,29,2026-08-30 13:39:57-07:00,33.0,2,-24.45669291338583,2026-08-30,False,False,185.0,False,2026-08-30,104.0,False,2026-08-30,44.0,False,2026-08-30,111.0,42.0,113,2.642857142857143,3
1706,49,2026-08-30 13:41:20-07:00,2026-08-30,13:41:20,drive_thru,car,CAR 777  (+0:50),,4,In_n_Out_log_2026-09-06_193227.json,2026-09-06,,,,,,,,777.0,0.0,0.0,,,,,,,,,,,,,,,,,,50.0,,,,False,,2026-08-30 13:40:30-07:00,0.8333333333333334,False,29,2026-08-30 13:40:30-07:00,50.0,2,-7.4566929133858295,2026-08-30,False,False,33.0,False,2026-08-30,185.0,False,2026-08-30,104.0,False,2026-08-30,107.33333333333333,42.0,113,2.5555555555555554,3
1707,49,2026-08-30 13:41:49-07:00,2026-08-30,13:41:49,drive_thru,car,CAR 778  (+0:29),,4,In_n_Out_log_2026-09-06_193227.json,2026-09-06,,,,,,,,778.0,0.0,0.0,,,,,,,,,,,,,,,,,,29.0,,,,False,,2026-08-30 13:41:20-07:00,0.48333333333333334,False,29,2026-08-30 13:41:20-07:00,29.0,2,-28.45669291338583,2026-08-30,False,False,50.0,False,2026-08-30,33.0,False,2026-08-30,185.0,False,2026-08-30,89.33333333333333,42.0,113,2.126984126984127,3
1708,49,2026-08-30 13:42:35-07:00,2026-08-30,13:42:35,drive_thru,car,CAR 779  (+0:46),,4,In_n_Out_log_2026-09-06_193227.json,2026-09-06,,,,,,,,779.0,0.0,0.0,,,,,,,,,,,,,,,,,,46.0,,,,False,,2026-08-30 13:41:49-07:00,0.7666666666666667,False,29,2026-08-30 13:41:49-07:00,46.0,2,-11.45669291338583,2026-08-30,False,False,29.0,False,2026-08-30,50.0,False,2026-08-30,33.0,False,2026-08-30,37.333333333333336,42.0,113,0.888888888888889,0
1712,49,2026-08-30 13:44:23-07:00,2026-08-30,13:44:23,drive_thru,car,CAR 780  (+1:48),,4,In_n_Out_log_2026-09-06_193227.json,2026-09-06,,,,,,,,780.0,0.0,0.0,,,,,,,,,,,,,,,,,,108.0,,,,False,,2026-08-30 13:42:35-07:00,1.8,False,29,2026-08-30 13:42:35-07:00,108.0,2,50.54330708661417,2026-08-30,True,True,46.0,False,2026-08-30,29.0,False,2026-08-30,50.0,False,2026-08-30,41.666666666666664,42.0,113,0.992063492063492,1
1717,49,2026-08-30 13:47:07-07:00,2026-08-30,13:47:07,drive_thru,car,CAR 784  (+0:59),,4,In_n_Out_log_2026-09-06_193227.json,2026-09-06,,,,,,,,784.0,0.0,0.0,,,,,,,,,,,,,,,,,,59.0,,,,False,,2026-08-30 13:46:08-07:00,0.9833333333333333,False,29,2026-08-30 13:46:08-07:00,59.0,2,1.5433070866141705,2026-08-30,False,False,37.0,False,2026-08-30,26.0,False,2026-08-30,42.0,False,2026-08-30,35.0,42.0,113,0.8333333333333334,0
1719,49,2026-08-30 13:47:40-07:00,2026-08-30,13:47:40,drive_thru,car,CAR 785  (+0:33),,4,In_n_Out_log_2026-09-06_193227.json,2026-09-06,,,,,,,,785.0,0.0,0.0,,,,,,,,,,,,,,,,,,33.0,,,,False,,2026-08-30 13:47:07-07:00,0.55,False,29,2026-08-30 13:47:07-07:00,33.0,2,-24.45669291338583,2026-08-30,False,False,59.0,False,2026-08-30,37.0,False,2026-08-30,26.0,False,2026-08-30,40.666666666666664,42.0,113,0.9682539682539681,1
1721,49,2026-08-30 13:48:24-07:00,2026-08-30,13:48:24,drive_thru,car,CAR 786  (+0:44),,4,In_n_Out_log_2026-09-06_193227.json,2026-09-06,,,,,,,,786.0,0.0,0.0,,,,,,,,,,,,,,,,,,44.0,,,,False,,2026-08-30 13:47:40-07:00,0.7333333333333333,False,29,2026-08-30 13:47:40-07:00,44.0,2,-13.45669291338583,2026-08-30,False,False,33.0,False,2026-08-30,59.0,False,2026-08-30,37.0,False,2026-08-30,43.0,42.0,113,1.0238095238095237,1
1722,49,2026-08-30 13:48:41-07:00,2026-08-30,13:48:41,drive_thru,car,CAR 787  (+0:18),,4,In_n_Out_log_2026-09-06_193227.json,2026-09-06,,,,,,,,787.0,0.0,0.0,,,,,,,,,,,,,,,,,,18.0,,,,False,,2026-08-30 13:48:24-07:00,0.2833333333333333,False,29,2026-08-30 13:48:24-07:00,17.0,2,-40.45669291338583,2026-08-30,False,False,44.0,False,2026-08-30,33.0,False,2026-08-30,59.0,False,2026-08-30,45.333333333333336,42.0,113,1.0793650793650795,1
1726,49,2026-08-30 13:50:26-07:00,2026-08-30,13:50:26,drive_thru,car,CAR 788  (+1:45),,4,In_n_Out_log_2026-09-06_193227.json,2026-09-06,,,,,,,,788.0,0.0,0.0,,,,,,,,,,,,,,,,,,105.0,,,,False,,2026-08-30 13:48:41-07:00,1.75,False,29,2026-08-30 13:48:41-07:00,105.0,2,47.54330708661417,2026-08-30,False,False,17.0,False,2026-08-30,44.0,False,2026-08-30,33.0,False,2026-08-30,31.333333333333332,42.0,113,0.746031746031746,0
1727,49,2026-08-30 13:51:01-07:00,2026-08-30,13:51:01,drive_thru,car,CAR 789  (+0:35),,4,In_n_Out_log_2026-09-06_193227.json,2026-09-06,,,,,,,,789.0,0.0,0.0,,,,,,,,,,,,,,,,,,35.0,,,,False,,2026-08-30 13:50:26-07:00,0.5833333333333334,False,29,2026-08-30 13:50:26-07:00,35.0,2,-22.45669291338583,2026-08-30,False,False,105.0,False,2026-08-30,17.0,False,2026-08-30,44.0,False,2026-08-30,55.333333333333336,42.0,113,1.3174603174603174,2
1728,49,2026-08-30 13:51:43-07:00,2026-08-30,13:51:43,drive_thru,car,CAR 790  (+0:42),,4,In_n_Out_log_2026-09-06_193227.json,2026-09-06,,,,,,,,790.0,0.0,0.0,,,,,,,,,,,,,,,,,,42.0,,,,False,,2026-08-30 13:51:01-07:00,0.7,False,29,2026-08-30 13:51:01-07:00,42.0,2,-15.45669291338583,2026-08-30,False,False,35.0,False,2026-08-30,105.0,False,2026-08-30,17.0,False,2026-08-30,52.333333333333336,42.0,113,1.246031746031746,2
1729,49,2026-08-30 13:52:42-07:00,2026-08-30,13:52:42,drive_thru,car,CAR 791  (+0:59),,4,In_n_Out_log_2026-09-06_193227.json,2026-09-06,,,,,,,,791.0,0.0,0.0,,,,,,,,,,,,,,,,,,59.0,,,,False,,2026-08-30 13:51:43-07:00,0.9833333333333333,False,29,2026-08-30 13:51:43-07:00,59.0,2,1.5433070866141705,2026-08-30,False,False,42.0,False,2026-08-30,35.0,False,2026-08-30,105.0,False,2026-08-30,60.666666666666664,42.0,113,1.4444444444444444,2
1731,49,2026-08-30 13:53:18-07:00,2026-08-30,13:53:18,drive_thru,car,CAR 792  (+0:36),,4,In_n_Out_log_2026-09-06_193227.json,2026-09-06,,,,,,,,792.0,0.0,0.0,,,,,,,,,,,,,,,,,,36.0,,,,False,,2026-08-30 13:52:42-07:00,0.6,False,29,2026-08-30 13:52:42-07:00,36.0,2,-21.45669291338583,2026-08-30,False,False,59.0,False,2026-08-30,42.0,False,2026-08-30,35.0,False,2026-08-30,45.333333333333336,42.0,113,1.0793650793650795,1
1732,49,2026-08-30 13:54:02-07:00,2026-08-30,13:54:02,drive_thru,car,CAR 793  (+0:44),,4,In_n_Out_log_2026-09-06_193227.json,2026-09-06,,,,,,,,793.0,0.0,0.0,,,,,,,,,,,,,,,,,,44.0,,,,False,,2026-08-30 13:53:18-07:00,0.7333333333333333,False,29,2026-08-30 13:53:18-07:00,44.0,2,-13.45669291338583,2026-08-30,False,False,36.0,False,2026-08-30,59.0,False,2026-08-30,42.0,False,2026-08-30,45.666666666666664,42.0,113,1.0873015873015872,1
1733,49,2026-08-30 13:54:24-07:00,2026-08-30,13:54:24,drive_thru,car,CAR 794  (+0:22),,4,In_n_Out_log_2026-09-06_193227.json,2026-09-06,,,,,,,,794.0,0.0,0.0,,,,,,,,,,,,,,,,,,22.0,,,,False,,2026-08-30 13:54:02-07:00,0.36666666666666664,False,29,2026-08-30 13:54:02-07:00,22.0,2,-35.45669291338583,2026-08-30,False,False,44.0,False,2026-08-30,36.0,False,2026-08-30,59.0,False,2026-08-30,46.333333333333336,42.0,113,1.1031746031746033,1
1754,50,2026-08-30 19:35:45-07:00,2026-08-30,19:35:45,drive_thru,car,CAR 799  (+0:45),,4,In_n_Out_log_2026-09-06_193227.json,2026-09-06,,,,,,,,799.0,0.0,0.0,,,,,,,,,,,,,,,,,,45.0,,,,False,,2026-08-30 19:35:00-07:00,0.75,False,30,2026-08-30 19:35:00-07:00,45.0,1,-19.872727272727275,2026-08-30,False,False,74.0,False,2026-08-30,86.0,False,2026-08-30,121.0,False,2026-08-30,93.66666666666667,45.0,45,2.0814814814814815,3
1756,50,2026-08-30 19:36:32-07:00,2026-08-30,19:36:32,drive_thru,car,CAR 800  (+0:47),,4,In_n_Out_log_2026-09-06_193227.json,2026-09-06,,,,,,,,800.0,0.0,0.0,,,,,,,,,,,,,,,,,,47.0,,,,False,,2026-08-30 19:35:45-07:00,0.7833333333333333,False,30,2026-08-30 19:35:45-07:00,47.0,1,-17.872727272727275,2026-08-30,False,False,45.0,False,2026-08-30,74.0,False,2026-08-30,86.0,False,2026-08-30,68.33333333333333,45.0,45,1.5185185185185184,2
1758,50,2026-08-30 19:37:15-07:00,2026-08-30,19:37:15,drive_thru,car,CAR 801  (+0:43),,4,In_n_Out_log_2026-09-06_193227.json,2026-09-06,,,,,,,,801.0,0.0,0.0,,,,,,,,,,,,,,,,,,43.0,,,,False,,2026-08-30 19:36:32-07:00,0.7166666666666667,False,30,2026-08-30 19:36:32-07:00,43.0,1,-21.872727272727275,2026-08-30,False,False,47.0,False,2026-08-30,45.0,False,2026-08-30,74.0,False,2026-08-30,55.333333333333336,45.0,45,1.2296296296296296,2
1761,50,2026-08-30 19:38:18-07:00,2026-08-30,19:38:18,drive_thru,car,CAR 802  (+1:04),,4,In_n_Out_log_2026-09-06_193227.json,2026-09-06,,,,,,,,802.0,0.0,0.0,,,,,,,,,,,,,,,,,,64.0,,,,False,,2026-08-30 19:37:15-07:00,1.05,False,30,2026-08-30 19:37:15-07:00,63.0,1,-1.8727272727272748,2026-08-30,False,False,43.0,False,2026-08-30,47.0,False,2026-08-30,45.0,False,2026-08-30,45.0,45.0,45,1.0,1
1762,50,2026-08-30 19:39:43-07:00,2026-08-30,19:39:43,drive_thru,car,CAR 803  (+1:25),,4,In_n_Out_log_2026-09-06_193227.json,2026-09-06,,,,,,,,803.0,0.0,0.0,,,,,,,,,,,,,,,,,,85.0,,,,False,,2026-08-30 19:38:18-07:00,1.4166666666666667,False,30,2026-08-30 19:38:18-07:00,85.0,1,20.127272727272725,2026-08-30,False,False,63.0,False,2026-08-30,43.0,False,2026-08-30,47.0,False,2026-08-30,51.0,45.0,45,1.1333333333333333,1
1763,50,2026-08-30 19:40:09-07:00,2026-08-30,19:40:09,drive_thru,car,CAR 804  (+0:26),,4,In_n_Out_log_2026-09-06_193227.json,2026-09-06,,,,,,,,804.0,0.0,0.0,,,,,,,,,,,,,,,,,,26.0,,,,False,,2026-08-30 19:39:43-07:00,0.43333333333333335,False,30,2026-08-30 19:39:43-07:00,26.0,1,-38.872727272727275,2026-08-30,False,False,85.0,False,2026-08-30,63.0,False,2026-08-30,43.0,False,2026-08-30,63.666666666666664,45.0,45,1.4148148148148147,2
1766,50,2026-08-30 19:41:39-07:00,2026-08-30,19:41:39,drive_thru,car,CAR 805  (+1:30),,4,In_n_Out_log_2026-09-06_193227.json,2026-09-06,,,,,,,,805.0,0.0,0.0,,,,,,,,,,,,,,,,,,90.0,,,,False,,2026-08-30 19:40:09-07:00,1.5,False,30,2026-08-30 19:40:09-07:00,90.0,1,25.127272727272725,2026-08-30,True,True,26.0,False,2026-08-30,85.0,False,2026-08-30,63.0,False,2026-08-30,58.0,45.0,45,1.288888888888889,2
1792,50,2026-08-30 19:49:32-07:00,2026-08-30,19:49:32,drive_thru,car,CAR 814  (+0:26),,4,In_n_Out_log_2026-09-06_193227.json,2026-09-06,,,,,,,,814.0,0.0,0.0,,,,,,,,,,,,,,,,,,26.0,,,,False,,2026-08-30 19:49:05-07:00,0.45,False,30,2026-08-30 19:49:05-07:00,27.0,1,-37.872727272727275,2026-08-30,False,False,28.0,False,2026-08-30,47.0,False,2026-08-30,2.0,False,2026-08-30,25.666666666666668,45.0,45,0.5703703703703704,0
1795,50,2026-08-30 19:50:39-07:00,2026-08-30,19:50:39,drive_thru,car,CAR 815  (+1:07),,4,In_n_Out_log_2026-09-06_193227.json,2026-09-06,,,,,,,,815.0,0.0,0.0,,,,,,,,,,,,,,,,,,67.0,,,,False,,2026-08-30 19:49:32-07:00,1.1166666666666667,False,30,2026-08-30 19:49:32-07:00,67.0,1,2.127272727272725,2026-08-30,False,False,27.0,False,2026-08-30,28.0,False,2026-08-30,47.0,False,2026-08-30,34.0,45.0,45,0.7555555555555555,0
1796,50,2026-08-30 19:51:00-07:00,2026-08-30,19:51:00,drive_thru,car,CAR 816  (+0:21),,4,In_n_Out_log_2026-09-06_193227.json,2026-09-06,,,,,,,,816.0,0.0,0.0,,,,,,,,,,,,,,,,,,21.0,,,,False,,2026-08-30 19:50:39-07:00,0.35,False,30,2026-08-30 19:50:39-07:00,21.0,1,-43.872727272727275,2026-08-30,False,False,67.0,False,2026-08-30,27.0,False,2026-08-30,28.0,False,2026-08-30,40.666666666666664,45.0,45,0.9037037037037037,0
1800,50,2026-08-30 19:53:12-07:00,2026-08-30,19:53:12,drive_thru,car,CAR 817  (+2:12),,4,In_n_Out_log_2026-09-06_193227.json,2026-09-06,,,,,,,,817.0,0.0,0.0,,,,,,,,,,,,,,,,,,132.0,,,,False,,2026-08-30 19:51:00-07:00,2.2,False,30,2026-08-30 19:51:00-07:00,132.0,1,67.12727272727273,2026-08-30,True,True,21.0,False,2026-08-30,67.0,False,2026-08-30,27.0,False,2026-08-30,38.333333333333336,45.0,45,0.8518518518518519,0
1818,50,2026-08-30 19:57:47-07:00,2026-08-30,19:57:47,drive_thru,car,CAR 822  (+0:58),,4,In_n_Out_log_2026-09-06_193227.json,2026-09-06,,,,,,,,822.0,0.0,0.0,,,,,,,,,,,,,,,,,,58.0,,,,False,,2026-08-30 19:56:48-07:00,0.9833333333333333,False,30,2026-08-30 19:56:48-07:00,59.0,1,-5.872727272727275,2026-08-30,False,False,48.0,False,2026-08-30,29.0,False,2026-08-30,42.0,False,2026-08-30,39.666666666666664,45.0,45,0.8814814814814814,0
1819,50,2026-08-30 19:58:20-07:00,2026-08-30,19:58:20,drive_thru,car,CAR 823  (+0:33),,4,In_n_Out_log_2026-09-06_193227.json,2026-09-06,,,,,,,,823.0,0.0,0.0,,,,,,,,,,,,,,,,,,33.0,,,,False,,2026-08-30 19:57:47-07:00,0.55,False,30,2026-08-30 19:57:47-07:00,33.0,1,-31.872727272727275,2026-08-30,False,False,59.0,False,2026-08-30,48.0,False,2026-08-30,29.0,False,2026-08-30,45.333333333333336,45.0,45,1.0074074074074075,1
1826,50,2026-08-30 20:00:01-07:00,2026-08-30,20:00:01,drive_thru,car,CAR 824  (+1:42),,4,In_n_Out_log_2026-09-06_193227.json,2026-09-06,,,,,,,,824.0,0.0,0.0,,,,,,,,,,,,,,,,,,102.0,,,,False,,2026-08-30 19:58:20-07:00,1.6833333333333333,False,30,2026-08-30 19:58:20-07:00,101.0,1,36.127272727272725,2026-08-30,True,True,33.0,False,2026-08-30,59.0,False,2026-08-30,48.0,False,2026-08-30,46.666666666666664,45.0,45,1.037037037037037,1
1849,50,2026-08-30 20:08:27-07:00,2026-08-30,20:08:27,drive_thru,car,CAR 830  (+2:30),,4,In_n_Out_log_2026-09-06_193227.json,2026-09-06,,,,,,,,830.0,0.0,0.0,,,,,,,,,,,,,,,,,,150.0,,,,False,,2026-08-30 20:05:57-07:00,2.5,False,30,2026-08-30 20:05:57-07:00,150.0,1,85.12727272727273,2026-08-30,False,False,37.0,False,2026-08-30,48.0,False,2026-08-30,109.0,False,2026-08-30,64.66666666666667,45.0,45,1.4370370370370371,2
1851,50,2026-08-30 20:08:48-07:00,2026-08-30,20:08:48,drive_thru,car,CAR 831  (+0:21),,4,In_n_Out_log_2026-09-06_193227.json,2026-09-06,,,,,,,,831.0,0.0,0.0,,,,,,,,,,,,,,,,,,21.0,,,,False,,2026-08-30 20:08:27-07:00,0.35,False,30,2026-08-30 20:08:27-07:00,21.0,1,-43.872727272727275,2026-08-30,False,False,150.0,False,2026-08-30,37.0,False,2026-08-30,48.0,False,2026-08-30,78.33333333333333,45.0,45,1.7407407407407407,3
1854,50,2026-08-30 20:09:34-07:00,2026-08-30,20:09:34,drive_thru,car,CAR 832  (+0:46),,4,In_n_Out_log_2026-09-06_193227.json,2026-09-06,,,,,,,,832.0,0.0,0.0,,,,,,,,,,,,,,,,,,46.0,,,,False,,2026-08-30 20:08:48-07:00,0.7666666666666667,False,30,2026-08-30 20:08:48-07:00,46.0,1,-18.872727272727275,2026-08-30,False,False,21.0,False,2026-08-30,150.0,False,2026-08-30,37.0,False,2026-08-30,69.33333333333333,45.0,45,1.5407407407407407,2
1860,50,2026-08-30 20:12:43-07:00,2026-08-30,20:12:43,drive_thru,car,CAR 833  (+3:09),,4,In_n_Out_log_2026-09-06_193227.json,2026-09-06,,,,,,,,833.0,0.0,0.0,,,,,,,,,,,,,,,,,,189.0,,,,False,,2026-08-30 20:09:34-07:00,3.15,False,30,2026-08-30 20:09:34-07:00,189.0,1,124.12727272727273,2026-08-30,True,True,46.0,False,2026-08-30,21.0,False,2026-08-30,150.0,False,2026-08-30,72.33333333333333,45.0,45,1.6074074074074074,3
1868,50,2026-08-30 20:16:17-07:00,2026-08-30,20:16:17,drive_thru,car,CAR 837  (+0:24),,4,In_n_Out_log_2026-09-06_193227.json,2026-09-06,,,,,,,,837.0,0.0,0.0,,,,,,,,,,,,,,,,,,24.0,,,,False,,2026-08-30 20:15:53-07:00,0.4,False,30,2026-08-30 20:15:53-07:00,24.0,1,-40.872727272727275,2026-08-30,False,False,45.0,False,2026-08-30,111.0,False,2026-08-30,34.0,False,2026-08-30,63.333333333333336,45.0,45,1.4074074074074074,2
1869,50,2026-08-30 20:17:17-07:00,2026-08-30,20:17:17,drive_thru,car,CAR 838  (+1:00),,4,In_n_Out_log_2026-09-06_193227.json,2026-09-06,,,,,,,,838.0,0.0,0.0,,,,,,,,,,,,,,,,,,60.0,,,,False,,2026-08-30 20:16:17-07:00,1.0,False,30,2026-08-30 20:16:17-07:00,60.0,1,-4.872727272727275,2026-08-30,False,False,24.0,False,2026-08-30,45.0,False,2026-08-30,111.0,False,2026-08-30,60.0,45.0,45,1.3333333333333333,2
1871,50,2026-08-30 20:17:41-07:00,2026-08-30,20:17:41,drive_thru,car,CAR 839  (+0:25),,4,In_n_Out_log_2026-09-06_193227.json,2026-09-06,,,,,,,,839.0,0.0,0.0,,,,,,,,,,,,,,,,,,25.0,,,,False,,2026-08-30 20:17:17-07:00,0.4,False,30,2026-08-30 20:17:17-07:00,24.0,1,-40.872727272727275,2026-08-30,False,False,60.0,False,2026-08-30,24.0,False,2026-08-30,45.0,False,2026-08-30,43.0,45.0,45,0.9555555555555556,1
1874,50,2026-08-30 20:18:49-07:00,2026-08-30,20:18:49,drive_thru,car,CAR 840  (+1:08),,4,In_n_Out_log_2026-09-06_193227.json,2026-09-06,,,,,,,,840.0,0.0,0.0,,,,,,,,,,,,,,,,,,68.0,,,,False,,2026-08-30 20:17:41-07:00,1.1333333333333333,False,30,2026-08-30 20:17:41-07:00,68.0,1,3.127272727272725,2026-08-30,False,False,24.0,False,2026-08-30,60.0,False,2026-08-30,24.0,False,2026-08-30,36.0,45.0,45,0.8,0
1876,50,2026-08-30 20:19:31-07:00,2026-08-30,20:19:31,drive_thru,car,CAR 841  (+0:42),,4,In_n_Out_log_2026-09-06_193227.json,2026-09-06,,,,,,,,841.0,0.0,0.0,,,,,,,,,,,,,,,,,,42.0,,,,False,,2026-08-30 20:18:49-07:00,0.7,False,30,2026-08-30 20:18:49-07:00,42.0,1,-22.872727272727275,2026-08-30,False,False,68.0,False,2026-08-30,24.0,False,2026-08-30,60.0,False,2026-08-30,50.666666666666664,45.0,45,1.1259259259259258,1
1879,50,2026-08-30 20:20:42-07:00,2026-08-30,20:20:42,drive_thru,car,CAR 842  (+1:10),,4,In_n_Out_log_2026-09-06_193227.json,2026-09-06,,,,,,,,842.0,0.0,0.0,,,,,,,,,,,,,,,,,,70.0,,,,False,,2026-08-30 20:19:31-07:00,1.1833333333333333,False,30,2026-08-30 20:19:31-07:00,71.0,1,6.127272727272725,2026-08-30,False,False,42.0,False,2026-08-30,68.0,False,2026-08-30,24.0,False,2026-08-30,44.666666666666664,45.0,45,0.9925925925925926,1
1882,50,2026-08-30 20:21:05-07:00,2026-08-30,20:21:05,drive_thru,car,CAR 843  (+0:23),,4,In_n_Out_log_2026-09-06_193227.json,2026-09-06,,,,,,,,843.0,0.0,0.0,,,,,,,,,,,,,,,,,,23.0,,,,False,,2026-08-30 20:20:42-07:00,0.38333333333333336,False,30,2026-08-30 20:20:42-07:00,23.0,1,-41.872727272727275,2026-08-30,False,False,71.0,False,2026-08-30,42.0,False,2026-08-30,68.0,False,2026-08-30,60.333333333333336,45.0,45,1.3407407407407408,2
1883,50,2026-08-30 20:21:48-07:00,2026-08-30,20:21:48,drive_thru,car,CAR 844  (+0:43),,4,In_n_Out_log_2026-09-06_193227.json,2026-09-06,,,,,,,,844.0,0.0,0.0,,,,,,,,,,,,,,,,,,43.0,,,,False,,2026-08-30 20:21:05-07:00,0.7166666666666667,False,30,2026-08-30 20:21:05-07:00,43.0,1,-21.872727272727275,2026-08-30,False,False,23.0,False,2026-08-30,71.0,False,2026-08-30,42.0,False,2026-08-30,45.333333333333336,45.0,45,1.0074074074074075,1
1891,50,2026-08-30 20:23:57-07:00,2026-08-30,20:23:57,drive_thru,car,CAR 845  (+2:10),,4,In_n_Out_log_2026-09-06_193227.json,2026-09-06,,,,,,,,845.0,0.0,0.0,,,,,,,,,,,,,,,,,,130.0,,,,False,,2026-08-30 20:21:48-07:00,2.15,False,30,2026-08-30 20:21:48-07:00,129.0,1,64.12727272727273,2026-08-30,True,True,43.0,False,2026-08-30,23.0,False,2026-08-30,71.0,False,2026-08-30,45.666666666666664,45.0,45,1.0148148148148148,1
1902,50,2026-08-30 20:27:05-07:00,2026-08-30,20:27:05,drive_thru,car,CAR 849  (+0:42),,4,In_n_Out_log_2026-09-06_193227.json,2026-09-06,,,,,,,,849.0,0.0,0.0,,,,,,,,,,,,,,,,,,42.0,,,,False,,2026-08-30 20:26:23-07:00,0.7,False,30,2026-08-30 20:26:23-07:00,42.0,1,-22.872727272727275,2026-08-30,False,False,52.0,False,2026-08-30,50.0,False,2026-08-30,44.0,False,2026-08-30,48.666666666666664,45.0,45,1.0814814814814815,1
1908,50,2026-08-30 20:29:47-07:00,2026-08-30,20:29:47,drive_thru,car,CAR 850  (+2:43),,4,In_n_Out_log_2026-09-06_193227.json,2026-09-06,,,,,,,,850.0,0.0,0.0,,,,,,,,,,,,,,,,,,163.0,,,,False,,2026-08-30 20:27:05-07:00,2.7,False,30,2026-08-30 20:27:05-07:00,162.0,1,97.12727272727273,2026-08-30,False,False,42.0,False,2026-08-30,52.0,False,2026-08-30,50.0,False,2026-08-30,48.0,45.0,45,1.0666666666666667,1
1926,52,2026-08-31 21:45:48-07:00,2026-08-31,21:45:48,drive_thru,car,CAR 855  (+1:27),,4,In_n_Out_log_2026-09-06_193227.json,2026-09-06,,,,,,,,855.0,0.0,0.0,,,,,,,,,,,,,,,,,,87.0,,,,False,,2026-08-31 21:44:22-07:00,1.4333333333333333,False,31,2026-08-31 21:44:22-07:00,86.0,1,17.0,2026-08-31,False,False,29.0,False,2026-08-31,92.0,False,2026-08-31,69.0,False,2026-08-31,63.333333333333336,45.0,55,1.4074074074074074,2
1927,52,2026-08-31 21:46:29-07:00,2026-08-31,21:46:29,drive_thru,car,CAR 856  (+0:40),,4,In_n_Out_log_2026-09-06_193227.json,2026-09-06,,,,,,,,856.0,0.0,0.0,,,,,,,,,,,,,,,,,,40.0,,,,False,,2026-08-31 21:45:48-07:00,0.6833333333333333,False,31,2026-08-31 21:45:48-07:00,41.0,1,-28.0,2026-08-31,False,False,86.0,False,2026-08-31,29.0,False,2026-08-31,92.0,False,2026-08-31,69.0,45.0,55,1.5333333333333334,2
1931,52,2026-08-31 21:48:08-07:00,2026-08-31,21:48:08,drive_thru,car,CAR 857  (+1:39),,4,In_n_Out_log_2026-09-06_193227.json,2026-09-06,,,,,,,,857.0,0.0,0.0,,,,,,,,,,,,,,,,,,99.0,,,,False,,2026-08-31 21:46:29-07:00,1.65,False,31,2026-08-31 21:46:29-07:00,99.0,1,30.0,2026-08-31,False,False,41.0,False,2026-08-31,86.0,False,2026-08-31,29.0,False,2026-08-31,52.0,45.0,55,1.1555555555555554,1
1932,52,2026-08-31 21:48:58-07:00,2026-08-31,21:48:58,drive_thru,car,CAR 858  (+0:51),,4,In_n_Out_log_2026-09-06_193227.json,2026-09-06,,,,,,,,858.0,0.0,0.0,,,,,,,,,,,,,,,,,,51.0,,,,False,,2026-08-31 21:48:08-07:00,0.8333333333333334,False,31,2026-08-31 21:48:08-07:00,50.0,1,-19.0,2026-08-31,False,False,99.0,False,2026-08-31,41.0,False,2026-08-31,86.0,False,2026-08-31,75.33333333333333,45.0,55,1.674074074074074,3
1934,52,2026-08-31 21:49:39-07:00,2026-08-31,21:49:39,drive_thru,car,CAR 859  (+0:41),,4,In_n_Out_log_2026-09-06_193227.json,2026-09-06,,,,,,,,859.0,0.0,0.0,,,,,,,,,,,,,,,,,,41.0,,,,False,,2026-08-31 21:48:58-07:00,0.6833333333333333,False,31,2026-08-31 21:48:58-07:00,41.0,1,-28.0,2026-08-31,False,False,50.0,False,2026-08-31,99.0,False,2026-08-31,41.0,False,2026-08-31,63.333333333333336,45.0,55,1.4074074074074074,2
1935,52,2026-08-31 21:50:02-07:00,2026-08-31,21:50:02,drive_thru,car,CAR 860  (+0:22),,4,In_n_Out_log_2026-09-06_193227.json,2026-09-06,,,,,,,,860.0,0.0,0.0,,,,,,,,,,,,,,,,,,22.0,,,,False,,2026-08-31 21:49:39-07:00,0.38333333333333336,False,31,2026-08-31 21:49:39-07:00,23.0,1,-46.0,2026-08-31,False,False,41.0,False,2026-08-31,50.0,False,2026-08-31,99.0,False,2026-08-31,63.333333333333336,45.0,55,1.4074074074074074,2
1938,52,2026-08-31 21:53:42-07:00,2026-08-31,21:53:42,drive_thru,car,CAR 861  (+3:41),,4,In_n_Out_log_2026-09-06_193227.json,2026-09-06,,,,,,,,861.0,0.0,0.0,,,,,,,,,,,,,,,,,,221.0,,,,False,,2026-08-31 21:50:02-07:00,3.6666666666666665,False,31,2026-08-31 21:50:02-07:00,220.0,1,151.0,2026-08-31,False,False,23.0,False,2026-08-31,41.0,False,2026-08-31,50.0,False,2026-08-31,38.0,45.0,55,0.8444444444444444,0
1944,52,2026-08-31 21:56:32-07:00,2026-08-31,21:56:32,drive_thru,car,CAR 862  (+2:50),,4,In_n_Out_log_2026-09-06_193227.json,2026-09-06,,,,,,,,862.0,0.0,0.0,,,,,,,,,,,,,,,,,,170.0,,,,False,,2026-08-31 21:53:42-07:00,2.8333333333333335,False,31,2026-08-31 21:53:42-07:00,170.0,1,101.0,2026-08-31,False,False,220.0,False,2026-08-31,23.0,False,2026-08-31,41.0,False,2026-08-31,94.66666666666667,45.0,55,2.1037037037037036,3
1945,52,2026-08-31 21:57:11-07:00,2026-08-31,21:57:11,drive_thru,car,CAR 863  (+0:39),,4,In_n_Out_log_2026-09-06_193227.json,2026-09-06,,,,,,,,863.0,0.0,0.0,,,,,,,,,,,,,,,,,,39.0,,,,False,,2026-08-31 21:56:32-07:00,0.65,False,31,2026-08-31 21:56:32-07:00,39.0,1,-30.0,2026-08-31,False,False,170.0,False,2026-08-31,220.0,False,2026-08-31,23.0,False,2026-08-31,137.66666666666666,45.0,55,3.059259259259259,3
1946,52,2026-08-31 22:00:45-07:00,2026-08-31,22:00:45,drive_thru,car,CAR 864  (+3:34),,4,In_n_Out_log_2026-09-06_193227.json,2026-09-06,,,,,,,,864.0,0.0,0.0,,,,,,,,,,,,,,,,,,214.0,,,,False,,2026-08-31 21:57:11-07:00,3.566666666666667,False,31,2026-08-31 21:57:11-07:00,214.0,1,145.0,2026-08-31,False,False,39.0,False,2026-08-31,170.0,False,2026-08-31,220.0,False,2026-08-31,143.0,45.0,55,3.1777777777777776,3
1950,52,2026-08-31 22:01:40-07:00,2026-08-31,22:01:40,drive_thru,car,CAR 865  (+0:55),,4,In_n_Out_log_2026-09-06_193227.json,2026-09-06,,,,,,,,865.0,0.0,0.0,,,,,,,,,,,,,,,,,,55.0,,,,False,,2026-08-31 22:00:45-07:00,0.9166666666666666,False,31,2026-08-31 22:00:45-07:00,55.0,1,-14.0,2026-08-31,False,False,214.0,False,2026-08-31,39.0,False,2026-08-31,170.0,False,2026-08-31,141.0,45.0,55,3.1333333333333333,3
1952,52,2026-08-31 22:02:28-07:00,2026-08-31,22:02:28,drive_thru,car,CAR 866  (+0:48),,4,In_n_Out_log_2026-09-06_193227.json,2026-09-06,,,,,,,,866.0,0.0,0.0,,,,,,,,,,,,,,,,,,48.0,,,,False,,2026-08-31 22:01:40-07:00,0.8,False,31,2026-08-31 22:01:40-07:00,48.0,1,-21.0,2026-08-31,False,False,55.0,False,2026-08-31,214.0,False,2026-08-31,39.0,False,2026-08-31,102.66666666666667,45.0,55,2.2814814814814817,3
1953,52,2026-08-31 22:02:55-07:00,2026-08-31,22:02:55,drive_thru,car,CAR 867  (+0:27),,4,In_n_Out_log_2026-09-06_193227.json,2026-09-06,,,,,,,,867.0,0.0,0.0,,,,,,,,,,,,,,,,,,27.0,,,,False,,2026-08-31 22:02:28-07:00,0.45,False,31,2026-08-31 22:02:28-07:00,27.0,1,-42.0,2026-08-31,False,False,48.0,False,2026-08-31,55.0,False,2026-08-31,214.0,False,2026-08-31,105.66666666666667,45.0,55,2.348148148148148,3
1954,52,2026-08-31 22:03:40-07:00,2026-08-31,22:03:40,drive_thru,car,CAR 868  (+0:45),,4,In_n_Out_log_2026-09-06_193227.json,2026-09-06,,,,,,,,868.0,0.0,0.0,,,,,,,,,,,,,,,,,,45.0,,,,False,,2026-08-31 22:02:55-07:00,0.75,False,31,2026-08-31 22:02:55-07:00,45.0,1,-24.0,2026-08-31,False,False,27.0,False,2026-08-31,48.0,False,2026-08-31,55.0,False,2026-08-31,43.333333333333336,45.0,55,0.962962962962963,1
1955,52,2026-08-31 22:04:02-07:00,2026-08-31,22:04:02,drive_thru,car,CAR 869  (+0:22),,4,In_n_Out_log_2026-09-06_193227.json,2026-09-06,,,,,,,,869.0,0.0,0.0,,,,,,,,,,,,,,,,,,22.0,,,,False,,2026-08-31 22:03:40-07:00,0.36666666666666664,False,31,2026-08-31 22:03:40-07:00,22.0,1,-47.0,2026-08-31,False,False,45.0,False,2026-08-31,27.0,False,2026-08-31,48.0,False,2026-08-31,40.0,45.0,55,0.8888888888888888,0
1956,52,2026-08-31 22:04:23-07:00,2026-08-31,22:04:23,drive_thru,car,CAR 870  (+0:21),,4,In_n_Out_log_2026-09-06_193227.json,2026-09-06,,,,,,,,870.0,0.0,0.0,,,,,,,,,,,,,,,,,,21.0,,,,False,,2026-08-31 22:04:02-07:00,0.35,False,31,2026-08-31 22:04:02-07:00,21.0,1,-48.0,2026-08-31,False,False,22.0,False,2026-08-31,45.0,False,2026-08-31,27.0,False,2026-08-31,31.333333333333332,45.0,55,0.6962962962962963,0
1958,52,2026-08-31 22:04:57-07:00,2026-08-31,22:04:57,drive_thru,car,CAR 871  (+0:34),,4,In_n_Out_log_2026-09-06_193227.json,2026-09-06,,,,,,,,871.0,0.0,0.0,,,,,,,,,,,,,,,,,,34.0,,,,False,,2026-08-31 22:04:23-07:00,0.5666666666666667,False,31,2026-08-31 22:04:23-07:00,34.0,1,-35.0,2026-08-31,False,False,21.0,False,2026-08-31,22.0,False,2026-08-31,45.0,False,2026-08-31,29.333333333333332,45.0,55,0.6518518518518518,0
1960,52,2026-08-31 22:06:23-07:00,2026-08-31,22:06:23,drive_thru,car,CAR 872  (+1:26),,4,In_n_Out_log_2026-09-06_193227.json,2026-09-06,,,,,,,,872.0,0.0,0.0,,,,,,,,,,,,,,,,,,86.0,,,,False,,2026-08-31 22:04:57-07:00,1.4333333333333333,False,31,2026-08-31 22:04:57-07:00,86.0,1,17.0,2026-08-31,False,False,34.0,False,2026-08-31,21.0,False,2026-08-31,22.0,False,2026-08-31,25.666666666666668,45.0,55,0.5703703703703704,0
1961,52,2026-08-31 22:06:55-07:00,2026-08-31,22:06:55,drive_thru,car,CAR 873  (+0:31),,4,In_n_Out_log_2026-09-06_193227.json,2026-09-06,,,,,,,,873.0,0.0,0.0,,,,,,,,,,,,,,,,,,31.0,,,,False,,2026-08-31 22:06:23-07:00,0.5333333333333333,False,31,2026-08-31 22:06:23-07:00,32.0,1,-37.0,2026-08-31,False,False,86.0,False,2026-08-31,34.0,False,2026-08-31,21.0,False,2026-08-31,47.0,45.0,55,1.0444444444444445,1
1962,52,2026-08-31 22:07:47-07:00,2026-08-31,22:07:47,drive_thru,car,CAR 874  (+0:53),,4,In_n_Out_log_2026-09-06_193227.json,2026-09-06,,,,,,,,874.0,0.0,0.0,,,,,,,,,,,,,,,,,,53.0,,,,False,,2026-08-31 22:06:55-07:00,0.8666666666666667,False,31,2026-08-31 22:06:55-07:00,52.0,1,-17.0,2026-08-31,False,False,32.0,False,2026-08-31,86.0,False,2026-08-31,34.0,False,2026-08-31,50.666666666666664,45.0,55,1.1259259259259258,1
1963,52,2026-08-31 22:08:30-07:00,2026-08-31,22:08:30,drive_thru,car,CAR 875  (+0:43),,4,In_n_Out_log_2026-09-06_193227.json,2026-09-06,,,,,,,,875.0,0.0,0.0,,,,,,,,,,,,,,,,,,43.0,,,,False,,2026-08-31 22:07:47-07:00,0.7166666666666667,False,31,2026-08-31 22:07:47-07:00,43.0,1,-26.0,2026-08-31,False,False,52.0,False,2026-08-31,32.0,False,2026-08-31,86.0,False,2026-08-31,56.666666666666664,45.0,55,1.2592592592592593,2
1966,52,2026-08-31 22:09:34-07:00,2026-08-31,22:09:34,drive_thru,car,CAR 876  (+1:03),,4,In_n_Out_log_2026-09-06_193227.json,2026-09-06,,,,,,,,876.0,0.0,0.0,,,,,,,,,,,,,,,,,,63.0,,,,False,,2026-08-31 22:08:30-07:00,1.0666666666666667,False,31,2026-08-31 22:08:30-07:00,64.0,1,-5.0,2026-08-31,False,False,43.0,False,2026-08-31,52.0,False,2026-08-31,32.0,False,2026-08-31,42.333333333333336,45.0,55,0.9407407407407408,1
1968,52,2026-08-31 22:10:40-07:00,2026-08-31,22:10:40,drive_thru,car,CAR 877  (+1:06),,4,In_n_Out_log_2026-09-06_193227.json,2026-09-06,,,,,,,,877.0,0.0,0.0,,,,,,,,,,,,,,,,,,66.0,,,,False,,2026-08-31 22:09:34-07:00,1.1,False,31,2026-08-31 22:09:34-07:00,66.0,1,-3.0,2026-08-31,False,False,64.0,False,2026-08-31,43.0,False,2026-08-31,52.0,False,2026-08-31,53.0,45.0,55,1.1777777777777778,1
1969,52,2026-08-31 22:11:16-07:00,2026-08-31,22:11:16,drive_thru,car,CAR 878  (+0:36),,4,In_n_Out_log_2026-09-06_193227.json,2026-09-06,,,,,,,,878.0,0.0,0.0,,,,,,,,,,,,,,,,,,36.0,,,,False,,2026-08-31 22:10:40-07:00,0.6,False,31,2026-08-31 22:10:40-07:00,36.0,1,-33.0,2026-08-31,False,False,66.0,False,2026-08-31,64.0,False,2026-08-31,43.0,False,2026-08-31,57.666666666666664,45.0,55,1.2814814814814814,2
1973,52,2026-08-31 22:12:49-07:00,2026-08-31,22:12:49,drive_thru,car,CAR 879  (+1:33),,4,In_n_Out_log_2026-09-06_193227.json,2026-09-06,,,,,,,,879.0,0.0,0.0,,,,,,,,,,,,,,,,,,93.0,,,,False,,2026-08-31 22:11:16-07:00,1.55,False,31,2026-08-31 22:11:16-07:00,93.0,1,24.0,2026-08-31,False,False,36.0,False,2026-08-31,66.0,False,2026-08-31,64.0,False,2026-08-31,55.333333333333336,45.0,55,1.2296296296296296,2
1974,52,2026-08-31 22:13:35-07:00,2026-08-31,22:13:35,drive_thru,car,CAR 880  (+0:46),,4,In_n_Out_log_2026-09-06_193227.json,2026-09-06,,,,,,,,880.0,0.0,0.0,,,,,,,,,,,,,,,,,,46.0,,,,False,,2026-08-31 22:12:49-07:00,0.7666666666666667,False,31,2026-08-31 22:12:49-07:00,46.0,1,-23.0,2026-08-31,False,False,93.0,False,2026-08-31,36.0,False,2026-08-31,66.0,False,2026-08-31,65.0,45.0,55,1.4444444444444444,2
1975,52,2026-08-31 22:14:31-07:00,2026-08-31,22:14:31,drive_thru,car,CAR 881  (+0:55),,4,In_n_Out_log_2026-09-06_193227.json,2026-09-06,,,,,,,,881.0,0.0,0.0,,,,,,,,,,,,,,,,,,55.0,,,,False,,2026-08-31 22:13:35-07:00,0.9333333333333333,False,31,2026-08-31 22:13:35-07:00,56.0,1,-13.0,2026-08-31,False,False,46.0,False,2026-08-31,93.0,False,2026-08-31,36.0,False,2026-08-31,58.333333333333336,45.0,55,1.2962962962962963,2
1976,52,2026-08-31 22:15:03-07:00,2026-08-31,22:15:03,drive_thru,car,CAR 882  (+0:33),,4,In_n_Out_log_2026-09-06_193227.json,2026-09-06,,,,,,,,882.0,0.0,0.0,,,,,,,,,,,,,,,,,,33.0,,,,False,,2026-08-31 22:14:31-07:00,0.5333333333333333,False,31,2026-08-31 22:14:31-07:00,32.0,1,-37.0,2026-08-31,False,False,56.0,False,2026-08-31,46.0,False,2026-08-31,93.0,False,2026-08-31,65.0,45.0,55,1.4444444444444444,2
1977,52,2026-08-31 22:15:48-07:00,2026-08-31,22:15:48,drive_thru,car,CAR 883  (+0:45),,4,In_n_Out_log_2026-09-06_193227.json,2026-09-06,,,,,,,,883.0,0.0,0.0,,,,,,,,,,,,,,,,,,45.0,,,,False,,2026-08-31 22:15:03-07:00,0.75,False,31,2026-08-31 22:15:03-07:00,45.0,1,-24.0,2026-08-31,False,False,32.0,False,2026-08-31,56.0,False,2026-08-31,46.0,False,2026-08-31,44.666666666666664,45.0,55,0.9925925925925926,1
1979,52,2026-08-31 22:17:28-07:00,2026-08-31,22:17:28,drive_thru,car,CAR 884  (+1:40),,4,In_n_Out_log_2026-09-06_193227.json,2026-09-06,,,,,,,,884.0,0.0,0.0,,,,,,,,,,,,,,,,,,100.0,,,,False,,2026-08-31 22:15:48-07:00,1.6666666666666667,False,31,2026-08-31 22:15:48-07:00,100.0,1,31.0,2026-08-31,False,False,45.0,False,2026-08-31,32.0,False,2026-08-31,56.0,False,2026-08-31,44.333333333333336,45.0,55,0.9851851851851853,1
1981,52,2026-08-31 22:17:53-07:00,2026-08-31,22:17:53,drive_thru,car,CAR 885  (+0:26),,4,In_n_Out_log_2026-09-06_193227.json,2026-09-06,,,,,,,,885.0,0.0,0.0,,,,,,,,,,,,,,,,,,26.0,,,,False,,2026-08-31 22:17:28-07:00,0.4166666666666667,False,31,2026-08-31 22:17:28-07:00,25.0,1,-44.0,2026-08-31,False,False,100.0,False,2026-08-31,45.0,False,2026-08-31,32.0,False,2026-08-31,59.0,45.0,55,1.3111111111111111,2
1982,52,2026-08-31 22:18:17-07:00,2026-08-31,22:18:17,drive_thru,car,CAR 886  (+0:24),,4,In_n_Out_log_2026-09-06_193227.json,2026-09-06,,,,,,,,886.0,0.0,0.0,,,,,,,,,,,,,,,,,,24.0,,,,False,,2026-08-31 22:17:53-07:00,0.4,False,31,2026-08-31 22:17:53-07:00,24.0,1,-45.0,2026-08-31,False,False,25.0,False,2026-08-31,100.0,False,2026-08-31,45.0,False,2026-08-31,56.666666666666664,45.0,55,1.2592592592592593,2
1984,52,2026-08-31 22:19:09-07:00,2026-08-31,22:19:09,drive_thru,car,CAR 887  (+0:51),,4,In_n_Out_log_2026-09-06_193227.json,2026-09-06,,,,,,,,887.0,0.0,0.0,,,,,,,,,,,,,,,,,,51.0,,,,False,,2026-08-31 22:18:17-07:00,0.8666666666666667,False,31,2026-08-31 22:18:17-07:00,52.0,1,-17.0,2026-08-31,False,False,24.0,False,2026-08-31,25.0,False,2026-08-31,100.0,False,2026-08-31,49.666666666666664,45.0,55,1.1037037037037036,1
1986,52,2026-08-31 22:20:50-07:00,2026-08-31,22:20:50,drive_thru,car,CAR 888  (+1:41),,4,In_n_Out_log_2026-09-06_193227.json,2026-09-06,,,,,,,,888.0,0.0,0.0,,,,,,,,,,,,,,,,,,101.0,,,,False,,2026-08-31 22:19:09-07:00,1.6833333333333333,False,31,2026-08-31 22:19:09-07:00,101.0,1,32.0,2026-08-31,False,False,52.0,False,2026-08-31,24.0,False,2026-08-31,25.0,False,2026-08-31,33.666666666666664,45.0,55,0.7481481481481481,0
1987,52,2026-08-31 22:21:10-07:00,2026-08-31,22:21:10,drive_thru,car,CAR 889  (+0:20),,4,In_n_Out_log_2026-09-06_193227.json,2026-09-06,,,,,,,,889.0,0.0,0.0,,,,,,,,,,,,,,,,,,20.0,,,,False,,2026-08-31 22:20:50-07:00,0.3333333333333333,False,31,2026-08-31 22:20:50-07:00,20.0,1,-49.0,2026-08-31,False,False,101.0,False,2026-08-31,52.0,False,2026-08-31,24.0,False,2026-08-31,59.0,45.0,55,1.3111111111111111,2
1989,52,2026-08-31 22:22:30-07:00,2026-08-31,22:22:30,drive_thru,car,CAR 890  (+1:20),,4,In_n_Out_log_2026-09-06_193227.json,2026-09-06,,,,,,,,890.0,0.0,0.0,,,,,,,,,,,,,,,,,,80.0,,,,False,,2026-08-31 22:21:10-07:00,1.3333333333333333,False,31,2026-08-31 22:21:10-07:00,80.0,1,11.0,2026-08-31,False,False,20.0,False,2026-08-31,101.0,False,2026-08-31,52.0,False,2026-08-31,57.666666666666664,45.0,55,1.2814814814814814,2
1990,52,2026-08-31 22:23:10-07:00,2026-08-31,22:23:10,drive_thru,car,CAR 891  (+0:40),,4,In_n_Out_log_2026-09-06_193227.json,2026-09-06,,,,,,,,891.0,0.0,0.0,,,,,,,,,,,,,,,,,,40.0,,,,False,,2026-08-31 22:22:30-07:00,0.6666666666666666,False,31,2026-08-31 22:22:30-07:00,40.0,1,-29.0,2026-08-31,False,False,80.0,False,2026-08-31,20.0,False,2026-08-31,101.0,False,2026-08-31,67.0,45.0,55,1.488888888888889,2
1991,52,2026-08-31 22:23:53-07:00,2026-08-31,22:23:53,drive_thru,car,CAR 892  (+0:43),,4,In_n_Out_log_2026-09-06_193227.json,2026-09-06,,,,,,,,892.0,0.0,0.0,,,,,,,,,,,,,,,,,,43.0,,,,False,,2026-08-31 22:23:10-07:00,0.7166666666666667,False,31,2026-08-31 22:23:10-07:00,43.0,1,-26.0,2026-08-31,False,False,40.0,False,2026-08-31,80.0,False,2026-08-31,20.0,False,2026-08-31,46.666666666666664,45.0,55,1.037037037037037,1
1993,52,2026-08-31 22:24:28-07:00,2026-08-31,22:24:28,drive_thru,car,CAR 893  (+0:34),,4,In_n_Out_log_2026-09-06_193227.json,2026-09-06,,,,,,,,893.0,0.0,0.0,,,,,,,,,,,,,,,,,,34.0,,,,False,,2026-08-31 22:23:53-07:00,0.5833333333333334,False,31,2026-08-31 22:23:53-07:00,35.0,1,-34.0,2026-08-31,False,False,43.0,False,2026-08-31,40.0,False,2026-08-31,80.0,False,2026-08-31,54.333333333333336,45.0,55,1.2074074074074075,2
1994,52,2026-08-31 22:25:00-07:00,2026-08-31,22:25:00,drive_thru,car,CAR 894  (+0:32),,4,In_n_Out_log_2026-09-06_193227.json,2026-09-06,,,,,,,,894.0,0.0,0.0,,,,,,,,,,,,,,,,,,32.0,,,,False,,2026-08-31 22:24:28-07:00,0.5333333333333333,False,31,2026-08-31 22:24:28-07:00,32.0,1,-37.0,2026-08-31,False,False,35.0,False,2026-08-31,43.0,False,2026-08-31,40.0,False,2026-08-31,39.333333333333336,45.0,55,0.8740740740740741,0
1999,52,2026-08-31 22:28:48-07:00,2026-08-31,22:28:48,drive_thru,car,CAR 895  (+3:49),,4,In_n_Out_log_2026-09-06_193227.json,2026-09-06,,,,,,,,895.0,0.0,0.0,,,,,,,,,,,,,,,,,,229.0,,,,False,,2026-08-31 22:25:00-07:00,3.8,False,31,2026-08-31 22:25:00-07:00,228.0,1,159.0,2026-08-31,False,False,32.0,False,2026-08-31,35.0,False,2026-08-31,43.0,False,2026-08-31,36.666666666666664,45.0,55,0.8148148148148148,0
2000,52,2026-08-31 22:29:28-07:00,2026-08-31,22:29:28,drive_thru,car,CAR 896  (+0:40),,4,In_n_Out_log_2026-09-06_193227.json,2026-09-06,,,,,,,,896.0,0.0,0.0,,,,,,,,,,,,,,,,,,40.0,,,,False,,2026-08-31 22:28:48-07:00,0.6666666666666666,False,31,2026-08-31 22:28:48-07:00,40.0,1,-29.0,2026-08-31,False,False,228.0,False,2026-08-31,32.0,False,2026-08-31,35.0,False,2026-08-31,98.33333333333333,45.0,55,2.185185185185185,3
2006,52,2026-08-31 22:33:30-07:00,2026-08-31,22:33:30,drive_thru,car,CAR 897  (+4:01),,4,In_n_Out_log_2026-09-06_193227.json,2026-09-06,,,,,,,,897.0,0.0,0.0,,,,,,,,,,,,,,,,,,241.0,,,,False,,2026-08-31 22:29:28-07:00,4.033333333333333,False,31,2026-08-31 22:29:28-07:00,242.0,1,173.0,2026-08-31,False,False,40.0,False,2026-08-31,228.0,False,2026-08-31,32.0,False,2026-08-31,100.0,45.0,55,2.2222222222222223,3
2007,52,2026-08-31 22:34:39-07:00,2026-08-31,22:34:39,drive_thru,car,CAR 898  (+1:09),,4,In_n_Out_log_2026-09-06_193227.json,2026-09-06,,,,,,,,898.0,0.0,0.0,,,,,,,,,,,,,,,,,,69.0,,,,False,,2026-08-31 22:33:30-07:00,1.15,False,31,2026-08-31 22:33:30-07:00,69.0,1,0.0,2026-08-31,False,False,242.0,False,2026-08-31,40.0,False,2026-08-31,228.0,False,2026-08-31,170.0,45.0,55,3.7777777777777777,3
2008,52,2026-08-31 22:35:08-07:00,2026-08-31,22:35:08,drive_thru,car,CAR 899  (+0:29),,4,In_n_Out_log_2026-09-06_193227.json,2026-09-06,,,,,,,,899.0,0.0,0.0,,,,,,,,,,,,,,,,,,29.0,,,,False,,2026-08-31 22:34:39-07:00,0.48333333333333334,False,31,2026-08-31 22:34:39-07:00,29.0,1,-40.0,2026-08-31,False,False,69.0,False,2026-08-31,242.0,False,2026-08-31,40.0,False,2026-08-31,117.0,45.0,55,2.6,3
2010,52,2026-08-31 22:35:44-07:00,2026-08-31,22:35:44,drive_thru,car,CAR 900  (+0:36),,4,In_n_Out_log_2026-09-06_193227.json,2026-09-06,,,,,,,,900.0,0.0,0.0,,,,,,,,,,,,,,,,,,36.0,,,,False,,2026-08-31 22:35:08-07:00,0.6,False,31,2026-08-31 22:35:08-07:00,36.0,1,-33.0,2026-08-31,False,False,29.0,False,2026-08-31,69.0,False,2026-08-31,242.0,False,2026-08-31,113.33333333333333,45.0,55,2.5185185185185186,3
2011,52,2026-08-31 22:38:23-07:00,2026-08-31,22:38:23,drive_thru,car,CAR 901  (+2:39),,4,In_n_Out_log_2026-09-06_193227.json,2026-09-06,,,,,,,,901.0,0.0,0.0,,,,,,,,,,,,,,,,,,159.0,,,,False,,2026-08-31 22:35:44-07:00,2.65,False,31,2026-08-31 22:35:44-07:00,159.0,1,90.0,2026-08-31,False,False,36.0,False,2026-08-31,29.0,False,2026-08-31,69.0,False,2026-08-31,44.666666666666664,45.0,55,0.9925925925925926,1
2012,52,2026-08-31 22:39:12-07:00,2026-08-31,22:39:12,drive_thru,car,CAR 902  (+0:49),,4,In_n_Out_log_2026-09-06_193227.json,2026-09-06,,,,,,,,902.0,0.0,0.0,,,,,,,,,,,,,,,,,,49.0,,,,False,,2026-08-31 22:38:23-07:00,0.8166666666666667,False,31,2026-08-31 22:38:23-07:00,49.0,1,-20.0,2026-08-31,False,False,159.0,False,2026-08-31,36.0,False,2026-08-31,29.0,False,2026-08-31,74.66666666666667,45.0,55,1.6592592592592594,3
2013,52,2026-08-31 22:39:44-07:00,2026-08-31,22:39:44,drive_thru,car,CAR 903  (+0:32),,4,In_n_Out_log_2026-09-06_193227.json,2026-09-06,,,,,,,,903.0,0.0,0.0,,,,,,,,,,,,,,,,,,32.0,,,,False,,2026-08-31 22:39:12-07:00,0.5333333333333333,False,31,2026-08-31 22:39:12-07:00,32.0,1,-37.0,2026-08-31,False,False,49.0,False,2026-08-31,159.0,False,2026-08-31,36.0,False,2026-08-31,81.33333333333333,45.0,55,1.8074074074074074,3
2015,52,2026-08-31 22:40:53-07:00,2026-08-31,22:40:53,drive_thru,car,CAR 904  (+1:09),,4,In_n_Out_log_2026-09-06_193227.json,2026-09-06,,,,,,,,904.0,0.0,0.0,,,,,,,,,,,,,,,,,,69.0,,,,False,,2026-08-31 22:39:44-07:00,1.15,False,31,2026-08-31 22:39:44-07:00,69.0,1,0.0,2026-08-31,False,False,32.0,False,2026-08-31,49.0,False,2026-08-31,159.0,False,2026-08-31,80.0,45.0,55,1.7777777777777777,3
2016,52,2026-08-31 22:41:30-07:00,2026-08-31,22:41:30,drive_thru,car,CAR 905  (+0:36),,4,In_n_Out_log_2026-09-06_193227.json,2026-09-06,,,,,,,,905.0,0.0,0.0,,,,,,,,,,,,,,,,,,36.0,,,,False,,2026-08-31 22:40:53-07:00,0.6166666666666667,False,31,2026-08-31 22:40:53-07:00,37.0,1,-32.0,2026-08-31,False,False,69.0,False,2026-08-31,32.0,False,2026-08-31,49.0,False,2026-08-31,50.0,45.0,55,1.1111111111111112,1
2018,52,2026-08-31 22:41:53-07:00,2026-08-31,22:41:53,drive_thru,car,CAR 906  (+0:23),,4,In_n_Out_log_2026-09-06_193227.json,2026-09-06,,,,,,,,906.0,0.0,0.0,,,,,,,,,,,,,,,,,,23.0,,,,False,,2026-08-31 22:41:30-07:00,0.38333333333333336,False,31,2026-08-31 22:41:30-07:00,23.0,1,-46.0,2026-08-31,False,False,37.0,False,2026-08-31,69.0,False,2026-08-31,32.0,False,2026-08-31,46.0,45.0,55,1.0222222222222221,1
2024,52,2026-08-31 22:45:36-07:00,2026-08-31,22:45:36,drive_thru,car,CAR 907  (+3:43),,4,In_n_Out_log_2026-09-06_193227.json,2026-09-06,,,,,,,,907.0,0.0,0.0,,,,,,,,,,,,,,,,,,223.0,,,,False,,2026-08-31 22:41:53-07:00,3.716666666666667,False,31,2026-08-31 22:41:53-07:00,223.0,1,154.0,2026-08-31,True,True,23.0,False,2026-08-31,37.0,False,2026-08-31,69.0,False,2026-08-31,43.0,45.0,55,0.9555555555555556,1
2036,53,2026-09-01 22:33:42-07:00,2026-09-01,22:33:42,drive_thru,car,CAR 912  (+0:42),,4,In_n_Out_log_2026-09-06_193227.json,2026-09-06,,,,,,,,912.0,0.0,0.0,,,,,,,,,,,,,,,,,,42.0,,,,False,,2026-09-01 22:33:00-07:00,0.7,False,32,2026-09-01 22:33:00-07:00,42.0,1,-35.96825396825396,2026-09-01,False,False,19.0,False,2026-09-01,34.0,False,2026-09-01,95.0,False,2026-09-01,49.333333333333336,58.0,61,0.8505747126436782,0
2038,53,2026-09-01 22:35:16-07:00,2026-09-01,22:35:16,drive_thru,car,CAR 913  (+1:34),,4,In_n_Out_log_2026-09-06_193227.json,2026-09-06,,,,,,,,913.0,0.0,0.0,,,,,,,,,,,,,,,,,,94.0,,,,False,,2026-09-01 22:33:42-07:00,1.5666666666666667,False,32,2026-09-01 22:33:42-07:00,94.0,1,16.03174603174604,2026-09-01,False,False,42.0,False,2026-09-01,19.0,False,2026-09-01,34.0,False,2026-09-01,31.666666666666668,58.0,61,0.5459770114942529,0
2039,53,2026-09-01 22:35:49-07:00,2026-09-01,22:35:49,drive_thru,car,CAR 914  (+0:33),,4,In_n_Out_log_2026-09-06_193227.json,2026-09-06,,,,,,,,914.0,0.0,0.0,,,,,,,,,,,,,,,,,,33.0,,,,False,,2026-09-01 22:35:16-07:00,0.55,False,32,2026-09-01 22:35:16-07:00,33.0,1,-44.96825396825396,2026-09-01,False,False,94.0,False,2026-09-01,42.0,False,2026-09-01,19.0,False,2026-09-01,51.666666666666664,58.0,61,0.8908045977011494,0
2044,53,2026-09-01 22:38:13-07:00,2026-09-01,22:38:13,drive_thru,car,CAR 915  (+2:24),,4,In_n_Out_log_2026-09-06_193227.json,2026-09-06,,,,,,,,915.0,0.0,0.0,,,,,,,,,,,,,,,,,,144.0,,,,False,,2026-09-01 22:35:49-07:00,2.4,False,32,2026-09-01 22:35:49-07:00,144.0,1,66.03174603174604,2026-09-01,False,False,33.0,False,2026-09-01,94.0,False,2026-09-01,42.0,False,2026-09-01,56.333333333333336,58.0,61,0.971264367816092,1
2045,53,2026-09-01 22:39:14-07:00,2026-09-01,22:39:14,drive_thru,car,CAR 916  (+1:01),,4,In_n_Out_log_2026-09-06_193227.json,2026-09-06,,,,,,,,916.0,0.0,0.0,,,,,,,,,,,,,,,,,,61.0,,,,False,,2026-09-01 22:38:13-07:00,1.0166666666666666,False,32,2026-09-01 22:38:13-07:00,61.0,1,-16.96825396825396,2026-09-01,False,False,144.0,False,2026-09-01,33.0,False,2026-09-01,94.0,False,2026-09-01,90.33333333333333,58.0,61,1.557471264367816,2
2048,53,2026-09-01 22:42:28-07:00,2026-09-01,22:42:28,drive_thru,car,CAR 917  (+3:13),,4,In_n_Out_log_2026-09-06_193227.json,2026-09-06,,,,,,,,917.0,0.0,0.0,,,,,,,,,,,,,,,,,,193.0,,,,False,,2026-09-01 22:39:14-07:00,3.2333333333333334,False,32,2026-09-01 22:39:14-07:00,194.0,1,116.03174603174604,2026-09-01,False,False,61.0,False,2026-09-01,144.0,False,2026-09-01,33.0,False,2026-09-01,79.33333333333333,58.0,61,1.367816091954023,2
2049,53,2026-09-01 22:43:25-07:00,2026-09-01,22:43:25,drive_thru,car,CAR 918  (+0:57),,4,In_n_Out_log_2026-09-06_193227.json,2026-09-06,,,,,,,,918.0,0.0,0.0,,,,,,,,,,,,,,,,,,57.0,,,,False,,2026-09-01 22:42:28-07:00,0.95,False,32,2026-09-01 22:42:28-07:00,57.0,1,-20.96825396825396,2026-09-01,False,False,194.0,False,2026-09-01,61.0,False,2026-09-01,144.0,False,2026-09-01,133.0,58.0,61,2.293103448275862,3
2051,53,2026-09-01 22:44:19-07:00,2026-09-01,22:44:19,drive_thru,car,CAR 919  (+0:54),,4,In_n_Out_log_2026-09-06_193227.json,2026-09-06,,,,,,,,919.0,0.0,0.0,,,,,,,,,,,,,,,,,,54.0,,,,False,,2026-09-01 22:43:25-07:00,0.9,False,32,2026-09-01 22:43:25-07:00,54.0,1,-23.96825396825396,2026-09-01,False,False,57.0,False,2026-09-01,194.0,False,2026-09-01,61.0,False,2026-09-01,104.0,58.0,61,1.793103448275862,3
2053,53,2026-09-01 22:45:03-07:00,2026-09-01,22:45:03,drive_thru,car,CAR 920  (+0:44),,4,In_n_Out_log_2026-09-06_193227.json,2026-09-06,,,,,,,,920.0,0.0,0.0,,,,,,,,,,,,,,,,,,44.0,,,,False,,2026-09-01 22:44:19-07:00,0.7333333333333333,False,32,2026-09-01 22:44:19-07:00,44.0,1,-33.96825396825396,2026-09-01,False,False,54.0,False,2026-09-01,57.0,False,2026-09-01,194.0,False,2026-09-01,101.66666666666667,58.0,61,1.752873563218391,3
2054,53,2026-09-01 22:45:39-07:00,2026-09-01,22:45:39,drive_thru,car,CAR 921  (+0:36),,4,In_n_Out_log_2026-09-06_193227.json,2026-09-06,,,,,,,,921.0,0.0,0.0,,,,,,,,,,,,,,,,,,36.0,,,,False,,2026-09-01 22:45:03-07:00,0.6,False,32,2026-09-01 22:45:03-07:00,36.0,1,-41.96825396825396,2026-09-01,False,False,44.0,False,2026-09-01,54.0,False,2026-09-01,57.0,False,2026-09-01,51.666666666666664,58.0,61,0.8908045977011494,0
2055,53,2026-09-01 22:47:12-07:00,2026-09-01,22:47:12,drive_thru,car,CAR 922  (+1:34),,4,In_n_Out_log_2026-09-06_193227.json,2026-09-06,,,,,,,,922.0,0.0,0.0,,,,,,,,,,,,,,,,,,94.0,,,,False,,2026-09-01 22:45:39-07:00,1.55,False,32,2026-09-01 22:45:39-07:00,93.0,1,15.031746031746039,2026-09-01,False,False,36.0,False,2026-09-01,44.0,False,2026-09-01,54.0,False,2026-09-01,44.666666666666664,58.0,61,0.7701149425287356,0
2058,53,2026-09-01 22:49:07-07:00,2026-09-01,22:49:07,drive_thru,car,CAR 923  (+1:55),,4,In_n_Out_log_2026-09-06_193227.json,2026-09-06,,,,,,,,923.0,0.0,0.0,,,,,,,,,,,,,,,,,,115.0,,,,False,,2026-09-01 22:47:12-07:00,1.9166666666666667,False,32,2026-09-01 22:47:12-07:00,115.0,1,37.03174603174604,2026-09-01,False,False,93.0,False,2026-09-01,36.0,False,2026-09-01,44.0,False,2026-09-01,57.666666666666664,58.0,61,0.9942528735632183,1
2060,53,2026-09-01 22:50:40-07:00,2026-09-01,22:50:40,drive_thru,car,CAR 924  (+1:33),,4,In_n_Out_log_2026-09-06_193227.json,2026-09-06,,,,,,,,924.0,0.0,0.0,,,,,,,,,,,,,,,,,,93.0,,,,False,,2026-09-01 22:49:07-07:00,1.55,False,32,2026-09-01 22:49:07-07:00,93.0,1,15.031746031746039,2026-09-01,False,False,115.0,False,2026-09-01,93.0,False,2026-09-01,36.0,False,2026-09-01,81.33333333333333,58.0,61,1.4022988505747125,2
2061,53,2026-09-01 22:51:23-07:00,2026-09-01,22:51:23,drive_thru,car,CAR 925  (+0:43),,4,In_n_Out_log_2026-09-06_193227.json,2026-09-06,,,,,,,,925.0,0.0,0.0,,,,,,,,,,,,,,,,,,43.0,,,,False,,2026-09-01 22:50:40-07:00,0.7166666666666667,False,32,2026-09-01 22:50:40-07:00,43.0,1,-34.96825396825396,2026-09-01,False,False,93.0,False,2026-09-01,115.0,False,2026-09-01,93.0,False,2026-09-01,100.33333333333333,58.0,61,1.7298850574712643,3
2064,53,2026-09-01 22:53:01-07:00,2026-09-01,22:53:01,drive_thru,car,CAR 926  (+1:38),,4,In_n_Out_log_2026-09-06_193227.json,2026-09-06,,,,,,,,926.0,0.0,0.0,,,,,,,,,,,,,,,,,,98.0,,,,False,,2026-09-01 22:51:23-07:00,1.6333333333333333,False,32,2026-09-01 22:51:23-07:00,98.0,1,20.03174603174604,2026-09-01,True,True,43.0,False,2026-09-01,93.0,False,2026-09-01,115.0,False,2026-09-01,83.66666666666667,58.0,61,1.442528735632184,2
2071,53,2026-09-01 22:59:48-07:00,2026-09-01,22:59:48,drive_thru,car,CAR 930  (+0:57),,4,In_n_Out_log_2026-09-06_193227.json,2026-09-06,,,,,,,,930.0,0.0,0.0,,,,,,,,,,,,,,,,,,57.0,,,,False,,2026-09-01 22:58:50-07:00,0.9666666666666667,False,32,2026-09-01 22:58:50-07:00,58.0,1,-19.96825396825396,2026-09-01,False,False,278.0,False,2026-09-01,34.0,False,2026-09-01,37.0,False,2026-09-01,116.33333333333333,58.0,61,2.0057471264367814,3
2073,53,2026-09-01 23:00:47-07:00,2026-09-01,23:00:47,drive_thru,car,CAR 931  (+0:59),,4,In_n_Out_log_2026-09-06_193227.json,2026-09-06,,,,,,,,931.0,0.0,0.0,,,,,,,,,,,,,,,,,,59.0,,,,False,,2026-09-01 22:59:48-07:00,0.9833333333333333,False,32,2026-09-01 22:59:48-07:00,59.0,1,-18.96825396825396,2026-09-01,False,False,58.0,False,2026-09-01,278.0,False,2026-09-01,34.0,False,2026-09-01,123.33333333333333,58.0,61,2.126436781609195,3
2076,53,2026-09-01 23:01:13-07:00,2026-09-01,23:01:13,drive_thru,car,CAR 932  (+0:26),,4,In_n_Out_log_2026-09-06_193227.json,2026-09-06,,,,,,,,932.0,0.0,0.0,,,,,,,,,,,,,,,,,,26.0,,,,False,,2026-09-01 23:00:47-07:00,0.43333333333333335,False,32,2026-09-01 23:00:47-07:00,26.0,1,-51.96825396825396,2026-09-01,False,False,59.0,False,2026-09-01,58.0,False,2026-09-01,278.0,False,2026-09-01,131.66666666666666,58.0,61,2.2701149425287355,3
2077,53,2026-09-01 23:01:39-07:00,2026-09-01,23:01:39,drive_thru,car,CAR 933  (+0:26),,4,In_n_Out_log_2026-09-06_193227.json,2026-09-06,,,,,,,,933.0,0.0,0.0,,,,,,,,,,,,,,,,,,26.0,,,,False,,2026-09-01 23:01:13-07:00,0.43333333333333335,False,32,2026-09-01 23:01:13-07:00,26.0,1,-51.96825396825396,2026-09-01,False,False,26.0,False,2026-09-01,59.0,False,2026-09-01,58.0,False,2026-09-01,47.666666666666664,58.0,61,0.82183908045977,0
2078,53,2026-09-01 23:02:44-07:00,2026-09-01,23:02:44,drive_thru,car,CAR 934  (+1:05),,4,In_n_Out_log_2026-09-06_193227.json,2026-09-06,,,,,,,,934.0,0.0,0.0,,,,,,,,,,,,,,,,,,65.0,,,,False,,2026-09-01 23:01:39-07:00,1.0833333333333333,False,32,2026-09-01 23:01:39-07:00,65.0,1,-12.968253968253961,2026-09-01,False,False,26.0,False,2026-09-01,26.0,False,2026-09-01,59.0,False,2026-09-01,37.0,58.0,61,0.6379310344827587,0
2079,53,2026-09-01 23:03:32-07:00,2026-09-01,23:03:32,drive_thru,car,CAR 935  (+0:48),,4,In_n_Out_log_2026-09-06_193227.json,2026-09-06,,,,,,,,935.0,0.0,0.0,,,,,,,,,,,,,,,,,,48.0,,,,False,,2026-09-01 23:02:44-07:00,0.8,False,32,2026-09-01 23:02:44-07:00,48.0,1,-29.96825396825396,2026-09-01,False,False,65.0,False,2026-09-01,26.0,False,2026-09-01,26.0,False,2026-09-01,39.0,58.0,61,0.6724137931034483,0
2080,53,2026-09-01 23:04:04-07:00,2026-09-01,23:04:04,drive_thru,car,CAR 936  (+0:32),,4,In_n_Out_log_2026-09-06_193227.json,2026-09-06,,,,,,,,936.0,0.0,0.0,,,,,,,,,,,,,,,,,,32.0,,,,False,,2026-09-01 23:03:32-07:00,0.5333333333333333,False,32,2026-09-01 23:03:32-07:00,32.0,1,-45.96825396825396,2026-09-01,False,False,48.0,False,2026-09-01,65.0,False,2026-09-01,26.0,False,2026-09-01,46.333333333333336,58.0,61,0.7988505747126438,0
2081,53,2026-09-01 23:05:14-07:00,2026-09-01,23:05:14,drive_thru,car,CAR 937  (+1:10),,4,In_n_Out_log_2026-09-06_193227.json,2026-09-06,,,,,,,,937.0,0.0,0.0,,,,,,,,,,,,,,,,,,70.0,,,,False,,2026-09-01 23:04:04-07:00,1.1666666666666667,False,32,2026-09-01 23:04:04-07:00,70.0,1,-7.968253968253961,2026-09-01,False,False,32.0,False,2026-09-01,48.0,False,2026-09-01,65.0,False,2026-09-01,48.333333333333336,58.0,61,0.8333333333333334,0
2082,53,2026-09-01 23:05:50-07:00,2026-09-01,23:05:50,drive_thru,car,CAR 938  (+0:36),,4,In_n_Out_log_2026-09-06_193227.json,2026-09-06,,,,,,,,938.0,0.0,0.0,,,,,,,,,,,,,,,,,,36.0,,,,False,,2026-09-01 23:05:14-07:00,0.6,False,32,2026-09-01 23:05:14-07:00,36.0,1,-41.96825396825396,2026-09-01,False,False,70.0,False,2026-09-01,32.0,False,2026-09-01,48.0,False,2026-09-01,50.0,58.0,61,0.8620689655172413,0
2083,53,2026-09-01 23:06:32-07:00,2026-09-01,23:06:32,drive_thru,car,CAR 939  (+0:43),,4,In_n_Out_log_2026-09-06_193227.json,2026-09-06,,,,,,,,939.0,0.0,0.0,,,,,,,,,,,,,,,,,,43.0,,,,False,,2026-09-01 23:05:50-07:00,0.7,False,32,2026-09-01 23:05:50-07:00,42.0,1,-35.96825396825396,2026-09-01,False,False,36.0,False,2026-09-01,70.0,False,2026-09-01,32.0,False,2026-09-01,46.0,58.0,61,0.7931034482758621,0
2084,53,2026-09-01 23:07:23-07:00,2026-09-01,23:07:23,drive_thru,car,CAR 940  (+0:51),,4,In_n_Out_log_2026-09-06_193227.json,2026-09-06,,,,,,,,940.0,0.0,0.0,,,,,,,,,,,,,,,,,,51.0,,,,False,,2026-09-01 23:06:32-07:00,0.85,False,32,2026-09-01 23:06:32-07:00,51.0,1,-26.96825396825396,2026-09-01,False,False,42.0,False,2026-09-01,36.0,False,2026-09-01,70.0,False,2026-09-01,49.333333333333336,58.0,61,0.8505747126436782,0
2085,53,2026-09-01 23:08:30-07:00,2026-09-01,23:08:30,drive_thru,car,CAR 941  (+1:07),,4,In_n_Out_log_2026-09-06_193227.json,2026-09-06,,,,,,,,941.0,0.0,0.0,,,,,,,,,,,,,,,,,,67.0,,,,False,,2026-09-01 23:07:23-07:00,1.1166666666666667,False,32,2026-09-01 23:07:23-07:00,67.0,1,-10.968253968253961,2026-09-01,False,False,51.0,False,2026-09-01,42.0,False,2026-09-01,36.0,False,2026-09-01,43.0,58.0,61,0.7413793103448276,0
2086,53,2026-09-01 23:09:16-07:00,2026-09-01,23:09:16,drive_thru,car,CAR 942  (+0:46),,4,In_n_Out_log_2026-09-06_193227.json,2026-09-06,,,,,,,,942.0,0.0,0.0,,,,,,,,,,,,,,,,,,46.0,,,,False,,2026-09-01 23:08:30-07:00,0.7666666666666667,False,32,2026-09-01 23:08:30-07:00,46.0,1,-31.96825396825396,2026-09-01,False,False,67.0,False,2026-09-01,51.0,False,2026-09-01,42.0,False,2026-09-01,53.333333333333336,58.0,61,0.9195402298850575,1
2088,53,2026-09-01 23:10:02-07:00,2026-09-01,23:10:02,drive_thru,car,CAR 943  (+0:46),,4,In_n_Out_log_2026-09-06_193227.json,2026-09-06,,,,,,,,943.0,0.0,0.0,,,,,,,,,,,,,,,,,,46.0,,,,False,,2026-09-01 23:09:16-07:00,0.7666666666666667,False,32,2026-09-01 23:09:16-07:00,46.0,1,-31.96825396825396,2026-09-01,False,False,46.0,False,2026-09-01,67.0,False,2026-09-01,51.0,False,2026-09-01,54.666666666666664,58.0,61,0.9425287356321839,1
2089,53,2026-09-01 23:11:22-07:00,2026-09-01,23:11:22,drive_thru,car,CAR 944  (+1:20),,4,In_n_Out_log_2026-09-06_193227.json,2026-09-06,,,,,,,,944.0,0.0,0.0,,,,,,,,,,,,,,,,,,80.0,,,,False,,2026-09-01 23:10:02-07:00,1.3333333333333333,False,32,2026-09-01 23:10:02-07:00,80.0,1,2.0317460317460387,2026-09-01,False,False,46.0,False,2026-09-01,46.0,False,2026-09-01,67.0,False,2026-09-01,53.0,58.0,61,0.9137931034482759,0
2093,53,2026-09-01 23:15:38-07:00,2026-09-01,23:15:38,drive_thru,car,CAR 945  (+4:17),,4,In_n_Out_log_2026-09-06_193227.json,2026-09-06,,,,,,,,945.0,0.0,0.0,,,,,,,,,,,,,,,,,,257.0,,,,False,,2026-09-01 23:11:22-07:00,4.266666666666667,False,32,2026-09-01 23:11:22-07:00,256.0,1,178.03174603174602,2026-09-01,False,False,80.0,False,2026-09-01,46.0,False,2026-09-01,46.0,False,2026-09-01,57.333333333333336,58.0,61,0.9885057471264368,1
2095,53,2026-09-01 23:19:31-07:00,2026-09-01,23:19:31,drive_thru,car,CAR 946  (+3:53),,4,In_n_Out_log_2026-09-06_193227.json,2026-09-06,,,,,,,,946.0,0.0,0.0,,,,,,,,,,,,,,,,,,233.0,,,,False,,2026-09-01 23:15:38-07:00,3.8833333333333333,False,32,2026-09-01 23:15:38-07:00,233.0,1,155.03174603174602,2026-09-01,False,False,256.0,False,2026-09-01,80.0,False,2026-09-01,46.0,False,2026-09-01,127.33333333333333,58.0,61,2.1954022988505746,3
2096,53,2026-09-01 23:20:39-07:00,2026-09-01,23:20:39,drive_thru,car,CAR 947  (+1:08),,4,In_n_Out_log_2026-09-06_193227.json,2026-09-06,,,,,,,,947.0,0.0,0.0,,,,,,,,,,,,,,,,,,68.0,,,,False,,2026-09-01 23:19:31-07:00,1.1333333333333333,False,32,2026-09-01 23:19:31-07:00,68.0,1,-9.968253968253961,2026-09-01,False,False,233.0,False,2026-09-01,256.0,False,2026-09-01,80.0,False,2026-09-01,189.66666666666666,58.0,61,3.2701149425287355,3
2098,53,2026-09-01 23:21:42-07:00,2026-09-01,23:21:42,drive_thru,car,CAR 948  (+1:03),,4,In_n_Out_log_2026-09-06_193227.json,2026-09-06,,,,,,,,948.0,0.0,0.0,,,,,,,,,,,,,,,,,,63.0,,,,False,,2026-09-01 23:20:39-07:00,1.05,False,32,2026-09-01 23:20:39-07:00,63.0,1,-14.968253968253961,2026-09-01,False,False,68.0,False,2026-09-01,233.0,False,2026-09-01,256.0,False,2026-09-01,185.66666666666666,58.0,61,3.201149425287356,3
2099,53,2026-09-01 23:22:33-07:00,2026-09-01,23:22:33,drive_thru,car,CAR 949  (+0:51),,4,In_n_Out_log_2026-09-06_193227.json,2026-09-06,,,,,,,,949.0,0.0,0.0,,,,,,,,,,,,,,,,,,51.0,,,,False,,2026-09-01 23:21:42-07:00,0.85,False,32,2026-09-01 23:21:42-07:00,51.0,1,-26.96825396825396,2026-09-01,False,False,63.0,False,2026-09-01,68.0,False,2026-09-01,233.0,False,2026-09-01,121.33333333333333,58.0,61,2.0919540229885056,3
2100,53,2026-09-01 23:23:22-07:00,2026-09-01,23:23:22,drive_thru,car,CAR 950  (+0:48),,4,In_n_Out_log_2026-09-06_193227.json,2026-09-06,,,,,,,,950.0,0.0,0.0,,,,,,,,,,,,,,,,,,48.0,,,,False,,2026-09-01 23:22:33-07:00,0.8166666666666667,False,32,2026-09-01 23:22:33-07:00,49.0,1,-28.96825396825396,2026-09-01,False,False,51.0,False,2026-09-01,63.0,False,2026-09-01,68.0,False,2026-09-01,60.666666666666664,58.0,61,1.0459770114942528,1
2101,53,2026-09-01 23:23:52-07:00,2026-09-01,23:23:52,drive_thru,car,CAR 951  (+0:30),,4,In_n_Out_log_2026-09-06_193227.json,2026-09-06,,,,,,,,951.0,0.0,0.0,,,,,,,,,,,,,,,,,,30.0,,,,False,,2026-09-01 23:23:22-07:00,0.5,False,32,2026-09-01 23:23:22-07:00,30.0,1,-47.96825396825396,2026-09-01,False,False,49.0,False,2026-09-01,51.0,False,2026-09-01,63.0,False,2026-09-01,54.333333333333336,58.0,61,0.9367816091954023,1
2105,53,2026-09-01 23:26:19-07:00,2026-09-01,23:26:19,drive_thru,car,CAR 952  (+2:27),,4,In_n_Out_log_2026-09-06_193227.json,2026-09-06,,,,,,,,952.0,0.0,0.0,,,,,,,,,,,,,,,,,,147.0,,,,False,,2026-09-01 23:23:52-07:00,2.45,False,32,2026-09-01 23:23:52-07:00,147.0,1,69.03174603174604,2026-09-01,True,True,30.0,False,2026-09-01,49.0,False,2026-09-01,51.0,False,2026-09-01,43.333333333333336,58.0,61,0.7471264367816093,0
2111,53,2026-09-01 23:31:03-07:00,2026-09-01,23:31:03,drive_thru,car,CAR 956  (+1:16),,4,In_n_Out_log_2026-09-06_193227.json,2026-09-06,,,,,,,,956.0,0.0,0.0,,,,,,,,,,,,,,,,,,76.0,,,,False,,2026-09-01 23:29:47-07:00,1.2666666666666666,False,32,2026-09-01 23:29:47-07:00,76.0,1,-1.9682539682539613,2026-09-01,False,False,95.0,False,2026-09-01,38.0,False,2026-09-01,75.0,False,2026-09-01,69.33333333333333,58.0,61,1.1954022988505746,1
2112,53,2026-09-01 23:32:17-07:00,2026-09-01,23:32:17,drive_thru,car,CAR 957  (+1:14),,4,In_n_Out_log_2026-09-06_193227.json,2026-09-06,,,,,,,,957.0,0.0,0.0,,,,,,,,,,,,,,,,,,74.0,,,,False,,2026-09-01 23:31:03-07:00,1.2333333333333334,False,32,2026-09-01 23:31:03-07:00,74.0,1,-3.9682539682539613,2026-09-01,False,False,76.0,False,2026-09-01,95.0,False,2026-09-01,38.0,False,2026-09-01,69.66666666666667,58.0,61,1.2011494252873565,2
2113,53,2026-09-01 23:32:44-07:00,2026-09-01,23:32:44,drive_thru,car,CAR 958  (+0:27),,4,In_n_Out_log_2026-09-06_193227.json,2026-09-06,,,,,,,,958.0,0.0,0.0,,,,,,,,,,,,,,,,,,27.0,,,,False,,2026-09-01 23:32:17-07:00,0.45,False,32,2026-09-01 23:32:17-07:00,27.0,1,-50.96825396825396,2026-09-01,False,False,74.0,False,2026-09-01,76.0,False,2026-09-01,95.0,False,2026-09-01,81.66666666666667,58.0,61,1.4080459770114944,2
2114,53,2026-09-01 23:33:48-07:00,2026-09-01,23:33:48,drive_thru,car,CAR 959  (+1:05),,4,In_n_Out_log_2026-09-06_193227.json,2026-09-06,,,,,,,,959.0,0.0,0.0,,,,,,,,,,,,,,,,,,65.0,,,,False,,2026-09-01 23:32:44-07:00,1.0666666666666667,False,32,2026-09-01 23:32:44-07:00,64.0,1,-13.968253968253961,2026-09-01,False,False,27.0,False,2026-09-01,74.0,False,2026-09-01,76.0,False,2026-09-01,59.0,58.0,61,1.0172413793103448,1
2116,53,2026-09-01 23:36:58-07:00,2026-09-01,23:36:58,drive_thru,car,CAR 960  (+3:09),,4,In_n_Out_log_2026-09-06_193227.json,2026-09-06,,,,,,,,960.0,0.0,0.0,,,,,,,,,,,,,,,,,,189.0,,,,False,,2026-09-01 23:33:48-07:00,3.1666666666666665,False,32,2026-09-01 23:33:48-07:00,190.0,1,112.03174603174604,2026-09-01,False,False,64.0,False,2026-09-01,27.0,False,2026-09-01,74.0,False,2026-09-01,55.0,58.0,61,0.9482758620689655,1
2118,53,2026-09-01 23:37:30-07:00,2026-09-01,23:37:30,drive_thru,car,CAR 961  (+0:32),,4,In_n_Out_log_2026-09-06_193227.json,2026-09-06,,,,,,,,961.0,0.0,0.0,,,,,,,,,,,,,,,,,,32.0,,,,False,,2026-09-01 23:36:58-07:00,0.5333333333333333,False,32,2026-09-01 23:36:58-07:00,32.0,1,-45.96825396825396,2026-09-01,False,False,190.0,False,2026-09-01,64.0,False,2026-09-01,27.0,False,2026-09-01,93.66666666666667,58.0,61,1.6149425287356323,3
2119,53,2026-09-01 23:37:49-07:00,2026-09-01,23:37:49,drive_thru,car,CAR 962  (+0:19),,4,In_n_Out_log_2026-09-06_193227.json,2026-09-06,,,,,,,,962.0,0.0,0.0,,,,,,,,,,,,,,,,,,19.0,,,,False,,2026-09-01 23:37:30-07:00,0.31666666666666665,False,32,2026-09-01 23:37:30-07:00,19.0,1,-58.96825396825396,2026-09-01,False,False,32.0,False,2026-09-01,190.0,False,2026-09-01,64.0,False,2026-09-01,95.33333333333333,58.0,61,1.64367816091954,3
2121,53,2026-09-01 23:39:02-07:00,2026-09-01,23:39:02,drive_thru,car,CAR 963  (+1:13),,4,In_n_Out_log_2026-09-06_193227.json,2026-09-06,,,,,,,,963.0,0.0,0.0,,,,,,,,,,,,,,,,,,73.0,,,,False,,2026-09-01 23:37:49-07:00,1.2166666666666666,False,32,2026-09-01 23:37:49-07:00,73.0,1,-4.968253968253961,2026-09-01,False,False,19.0,False,2026-09-01,32.0,False,2026-09-01,190.0,False,2026-09-01,80.33333333333333,58.0,61,1.3850574712643677,2
2123,53,2026-09-01 23:39:28-07:00,2026-09-01,23:39:28,drive_thru,car,CAR 964  (+0:27),,4,In_n_Out_log_2026-09-06_193227.json,2026-09-06,,,,,,,,964.0,0.0,0.0,,,,,,,,,,,,,,,,,,27.0,,,,False,,2026-09-01 23:39:02-07:00,0.43333333333333335,False,32,2026-09-01 23:39:02-07:00,26.0,1,-51.96825396825396,2026-09-01,False,False,73.0,False,2026-09-01,19.0,False,2026-09-01,32.0,False,2026-09-01,41.333333333333336,58.0,61,0.7126436781609196,0
2124,53,2026-09-01 23:42:00-07:00,2026-09-01,23:42:00,drive_thru,car,CAR 965  (+2:31),,4,In_n_Out_log_2026-09-06_193227.json,2026-09-06,,,,,,,,965.0,0.0,0.0,,,,,,,,,,,,,,,,,,151.0,,,,False,,2026-09-01 23:39:28-07:00,2.533333333333333,False,32,2026-09-01 23:39:28-07:00,152.0,1,74.03174603174604,2026-09-01,False,False,26.0,False,2026-09-01,73.0,False,2026-09-01,19.0,False,2026-09-01,39.333333333333336,58.0,61,0.67816091954023,0
2126,53,2026-09-01 23:42:47-07:00,2026-09-01,23:42:47,drive_thru,car,CAR 966  (+0:47),,4,In_n_Out_log_2026-09-06_193227.json,2026-09-06,,,,,,,,966.0,0.0,0.0,,,,,,,,,,,,,,,,,,47.0,,,,False,,2026-09-01 23:42:00-07:00,0.7833333333333333,False,32,2026-09-01 23:42:00-07:00,47.0,1,-30.96825396825396,2026-09-01,False,False,152.0,False,2026-09-01,26.0,False,2026-09-01,73.0,False,2026-09-01,83.66666666666667,58.0,61,1.442528735632184,2
2127,53,2026-09-01 23:44:55-07:00,2026-09-01,23:44:55,drive_thru,car,CAR 967  (+2:08),,4,In_n_Out_log_2026-09-06_193227.json,2026-09-06,,,,,,,,967.0,0.0,0.0,,,,,,,,,,,,,,,,,,128.0,,,,False,,2026-09-01 23:42:47-07:00,2.1333333333333333,False,32,2026-09-01 23:42:47-07:00,128.0,1,50.03174603174604,2026-09-01,False,False,47.0,False,2026-09-01,152.0,False,2026-09-01,26.0,False,2026-09-01,75.0,58.0,61,1.293103448275862,2
2128,53,2026-09-01 23:45:29-07:00,2026-09-01,23:45:29,drive_thru,car,CAR 968  (+0:34),,4,In_n_Out_log_2026-09-06_193227.json,2026-09-06,,,,,,,,968.0,0.0,0.0,,,,,,,,,,,,,,,,,,34.0,,,,False,,2026-09-01 23:44:55-07:00,0.5666666666666667,False,32,2026-09-01 23:44:55-07:00,34.0,1,-43.96825396825396,2026-09-01,False,False,128.0,False,2026-09-01,47.0,False,2026-09-01,152.0,False,2026-09-01,109.0,58.0,61,1.8793103448275863,3
2129,53,2026-09-01 23:47:11-07:00,2026-09-01,23:47:11,drive_thru,car,CAR 969  (+1:42),,4,In_n_Out_log_2026-09-06_193227.json,2026-09-06,,,,,,,,969.0,0.0,0.0,,,,,,,,,,,,,,,,,,102.0,,,,False,,2026-09-01 23:45:29-07:00,1.7,False,32,2026-09-01 23:45:29-07:00,102.0,1,24.03174603174604,2026-09-01,False,False,34.0,False,2026-09-01,128.0,False,2026-09-01,47.0,False,2026-09-01,69.66666666666667,58.0,61,1.2011494252873565,2
2130,53,2026-09-01 23:48:23-07:00,2026-09-01,23:48:23,drive_thru,car,CAR 970  (+1:12),,4,In_n_Out_log_2026-09-06_193227.json,2026-09-06,,,,,,,,970.0,0.0,0.0,,,,,,,,,,,,,,,,,,72.0,,,,False,,2026-09-01 23:47:11-07:00,1.2,False,32,2026-09-01 23:47:11-07:00,72.0,1,-5.968253968253961,2026-09-01,False,False,102.0,False,2026-09-01,34.0,False,2026-09-01,128.0,False,2026-09-01,88.0,58.0,61,1.5172413793103448,2
2131,53,2026-09-01 23:52:24-07:00,2026-09-01,23:52:24,drive_thru,car,CAR 971  (+4:01),,4,In_n_Out_log_2026-09-06_193227.json,2026-09-06,,,,,,,,971.0,0.0,0.0,,,,,,,,,,,,,,,,,,241.0,,,,False,,2026-09-01 23:48:23-07:00,4.016666666666667,False,32,2026-09-01 23:48:23-07:00,241.0,1,163.03174603174602,2026-09-01,False,False,72.0,False,2026-09-01,102.0,False,2026-09-01,34.0,False,2026-09-01,69.33333333333333,58.0,61,1.1954022988505746,1
2505,60,2026-09-05 18:19:48-07:00,2026-09-05,18:19:48,drive_thru,car,CAR 1151  (+0:36),,4,In_n_Out_log_2026-09-06_193227.json,2026-09-06,,,,,,,,1151.0,0.0,0.0,,,,,,,,,,,,,,,,,,36.0,,,,False,,2026-09-05 18:19:12-07:00,0.6,False,36,2026-09-05 18:19:12-07:00,36.0,1,-24.610294117647058,2026-09-05,False,False,134.0,False,2026-09-05,100.0,False,2026-09-05,63.0,False,2026-09-05,99.0,40.5,124,2.4444444444444446,3
2506,60,2026-09-05 18:20:20-07:00,2026-09-05,18:20:20,drive_thru,car,CAR 1152  (+0:32),,4,In_n_Out_log_2026-09-06_193227.json,2026-09-06,,,,,,,,1152.0,0.0,0.0,,,,,,,,,,,,,,,,,,32.0,,,,False,,2026-09-05 18:19:48-07:00,0.5333333333333333,False,36,2026-09-05 18:19:48-07:00,32.0,1,-28.610294117647058,2026-09-05,False,False,36.0,False,2026-09-05,134.0,False,2026-09-05,100.0,False,2026-09-05,90.0,40.5,124,2.2222222222222223,3
2507,60,2026-09-05 18:20:54-07:00,2026-09-05,18:20:54,drive_thru,car,CAR 1153  (+0:33),,4,In_n_Out_log_2026-09-06_193227.json,2026-09-06,,,,,,,,1153.0,0.0,0.0,,,,,,,,,,,,,,,,,,33.0,,,,False,,2026-09-05 18:20:20-07:00,0.5666666666666667,False,36,2026-09-05 18:20:20-07:00,34.0,1,-26.610294117647058,2026-09-05,False,False,32.0,False,2026-09-05,36.0,False,2026-09-05,134.0,False,2026-09-05,67.33333333333333,40.5,124,1.662551440329218,3
2508,60,2026-09-05 18:21:39-07:00,2026-09-05,18:21:39,drive_thru,car,CAR 1154  (+0:45),,4,In_n_Out_log_2026-09-06_193227.json,2026-09-06,,,,,,,,1154.0,0.0,0.0,,,,,,,,,,,,,,,,,,45.0,,,,False,,2026-09-05 18:20:54-07:00,0.75,False,36,2026-09-05 18:20:54-07:00,45.0,1,-15.610294117647058,2026-09-05,False,False,34.0,False,2026-09-05,32.0,False,2026-09-05,36.0,False,2026-09-05,34.0,40.5,124,0.8395061728395061,0
2509,60,2026-09-05 18:22:19-07:00,2026-09-05,18:22:19,drive_thru,car,CAR 1155  (+0:40),,4,In_n_Out_log_2026-09-06_193227.json,2026-09-06,,,,,,,,1155.0,0.0,0.0,,,,,,,,,,,,,,,,,,40.0,,,,False,,2026-09-05 18:21:39-07:00,0.6666666666666666,False,36,2026-09-05 18:21:39-07:00,40.0,1,-20.610294117647058,2026-09-05,False,False,45.0,False,2026-09-05,34.0,False,2026-09-05,32.0,False,2026-09-05,37.0,40.5,124,0.9135802469135802,0
2510,60,2026-09-05 18:22:41-07:00,2026-09-05,18:22:41,drive_thru,car,CAR 1156  (+0:23),,4,In_n_Out_log_2026-09-06_193227.json,2026-09-06,,,,,,,,1156.0,0.0,0.0,,,,,,,,,,,,,,,,,,23.0,,,,False,,2026-09-05 18:22:19-07:00,0.36666666666666664,False,36,2026-09-05 18:22:19-07:00,22.0,1,-38.61029411764706,2026-09-05,False,False,40.0,False,2026-09-05,45.0,False,2026-09-05,34.0,False,2026-09-05,39.666666666666664,40.5,124,0.9794238683127572,1
2513,60,2026-09-05 18:23:05-07:00,2026-09-05,18:23:05,drive_thru,car,CAR 1157  (+0:23),,4,In_n_Out_log_2026-09-06_193227.json,2026-09-06,,,,,,,,1157.0,0.0,0.0,,,,,,,,,,,,,,,,,,23.0,,,,False,,2026-09-05 18:22:41-07:00,0.4,False,36,2026-09-05 18:22:41-07:00,24.0,1,-36.61029411764706,2026-09-05,False,False,22.0,False,2026-09-05,40.0,False,2026-09-05,45.0,False,2026-09-05,35.666666666666664,40.5,124,0.8806584362139918,0
2514,60,2026-09-05 18:23:49-07:00,2026-09-05,18:23:49,drive_thru,car,CAR 1158  (+0:45),,4,In_n_Out_log_2026-09-06_193227.json,2026-09-06,,,,,,,,1158.0,0.0,0.0,,,,,,,,,,,,,,,,,,45.0,,,,False,,2026-09-05 18:23:05-07:00,0.7333333333333333,False,36,2026-09-05 18:23:05-07:00,44.0,1,-16.610294117647058,2026-09-05,False,False,24.0,False,2026-09-05,22.0,False,2026-09-05,40.0,False,2026-09-05,28.666666666666668,40.5,124,0.7078189300411523,0
2515,60,2026-09-05 18:24:31-07:00,2026-09-05,18:24:31,drive_thru,car,CAR 1159  (+0:42),,4,In_n_Out_log_2026-09-06_193227.json,2026-09-06,,,,,,,,1159.0,0.0,0.0,,,,,,,,,,,,,,,,,,42.0,,,,False,,2026-09-05 18:23:49-07:00,0.7,False,36,2026-09-05 18:23:49-07:00,42.0,1,-18.610294117647058,2026-09-05,False,False,44.0,False,2026-09-05,24.0,False,2026-09-05,22.0,False,2026-09-05,30.0,40.5,124,0.7407407407407407,0
2516,60,2026-09-05 18:25:28-07:00,2026-09-05,18:25:28,drive_thru,car,CAR 1160  (+0:56),,4,In_n_Out_log_2026-09-06_193227.json,2026-09-06,,,,,,,,1160.0,0.0,0.0,,,,,,,,,,,,,,,,,,56.0,,,,False,,2026-09-05 18:24:31-07:00,0.95,False,36,2026-09-05 18:24:31-07:00,57.0,1,-3.610294117647058,2026-09-05,False,False,42.0,False,2026-09-05,44.0,False,2026-09-05,24.0,False,2026-09-05,36.666666666666664,40.5,124,0.9053497942386831,0
2519,60,2026-09-05 18:26:06-07:00,2026-09-05,18:26:06,drive_thru,car,CAR 1161  (+0:38),,4,In_n_Out_log_2026-09-06_193227.json,2026-09-06,,,,,,,,1161.0,0.0,0.0,,,,,,,,,,,,,,,,,,38.0,,,,False,,2026-09-05 18:25:28-07:00,0.6333333333333333,False,36,2026-09-05 18:25:28-07:00,38.0,1,-22.610294117647058,2026-09-05,False,False,57.0,False,2026-09-05,42.0,False,2026-09-05,44.0,False,2026-09-05,47.666666666666664,40.5,124,1.176954732510288,1
2521,60,2026-09-05 18:26:46-07:00,2026-09-05,18:26:46,drive_thru,car,CAR 1162  (+0:40),,4,In_n_Out_log_2026-09-06_193227.json,2026-09-06,,,,,,,,1162.0,0.0,0.0,,,,,,,,,,,,,,,,,,40.0,,,,False,,2026-09-05 18:26:06-07:00,0.6666666666666666,False,36,2026-09-05 18:26:06-07:00,40.0,1,-20.610294117647058,2026-09-05,False,False,38.0,False,2026-09-05,57.0,False,2026-09-05,42.0,False,2026-09-05,45.666666666666664,40.5,124,1.1275720164609053,1
2523,60,2026-09-05 18:27:59-07:00,2026-09-05,18:27:59,drive_thru,car,CAR 1163  (+1:12),,4,In_n_Out_log_2026-09-06_193227.json,2026-09-06,,,,,,,,1163.0,0.0,0.0,,,,,,,,,,,,,,,,,,72.0,,,,False,,2026-09-05 18:26:46-07:00,1.2166666666666666,False,36,2026-09-05 18:26:46-07:00,73.0,1,12.389705882352942,2026-09-05,False,False,40.0,False,2026-09-05,38.0,False,2026-09-05,57.0,False,2026-09-05,45.0,40.5,124,1.1111111111111112,1
2524,60,2026-09-05 18:28:24-07:00,2026-09-05,18:28:24,drive_thru,car,CAR 1164  (+0:26),,4,In_n_Out_log_2026-09-06_193227.json,2026-09-06,,,,,,,,1164.0,0.0,0.0,,,,,,,,,,,,,,,,,,26.0,,,,False,,2026-09-05 18:27:59-07:00,0.4166666666666667,False,36,2026-09-05 18:27:59-07:00,25.0,1,-35.61029411764706,2026-09-05,False,False,73.0,False,2026-09-05,40.0,False,2026-09-05,38.0,False,2026-09-05,50.333333333333336,40.5,124,1.2427983539094651,2
2526,60,2026-09-05 18:29:14-07:00,2026-09-05,18:29:14,drive_thru,car,CAR 1165  (+0:50),,4,In_n_Out_log_2026-09-06_193227.json,2026-09-06,,,,,,,,1165.0,0.0,0.0,,,,,,,,,,,,,,,,,,50.0,,,,False,,2026-09-05 18:28:24-07:00,0.8333333333333334,False,36,2026-09-05 18:28:24-07:00,50.0,1,-10.610294117647058,2026-09-05,False,False,25.0,False,2026-09-05,73.0,False,2026-09-05,40.0,False,2026-09-05,46.0,40.5,124,1.1358024691358024,1
2531,60,2026-09-05 18:32:14-07:00,2026-09-05,18:32:14,drive_thru,car,CAR 1166  (+3:00),,4,In_n_Out_log_2026-09-06_193227.json,2026-09-06,,,,,,,,1166.0,0.0,0.0,,,,,,,,,,,,,,,,,,180.0,,,,False,,2026-09-05 18:29:14-07:00,3.0,False,36,2026-09-05 18:29:14-07:00,180.0,1,119.38970588235294,2026-09-05,False,False,50.0,False,2026-09-05,25.0,False,2026-09-05,73.0,False,2026-09-05,49.333333333333336,40.5,124,1.2181069958847737,2
2532,60,2026-09-05 18:32:42-07:00,2026-09-05,18:32:42,drive_thru,car,CAR 1167  (+0:28),,4,In_n_Out_log_2026-09-06_193227.json,2026-09-06,,,,,,,,1167.0,0.0,0.0,,,,,,,,,,,,,,,,,,28.0,,,,False,,2026-09-05 18:32:14-07:00,0.4666666666666667,False,36,2026-09-05 18:32:14-07:00,28.0,1,-32.61029411764706,2026-09-05,False,False,180.0,False,2026-09-05,50.0,False,2026-09-05,25.0,False,2026-09-05,85.0,40.5,124,2.0987654320987654,3
2533,60,2026-09-05 18:33:29-07:00,2026-09-05,18:33:29,drive_thru,car,CAR 1168  (+0:47),,4,In_n_Out_log_2026-09-06_193227.json,2026-09-06,,,,,,,,1168.0,0.0,0.0,,,,,,,,,,,,,,,,,,47.0,,,,False,,2026-09-05 18:32:42-07:00,0.7833333333333333,False,36,2026-09-05 18:32:42-07:00,47.0,1,-13.610294117647058,2026-09-05,False,False,28.0,False,2026-09-05,180.0,False,2026-09-05,50.0,False,2026-09-05,86.0,40.5,124,2.123456790123457,3
2535,60,2026-09-05 18:34:15-07:00,2026-09-05,18:34:15,drive_thru,car,CAR 1169  (+0:46),,4,In_n_Out_log_2026-09-06_193227.json,2026-09-06,,,,,,,,1169.0,0.0,0.0,,,,,,,,,,,,,,,,,,46.0,,,,False,,2026-09-05 18:33:29-07:00,0.7666666666666667,False,36,2026-09-05 18:33:29-07:00,46.0,1,-14.610294117647058,2026-09-05,False,False,47.0,False,2026-09-05,28.0,False,2026-09-05,180.0,False,2026-09-05,85.0,40.5,124,2.0987654320987654,3
2537,60,2026-09-05 18:34:52-07:00,2026-09-05,18:34:52,drive_thru,car,CAR 1170  (+0:38),,4,In_n_Out_log_2026-09-06_193227.json,2026-09-06,,,,,,,,1170.0,0.0,0.0,,,,,,,,,,,,,,,,,,38.0,,,,False,,2026-09-05 18:34:15-07:00,0.6166666666666667,False,36,2026-09-05 18:34:15-07:00,37.0,1,-23.610294117647058,2026-09-05,False,False,46.0,False,2026-09-05,47.0,False,2026-09-05,28.0,False,2026-09-05,40.333333333333336,40.5,124,0.9958847736625515,1
2538,60,2026-09-05 18:35:40-07:00,2026-09-05,18:35:40,drive_thru,car,CAR 1171  (+0:47),,4,In_n_Out_log_2026-09-06_193227.json,2026-09-06,,,,,,,,1171.0,0.0,0.0,,,,,,,,,,,,,,,,,,47.0,,,,False,,2026-09-05 18:34:52-07:00,0.8,False,36,2026-09-05 18:34:52-07:00,48.0,1,-12.610294117647058,2026-09-05,False,False,37.0,False,2026-09-05,46.0,False,2026-09-05,47.0,False,2026-09-05,43.333333333333336,40.5,124,1.0699588477366255,1
2539,60,2026-09-05 18:36:06-07:00,2026-09-05,18:36:06,drive_thru,car,CAR 1172  (+0:26),,4,In_n_Out_log_2026-09-06_193227.json,2026-09-06,,,,,,,,1172.0,0.0,0.0,,,,,,,,,,,,,,,,,,26.0,,,,False,,2026-09-05 18:35:40-07:00,0.43333333333333335,False,36,2026-09-05 18:35:40-07:00,26.0,1,-34.61029411764706,2026-09-05,False,False,48.0,False,2026-09-05,37.0,False,2026-09-05,46.0,False,2026-09-05,43.666666666666664,40.5,124,1.0781893004115226,1
2542,60,2026-09-05 18:37:03-07:00,2026-09-05,18:37:03,drive_thru,car,CAR 1173  (+0:58),,4,In_n_Out_log_2026-09-06_193227.json,2026-09-06,,,,,,,,1173.0,0.0,0.0,,,,,,,,,,,,,,,,,,58.0,,,,False,,2026-09-05 18:36:06-07:00,0.95,False,36,2026-09-05 18:36:06-07:00,57.0,1,-3.610294117647058,2026-09-05,False,False,26.0,False,2026-09-05,48.0,False,2026-09-05,37.0,False,2026-09-05,37.0,40.5,124,0.9135802469135802,0
2543,60,2026-09-05 18:37:25-07:00,2026-09-05,18:37:25,drive_thru,car,CAR 1174  (+0:22),,4,In_n_Out_log_2026-09-06_193227.json,2026-09-06,,,,,,,,1174.0,0.0,0.0,,,,,,,,,,,,,,,,,,22.0,,,,False,,2026-09-05 18:37:03-07:00,0.36666666666666664,False,36,2026-09-05 18:37:03-07:00,22.0,1,-38.61029411764706,2026-09-05,False,False,57.0,False,2026-09-05,26.0,False,2026-09-05,48.0,False,2026-09-05,43.666666666666664,40.5,124,1.0781893004115226,1
2545,60,2026-09-05 18:38:22-07:00,2026-09-05,18:38:22,drive_thru,car,CAR 1175  (+0:56),,4,In_n_Out_log_2026-09-06_193227.json,2026-09-06,,,,,,,,1175.0,0.0,0.0,,,,,,,,,,,,,,,,,,56.0,,,,False,,2026-09-05 18:37:25-07:00,0.95,False,36,2026-09-05 18:37:25-07:00,57.0,1,-3.610294117647058,2026-09-05,False,False,22.0,False,2026-09-05,57.0,False,2026-09-05,26.0,False,2026-09-05,35.0,40.5,124,0.8641975308641975,0
2547,60,2026-09-05 18:40:38-07:00,2026-09-05,18:40:38,drive_thru,car,CAR 1176  (+2:16),,4,In_n_Out_log_2026-09-06_193227.json,2026-09-06,,,,,,,,1176.0,0.0,0.0,,,,,,,,,,,,,,,,,,136.0,,,,False,,2026-09-05 18:38:22-07:00,2.2666666666666666,False,36,2026-09-05 18:38:22-07:00,136.0,1,75.38970588235294,2026-09-05,False,False,57.0,False,2026-09-05,22.0,False,2026-09-05,57.0,False,2026-09-05,45.333333333333336,40.5,124,1.1193415637860082,1
2550,60,2026-09-05 18:41:37-07:00,2026-09-05,18:41:37,drive_thru,car,CAR 1177  (+0:59),,4,In_n_Out_log_2026-09-06_193227.json,2026-09-06,,,,,,,,1177.0,0.0,0.0,,,,,,,,,,,,,,,,,,59.0,,,,False,,2026-09-05 18:40:38-07:00,0.9833333333333333,False,36,2026-09-05 18:40:38-07:00,59.0,1,-1.610294117647058,2026-09-05,False,False,136.0,False,2026-09-05,57.0,False,2026-09-05,22.0,False,2026-09-05,71.66666666666667,40.5,124,1.7695473251028808,3
2551,60,2026-09-05 18:41:59-07:00,2026-09-05,18:41:59,drive_thru,car,CAR 1178  (+0:22),,4,In_n_Out_log_2026-09-06_193227.json,2026-09-06,,,,,,,,1178.0,0.0,0.0,,,,,,,,,,,,,,,,,,22.0,,,,False,,2026-09-05 18:41:37-07:00,0.36666666666666664,False,36,2026-09-05 18:41:37-07:00,22.0,1,-38.61029411764706,2026-09-05,False,False,59.0,False,2026-09-05,136.0,False,2026-09-05,57.0,False,2026-09-05,84.0,40.5,124,2.074074074074074,3
2552,60,2026-09-05 18:42:13-07:00,2026-09-05,18:42:13,drive_thru,car,CAR 1179  (+0:14),,4,In_n_Out_log_2026-09-06_193227.json,2026-09-06,,,,,,,,1179.0,0.0,0.0,,,,,,,,,,,,,,,,,,14.0,,,,False,,2026-09-05 18:41:59-07:00,0.23333333333333334,False,36,2026-09-05 18:41:59-07:00,14.0,1,-46.61029411764706,2026-09-05,False,False,22.0,False,2026-09-05,59.0,False,2026-09-05,136.0,False,2026-09-05,72.33333333333333,40.5,124,1.7860082304526748,3
2559,60,2026-09-05 18:44:37-07:00,2026-09-05,18:44:37,drive_thru,car,CAR 1180  (+2:24),,4,In_n_Out_log_2026-09-06_193227.json,2026-09-06,,,,,,,,1180.0,0.0,0.0,,,,,,,,,,,,,,,,,,144.0,,,,False,,2026-09-05 18:42:13-07:00,2.4,False,36,2026-09-05 18:42:13-07:00,144.0,1,83.38970588235294,2026-09-05,True,True,14.0,False,2026-09-05,22.0,False,2026-09-05,59.0,False,2026-09-05,31.666666666666668,40.5,124,0.7818930041152263,0
2573,60,2026-09-05 18:49:58-07:00,2026-09-05,18:49:58,drive_thru,car,CAR 1187  (+1:11),,4,In_n_Out_log_2026-09-06_193227.json,2026-09-06,,,,,,,,1187.0,0.0,0.0,,,,,,,,,,,,,,,,,,71.0,,,,False,,2026-09-05 18:48:47-07:00,1.1833333333333333,False,36,2026-09-05 18:48:47-07:00,71.0,1,10.389705882352942,2026-09-05,False,False,52.0,False,2026-09-05,35.0,False,2026-09-05,43.0,False,2026-09-05,43.333333333333336,40.5,124,1.0699588477366255,1
2575,60,2026-09-05 18:50:24-07:00,2026-09-05,18:50:24,drive_thru,car,CAR 1188  (+0:26),,4,In_n_Out_log_2026-09-06_193227.json,2026-09-06,,,,,,,,1188.0,0.0,0.0,,,,,,,,,,,,,,,,,,26.0,,,,False,,2026-09-05 18:49:58-07:00,0.43333333333333335,False,36,2026-09-05 18:49:58-07:00,26.0,1,-34.61029411764706,2026-09-05,False,False,71.0,False,2026-09-05,52.0,False,2026-09-05,35.0,False,2026-09-05,52.666666666666664,40.5,124,1.3004115226337447,2
2576,60,2026-09-05 18:52:04-07:00,2026-09-05,18:52:04,drive_thru,car,CAR 1189  (+1:40),,4,In_n_Out_log_2026-09-06_193227.json,2026-09-06,,,,,,,,1189.0,0.0,0.0,,,,,,,,,,,,,,,,,,100.0,,,,False,,2026-09-05 18:50:24-07:00,1.6666666666666667,False,36,2026-09-05 18:50:24-07:00,100.0,1,39.38970588235294,2026-09-05,False,False,26.0,False,2026-09-05,71.0,False,2026-09-05,52.0,False,2026-09-05,49.666666666666664,40.5,124,1.2263374485596708,2
2577,60,2026-09-05 18:52:24-07:00,2026-09-05,18:52:24,drive_thru,car,CAR 1190  (+0:20),,4,In_n_Out_log_2026-09-06_193227.json,2026-09-06,,,,,,,,1190.0,0.0,0.0,,,,,,,,,,,,,,,,,,20.0,,,,False,,2026-09-05 18:52:04-07:00,0.3333333333333333,False,36,2026-09-05 18:52:04-07:00,20.0,1,-40.61029411764706,2026-09-05,False,False,100.0,False,2026-09-05,26.0,False,2026-09-05,71.0,False,2026-09-05,65.66666666666667,40.5,124,1.6213991769547327,3
2578,60,2026-09-05 18:52:36-07:00,2026-09-05,18:52:36,drive_thru,car,CAR 1191  (+0:12),,4,In_n_Out_log_2026-09-06_193227.json,2026-09-06,,,,,,,,1191.0,0.0,0.0,,,,,,,,,,,,,,,,,,12.0,,,,False,,2026-09-05 18:52:24-07:00,0.2,False,36,2026-09-05 18:52:24-07:00,12.0,1,-48.61029411764706,2026-09-05,False,False,20.0,False,2026-09-05,100.0,False,2026-09-05,26.0,False,2026-09-05,48.666666666666664,40.5,124,1.2016460905349793,2
2580,60,2026-09-05 18:52:59-07:00,2026-09-05,18:52:59,drive_thru,car,CAR 1192  (+0:23),,4,In_n_Out_log_2026-09-06_193227.json,2026-09-06,,,,,,,,1192.0,0.0,0.0,,,,,,,,,,,,,,,,,,23.0,,,,False,,2026-09-05 18:52:36-07:00,0.38333333333333336,False,36,2026-09-05 18:52:36-07:00,23.0,1,-37.61029411764706,2026-09-05,False,False,12.0,False,2026-09-05,20.0,False,2026-09-05,100.0,False,2026-09-05,44.0,40.5,124,1.0864197530864197,1
2582,60,2026-09-05 18:53:38-07:00,2026-09-05,18:53:38,drive_thru,car,CAR 1193  (+0:39),,4,In_n_Out_log_2026-09-06_193227.json,2026-09-06,,,,,,,,1193.0,0.0,0.0,,,,,,,,,,,,,,,,,,39.0,,,,False,,2026-09-05 18:52:59-07:00,0.65,False,36,2026-09-05 18:52:59-07:00,39.0,1,-21.610294117647058,2026-09-05,False,False,23.0,False,2026-09-05,12.0,False,2026-09-05,20.0,False,2026-09-05,18.333333333333332,40.5,124,0.45267489711934156,0
2583,60,2026-09-05 18:53:58-07:00,2026-09-05,18:53:58,drive_thru,car,CAR 1194  (+0:20),,4,In_n_Out_log_2026-09-06_193227.json,2026-09-06,,,,,,,,1194.0,0.0,0.0,,,,,,,,,,,,,,,,,,20.0,,,,False,,2026-09-05 18:53:38-07:00,0.3333333333333333,False,36,2026-09-05 18:53:38-07:00,20.0,1,-40.61029411764706,2026-09-05,False,False,39.0,False,2026-09-05,23.0,False,2026-09-05,12.0,False,2026-09-05,24.666666666666668,40.5,124,0.6090534979423868,0
2588,60,2026-09-05 18:55:05-07:00,2026-09-05,18:55:05,drive_thru,car,CAR 1195  (+1:07),,4,In_n_Out_log_2026-09-06_193227.json,2026-09-06,,,,,,,,1195.0,0.0,0.0,,,,,,,,,,,,,,,,,,67.0,,,,False,,2026-09-05 18:53:58-07:00,1.1166666666666667,False,36,2026-09-05 18:53:58-07:00,67.0,1,6.389705882352942,2026-09-05,True,True,20.0,False,2026-09-05,39.0,False,2026-09-05,23.0,False,2026-09-05,27.333333333333332,40.5,124,0.6748971193415637,0
2598,60,2026-09-05 19:00:50-07:00,2026-09-05,19:00:50,drive_thru,car,CAR 1201  (+0:40),,4,In_n_Out_log_2026-09-06_193227.json,2026-09-06,,,,,,,,1201.0,0.0,0.0,,,,,,,,,,,,,,,,,,40.0,,,,False,,2026-09-05 19:00:11-07:00,0.65,False,36,2026-09-05 19:00:11-07:00,39.0,1,-21.610294117647058,2026-09-05,False,False,53.0,False,2026-09-05,28.0,False,2026-09-05,78.0,False,2026-09-05,53.0,40.5,124,1.308641975308642,2
2602,60,2026-09-05 19:02:53-07:00,2026-09-05,19:02:53,drive_thru,car,CAR 1202  (+2:03),,4,In_n_Out_log_2026-09-06_193227.json,2026-09-06,,,,,,,,1202.0,0.0,0.0,,,,,,,,,,,,,,,,,,123.0,,,,False,,2026-09-05 19:00:50-07:00,2.05,False,36,2026-09-05 19:00:50-07:00,123.0,1,62.38970588235294,2026-09-05,True,True,39.0,False,2026-09-05,53.0,False,2026-09-05,28.0,False,2026-09-05,40.0,40.5,124,0.9876543209876543,1
2608,60,2026-09-05 19:06:01-07:00,2026-09-05,19:06:01,drive_thru,car,CAR 1206  (+1:13),,4,In_n_Out_log_2026-09-06_193227.json,2026-09-06,,,,,,,,1206.0,0.0,0.0,,,,,,,,,,,,,,,,,,73.0,,,,False,,2026-09-05 19:04:48-07:00,1.2166666666666666,False,36,2026-09-05 19:04:48-07:00,73.0,1,12.389705882352942,2026-09-05,False,False,66.0,False,2026-09-05,19.0,False,2026-09-05,30.0,False,2026-09-05,38.333333333333336,40.5,124,0.9465020576131687,1
2609,60,2026-09-05 19:06:30-07:00,2026-09-05,19:06:30,drive_thru,car,CAR 1207  (+0:29),,4,In_n_Out_log_2026-09-06_193227.json,2026-09-06,,,,,,,,1207.0,0.0,0.0,,,,,,,,,,,,,,,,,,29.0,,,,False,,2026-09-05 19:06:01-07:00,0.48333333333333334,False,36,2026-09-05 19:06:01-07:00,29.0,1,-31.610294117647058,2026-09-05,False,False,73.0,False,2026-09-05,66.0,False,2026-09-05,19.0,False,2026-09-05,52.666666666666664,40.5,124,1.3004115226337447,2
2611,60,2026-09-05 19:07:08-07:00,2026-09-05,19:07:08,drive_thru,car,CAR 1208  (+0:38),,4,In_n_Out_log_2026-09-06_193227.json,2026-09-06,,,,,,,,1208.0,0.0,0.0,,,,,,,,,,,,,,,,,,38.0,,,,False,,2026-09-05 19:06:30-07:00,0.6333333333333333,False,36,2026-09-05 19:06:30-07:00,38.0,1,-22.610294117647058,2026-09-05,False,False,29.0,False,2026-09-05,73.0,False,2026-09-05,66.0,False,2026-09-05,56.0,40.5,124,1.382716049382716,2
2612,60,2026-09-05 19:07:40-07:00,2026-09-05,19:07:40,drive_thru,car,CAR 1209  (+0:33),,4,In_n_Out_log_2026-09-06_193227.json,2026-09-06,,,,,,,,1209.0,0.0,0.0,,,,,,,,,,,,,,,,,,33.0,,,,False,,2026-09-05 19:07:08-07:00,0.5333333333333333,False,36,2026-09-05 19:07:08-07:00,32.0,1,-28.610294117647058,2026-09-05,False,False,38.0,False,2026-09-05,29.0,False,2026-09-05,73.0,False,2026-09-05,46.666666666666664,40.5,124,1.1522633744855966,1
2614,60,2026-09-05 19:08:47-07:00,2026-09-05,19:08:47,drive_thru,car,CAR 1210  (+1:07),,4,In_n_Out_log_2026-09-06_193227.json,2026-09-06,,,,,,,,1210.0,0.0,0.0,,,,,,,,,,,,,,,,,,67.0,,,,False,,2026-09-05 19:07:40-07:00,1.1166666666666667,False,36,2026-09-05 19:07:40-07:00,67.0,1,6.389705882352942,2026-09-05,False,False,32.0,False,2026-09-05,38.0,False,2026-09-05,29.0,False,2026-09-05,33.0,40.5,124,0.8148148148148148,0
2615,60,2026-09-05 19:09:11-07:00,2026-09-05,19:09:11,drive_thru,car,CAR 1211  (+0:23),,4,In_n_Out_log_2026-09-06_193227.json,2026-09-06,,,,,,,,1211.0,0.0,0.0,,,,,,,,,,,,,,,,,,23.0,,,,False,,2026-09-05 19:08:47-07:00,0.4,False,36,2026-09-05 19:08:47-07:00,24.0,1,-36.61029411764706,2026-09-05,False,False,67.0,False,2026-09-05,32.0,False,2026-09-05,38.0,False,2026-09-05,45.666666666666664,40.5,124,1.1275720164609053,1
2621,60,2026-09-05 19:11:43-07:00,2026-09-05,19:11:43,drive_thru,car,CAR 1212  (+2:33),,4,In_n_Out_log_2026-09-06_193227.json,2026-09-06,,,,,,,,1212.0,0.0,0.0,,,,,,,,,,,,,,,,,,153.0,,,,False,,2026-09-05 19:09:11-07:00,2.533333333333333,False,36,2026-09-05 19:09:11-07:00,152.0,1,91.38970588235294,2026-09-05,True,True,24.0,False,2026-09-05,67.0,False,2026-09-05,32.0,False,2026-09-05,41.0,40.5,124,1.0123456790123457,1
2632,60,2026-09-05 19:17:08-07:00,2026-09-05,19:17:08,drive_thru,car,CAR 1216  (+2:46),,4,In_n_Out_log_2026-09-06_193227.json,2026-09-06,,,,,,,,1216.0,0.0,0.0,,,,,,,,,,,,,,,,,,166.0,,,,False,,2026-09-05 19:14:21-07:00,2.783333333333333,False,36,2026-09-05 19:14:21-07:00,167.0,1,106.38970588235294,2026-09-05,False,False,87.0,False,2026-09-05,35.0,False,2026-09-05,36.0,False,2026-09-05,52.666666666666664,40.5,124,1.3004115226337447,2
2633,60,2026-09-05 19:17:54-07:00,2026-09-05,19:17:54,drive_thru,car,CAR 1217  (+0:46),,4,In_n_Out_log_2026-09-06_193227.json,2026-09-06,,,,,,,,1217.0,0.0,0.0,,,,,,,,,,,,,,,,,,46.0,,,,False,,2026-09-05 19:17:08-07:00,0.7666666666666667,False,36,2026-09-05 19:17:08-07:00,46.0,1,-14.610294117647058,2026-09-05,False,False,167.0,False,2026-09-05,87.0,False,2026-09-05,35.0,False,2026-09-05,96.33333333333333,40.5,124,2.3786008230452675,3
2634,60,2026-09-05 19:18:16-07:00,2026-09-05,19:18:16,drive_thru,car,CAR 1218  (+0:22),,4,In_n_Out_log_2026-09-06_193227.json,2026-09-06,,,,,,,,1218.0,0.0,0.0,,,,,,,,,,,,,,,,,,22.0,,,,False,,2026-09-05 19:17:54-07:00,0.36666666666666664,False,36,2026-09-05 19:17:54-07:00,22.0,1,-38.61029411764706,2026-09-05,False,False,46.0,False,2026-09-05,167.0,False,2026-09-05,87.0,False,2026-09-05,100.0,40.5,124,2.4691358024691357,3
2636,60,2026-09-05 19:18:58-07:00,2026-09-05,19:18:58,drive_thru,car,CAR 1219  (+0:42),,4,In_n_Out_log_2026-09-06_193227.json,2026-09-06,,,,,,,,1219.0,0.0,0.0,,,,,,,,,,,,,,,,,,42.0,,,,False,,2026-09-05 19:18:16-07:00,0.7,False,36,2026-09-05 19:18:16-07:00,42.0,1,-18.610294117647058,2026-09-05,False,False,22.0,False,2026-09-05,46.0,False,2026-09-05,167.0,False,2026-09-05,78.33333333333333,40.5,124,1.934156378600823,3
2637,60,2026-09-05 19:20:30-07:00,2026-09-05,19:20:30,drive_thru,car,CAR 1220  (+1:32),,4,In_n_Out_log_2026-09-06_193227.json,2026-09-06,,,,,,,,1220.0,0.0,0.0,,,,,,,,,,,,,,,,,,92.0,,,,False,,2026-09-05 19:18:58-07:00,1.5333333333333334,False,36,2026-09-05 19:18:58-07:00,92.0,1,31.389705882352942,2026-09-05,False,False,42.0,False,2026-09-05,22.0,False,2026-09-05,46.0,False,2026-09-05,36.666666666666664,40.5,124,0.9053497942386831,0
2638,60,2026-09-05 19:21:02-07:00,2026-09-05,19:21:02,drive_thru,car,CAR 1221  (+0:32),,4,In_n_Out_log_2026-09-06_193227.json,2026-09-06,,,,,,,,1221.0,0.0,0.0,,,,,,,,,,,,,,,,,,32.0,,,,False,,2026-09-05 19:20:30-07:00,0.5333333333333333,False,36,2026-09-05 19:20:30-07:00,32.0,1,-28.610294117647058,2026-09-05,False,False,92.0,False,2026-09-05,42.0,False,2026-09-05,22.0,False,2026-09-05,52.0,40.5,124,1.2839506172839505,2
2640,60,2026-09-05 19:23:00-07:00,2026-09-05,19:23:00,drive_thru,car,CAR 1222  (+1:58),,4,In_n_Out_log_2026-09-06_193227.json,2026-09-06,,,,,,,,1222.0,0.0,0.0,,,,,,,,,,,,,,,,,,118.0,,,,False,,2026-09-05 19:21:02-07:00,1.9666666666666666,False,36,2026-09-05 19:21:02-07:00,118.0,1,57.38970588235294,2026-09-05,False,False,32.0,False,2026-09-05,92.0,False,2026-09-05,42.0,False,2026-09-05,55.333333333333336,40.5,124,1.3662551440329218,2
2645,60,2026-09-05 19:24:39-07:00,2026-09-05,19:24:39,drive_thru,car,CAR 1223  (+1:39),,4,In_n_Out_log_2026-09-06_193227.json,2026-09-06,,,,,,,,1223.0,0.0,0.0,,,,,,,,,,,,,,,,,,99.0,,,,False,,2026-09-05 19:23:00-07:00,1.65,False,36,2026-09-05 19:23:00-07:00,99.0,1,38.38970588235294,2026-09-05,True,True,118.0,False,2026-09-05,32.0,False,2026-09-05,92.0,False,2026-09-05,80.66666666666667,40.5,124,1.991769547325103,3
2651,60,2026-09-05 19:28:21-07:00,2026-09-05,19:28:21,drive_thru,car,CAR 1227  (+0:34),,4,In_n_Out_log_2026-09-06_193227.json,2026-09-06,,,,,,,,1227.0,0.0,0.0,,,,,,,,,,,,,,,,,,34.0,,,,False,,2026-09-05 19:27:47-07:00,0.5666666666666667,False,36,2026-09-05 19:27:47-07:00,34.0,1,-26.610294117647058,2026-09-05,False,False,46.0,False,2026-09-05,59.0,False,2026-09-05,83.0,False,2026-09-05,62.666666666666664,40.5,124,1.5473251028806583,2
2652,60,2026-09-05 19:28:53-07:00,2026-09-05,19:28:53,drive_thru,car,CAR 1228  (+0:32),,4,In_n_Out_log_2026-09-06_193227.json,2026-09-06,,,,,,,,1228.0,0.0,0.0,,,,,,,,,,,,,,,,,,32.0,,,,False,,2026-09-05 19:28:21-07:00,0.5333333333333333,False,36,2026-09-05 19:28:21-07:00,32.0,1,-28.610294117647058,2026-09-05,False,False,34.0,False,2026-09-05,46.0,False,2026-09-05,59.0,False,2026-09-05,46.333333333333336,40.5,124,1.1440329218106997,1
2655,60,2026-09-05 19:30:16-07:00,2026-09-05,19:30:16,drive_thru,car,CAR 1229  (+1:23),,4,In_n_Out_log_2026-09-06_193227.json,2026-09-06,,,,,,,,1229.0,0.0,0.0,,,,,,,,,,,,,,,,,,83.0,,,,False,,2026-09-05 19:28:53-07:00,1.3833333333333333,False,36,2026-09-05 19:28:53-07:00,83.0,1,22.389705882352942,2026-09-05,False,False,32.0,False,2026-09-05,34.0,False,2026-09-05,46.0,False,2026-09-05,37.333333333333336,40.5,124,0.9218106995884774,1
2656,60,2026-09-05 19:31:43-07:00,2026-09-05,19:31:43,drive_thru,car,CAR 1230  (+1:27),,4,In_n_Out_log_2026-09-06_193227.json,2026-09-06,,,,,,,,1230.0,0.0,0.0,,,,,,,,,,,,,,,,,,87.0,,,,False,,2026-09-05 19:30:16-07:00,1.45,False,36,2026-09-05 19:30:16-07:00,87.0,1,26.389705882352942,2026-09-05,False,False,83.0,False,2026-09-05,32.0,False,2026-09-05,34.0,False,2026-09-05,49.666666666666664,40.5,124,1.2263374485596708,2
2658,60,2026-09-05 19:32:22-07:00,2026-09-05,19:32:22,drive_thru,car,CAR 1231  (+0:39),,4,In_n_Out_log_2026-09-06_193227.json,2026-09-06,,,,,,,,1231.0,0.0,0.0,,,,,,,,,,,,,,,,,,39.0,,,,False,,2026-09-05 19:31:43-07:00,0.65,False,36,2026-09-05 19:31:43-07:00,39.0,1,-21.610294117647058,2026-09-05,False,False,87.0,False,2026-09-05,83.0,False,2026-09-05,32.0,False,2026-09-05,67.33333333333333,40.5,124,1.662551440329218,3
2661,60,2026-09-05 19:32:58-07:00,2026-09-05,19:32:58,drive_thru,car,CAR 1232  (+0:36),,4,In_n_Out_log_2026-09-06_193227.json,2026-09-06,,,,,,,,1232.0,0.0,0.0,,,,,,,,,,,,,,,,,,36.0,,,,False,,2026-09-05 19:32:22-07:00,0.6,False,36,2026-09-05 19:32:22-07:00,36.0,1,-24.610294117647058,2026-09-05,False,False,39.0,False,2026-09-05,87.0,False,2026-09-05,83.0,False,2026-09-05,69.66666666666667,40.5,124,1.720164609053498,3
2664,60,2026-09-05 19:33:48-07:00,2026-09-05,19:33:48,drive_thru,car,CAR 1233  (+0:50),,4,In_n_Out_log_2026-09-06_193227.json,2026-09-06,,,,,,,,1233.0,0.0,0.0,,,,,,,,,,,,,,,,,,50.0,,,,False,,2026-09-05 19:32:58-07:00,0.8333333333333334,False,36,2026-09-05 19:32:58-07:00,50.0,1,-10.610294117647058,2026-09-05,True,True,36.0,False,2026-09-05,39.0,False,2026-09-05,87.0,False,2026-09-05,54.0,40.5,124,1.3333333333333333,2
2677,60,2026-09-05 19:41:14-07:00,2026-09-05,19:41:14,drive_thru,car,CAR 1238  (+0:43),,4,In_n_Out_log_2026-09-06_193227.json,2026-09-06,,,,,,,,1238.0,0.0,0.0,,,,,,,,,,,,,,,,,,43.0,,,,False,,2026-09-05 19:40:31-07:00,0.7166666666666667,False,36,2026-09-05 19:40:31-07:00,43.0,1,-17.610294117647058,2026-09-05,False,False,93.0,False,2026-09-05,101.0,False,2026-09-05,90.0,False,2026-09-05,94.66666666666667,40.5,124,2.337448559670782,3
2678,60,2026-09-05 19:41:41-07:00,2026-09-05,19:41:41,drive_thru,car,CAR 1239  (+0:27),,4,In_n_Out_log_2026-09-06_193227.json,2026-09-06,,,,,,,,1239.0,0.0,0.0,,,,,,,,,,,,,,,,,,27.0,,,,False,,2026-09-05 19:41:14-07:00,0.45,False,36,2026-09-05 19:41:14-07:00,27.0,1,-33.61029411764706,2026-09-05,False,False,43.0,False,2026-09-05,93.0,False,2026-09-05,101.0,False,2026-09-05,79.0,40.5,124,1.9506172839506173,3
2679,60,2026-09-05 19:43:03-07:00,2026-09-05,19:43:03,drive_thru,car,CAR 1240  (+1:22),,4,In_n_Out_log_2026-09-06_193227.json,2026-09-06,,,,,,,,1240.0,0.0,0.0,,,,,,,,,,,,,,,,,,82.0,,,,False,,2026-09-05 19:41:41-07:00,1.3666666666666667,False,36,2026-09-05 19:41:41-07:00,82.0,1,21.389705882352942,2026-09-05,False,False,27.0,False,2026-09-05,43.0,False,2026-09-05,93.0,False,2026-09-05,54.333333333333336,40.5,124,1.3415637860082306,2
2680,60,2026-09-05 19:43:37-07:00,2026-09-05,19:43:37,drive_thru,car,CAR 1241  (+0:34),,4,In_n_Out_log_2026-09-06_193227.json,2026-09-06,,,,,,,,1241.0,0.0,0.0,,,,,,,,,,,,,,,,,,34.0,,,,False,,2026-09-05 19:43:03-07:00,0.5666666666666667,False,36,2026-09-05 19:43:03-07:00,34.0,1,-26.610294117647058,2026-09-05,False,False,82.0,False,2026-09-05,27.0,False,2026-09-05,43.0,False,2026-09-05,50.666666666666664,40.5,124,1.251028806584362,2
2681,60,2026-09-05 19:44:06-07:00,2026-09-05,19:44:06,drive_thru,car,CAR 1242  (+0:29),,4,In_n_Out_log_2026-09-06_193227.json,2026-09-06,,,,,,,,1242.0,0.0,0.0,,,,,,,,,,,,,,,,,,29.0,,,,False,,2026-09-05 19:43:37-07:00,0.48333333333333334,False,36,2026-09-05 19:43:37-07:00,29.0,1,-31.610294117647058,2026-09-05,False,False,34.0,False,2026-09-05,82.0,False,2026-09-05,27.0,False,2026-09-05,47.666666666666664,40.5,124,1.176954732510288,1
2686,60,2026-09-05 19:47:37-07:00,2026-09-05,19:47:37,drive_thru,car,CAR 1243  (+3:30),,4,In_n_Out_log_2026-09-06_193227.json,2026-09-06,,,,,,,,1243.0,0.0,0.0,,,,,,,,,,,,,,,,,,210.0,,,,False,,2026-09-05 19:44:06-07:00,3.5166666666666666,False,36,2026-09-05 19:44:06-07:00,211.0,1,150.38970588235293,2026-09-05,False,False,29.0,False,2026-09-05,34.0,False,2026-09-05,82.0,False,2026-09-05,48.333333333333336,40.5,124,1.1934156378600824,1
2688,60,2026-09-05 19:48:16-07:00,2026-09-05,19:48:16,drive_thru,car,CAR 1244  (+0:39),,4,In_n_Out_log_2026-09-06_193227.json,2026-09-06,,,,,,,,1244.0,0.0,0.0,,,,,,,,,,,,,,,,,,39.0,,,,False,,2026-09-05 19:47:37-07:00,0.65,False,36,2026-09-05 19:47:37-07:00,39.0,1,-21.610294117647058,2026-09-05,False,False,211.0,False,2026-09-05,29.0,False,2026-09-05,34.0,False,2026-09-05,91.33333333333333,40.5,124,2.2551440329218106,3
2689,60,2026-09-05 19:48:58-07:00,2026-09-05,19:48:58,drive_thru,car,CAR 1245  (+0:41),,4,In_n_Out_log_2026-09-06_193227.json,2026-09-06,,,,,,,,1245.0,0.0,0.0,,,,,,,,,,,,,,,,,,41.0,,,,False,,2026-09-05 19:48:16-07:00,0.7,False,36,2026-09-05 19:48:16-07:00,42.0,1,-18.610294117647058,2026-09-05,False,False,39.0,False,2026-09-05,211.0,False,2026-09-05,29.0,False,2026-09-05,93.0,40.5,124,2.2962962962962963,3
2693,60,2026-09-05 19:50:24-07:00,2026-09-05,19:50:24,drive_thru,car,CAR 1246  (+1:26),,4,In_n_Out_log_2026-09-06_193227.json,2026-09-06,,,,,,,,1246.0,0.0,0.0,,,,,,,,,,,,,,,,,,86.0,,,,False,,2026-09-05 19:48:58-07:00,1.4333333333333333,False,36,2026-09-05 19:48:58-07:00,86.0,1,25.389705882352942,2026-09-05,True,True,42.0,False,2026-09-05,39.0,False,2026-09-05,211.0,False,2026-09-05,97.33333333333333,40.5,124,2.4032921810699586,3
2698,60,2026-09-05 19:52:18-07:00,2026-09-05,19:52:18,drive_thru,car,CAR 1250  (+0:33),,4,In_n_Out_log_2026-09-06_193227.json,2026-09-06,,,,,,,,1250.0,0.0,0.0,,,,,,,,,,,,,,,,,,33.0,,,,False,,2026-09-05 19:51:45-07:00,0.55,False,36,2026-09-05 19:51:45-07:00,33.0,1,-27.610294117647058,2026-09-05,False,False,30.0,False,2026-09-05,22.0,False,2026-09-05,29.0,False,2026-09-05,27.0,40.5,124,0.6666666666666666,0
2699,60,2026-09-05 19:53:11-07:00,2026-09-05,19:53:11,drive_thru,car,CAR 1251  (+0:53),,4,In_n_Out_log_2026-09-06_193227.json,2026-09-06,,,,,,,,1251.0,0.0,0.0,,,,,,,,,,,,,,,,,,53.0,,,,False,,2026-09-05 19:52:18-07:00,0.8833333333333333,False,36,2026-09-05 19:52:18-07:00,53.0,1,-7.610294117647058,2026-09-05,False,False,33.0,False,2026-09-05,30.0,False,2026-09-05,22.0,False,2026-09-05,28.333333333333332,40.5,124,0.6995884773662551,0
2700,60,2026-09-05 19:53:38-07:00,2026-09-05,19:53:38,drive_thru,car,CAR 1252  (+0:28),,4,In_n_Out_log_2026-09-06_193227.json,2026-09-06,,,,,,,,1252.0,0.0,0.0,,,,,,,,,,,,,,,,,,28.0,,,,False,,2026-09-05 19:53:11-07:00,0.45,False,36,2026-09-05 19:53:11-07:00,27.0,1,-33.61029411764706,2026-09-05,False,False,53.0,False,2026-09-05,33.0,False,2026-09-05,30.0,False,2026-09-05,38.666666666666664,40.5,124,0.9547325102880658,1
2703,60,2026-09-05 19:54:54-07:00,2026-09-05,19:54:54,drive_thru,car,CAR 1253  (+1:15),,4,In_n_Out_log_2026-09-06_193227.json,2026-09-06,,,,,,,,1253.0,0.0,0.0,,,,,,,,,,,,,,,,,,75.0,,,,False,,2026-09-05 19:53:38-07:00,1.2666666666666666,False,36,2026-09-05 19:53:38-07:00,76.0,1,15.389705882352942,2026-09-05,False,False,27.0,False,2026-09-05,53.0,False,2026-09-05,33.0,False,2026-09-05,37.666666666666664,40.5,124,0.9300411522633745,1
2705,60,2026-09-05 19:55:53-07:00,2026-09-05,19:55:53,drive_thru,car,CAR 1254  (+0:59),,4,In_n_Out_log_2026-09-06_193227.json,2026-09-06,,,,,,,,1254.0,0.0,0.0,,,,,,,,,,,,,,,,,,59.0,,,,False,,2026-09-05 19:54:54-07:00,0.9833333333333333,False,36,2026-09-05 19:54:54-07:00,59.0,1,-1.610294117647058,2026-09-05,False,False,76.0,False,2026-09-05,27.0,False,2026-09-05,53.0,False,2026-09-05,52.0,40.5,124,1.2839506172839505,2
2706,60,2026-09-05 19:56:23-07:00,2026-09-05,19:56:23,drive_thru,car,CAR 1255  (+0:30),,4,In_n_Out_log_2026-09-06_193227.json,2026-09-06,,,,,,,,1255.0,0.0,0.0,,,,,,,,,,,,,,,,,,30.0,,,,False,,2026-09-05 19:55:53-07:00,0.5,False,36,2026-09-05 19:55:53-07:00,30.0,1,-30.610294117647058,2026-09-05,False,False,59.0,False,2026-09-05,76.0,False,2026-09-05,27.0,False,2026-09-05,54.0,40.5,124,1.3333333333333333,2
2710,60,2026-09-05 19:57:54-07:00,2026-09-05,19:57:54,drive_thru,car,CAR 1256  (+1:30),,4,In_n_Out_log_2026-09-06_193227.json,2026-09-06,,,,,,,,1256.0,0.0,0.0,,,,,,,,,,,,,,,,,,90.0,,,,False,,2026-09-05 19:56:23-07:00,1.5166666666666666,False,36,2026-09-05 19:56:23-07:00,91.0,1,30.389705882352942,2026-09-05,True,True,30.0,False,2026-09-05,59.0,False,2026-09-05,76.0,False,2026-09-05,55.0,40.5,124,1.3580246913580247,2
2715,60,2026-09-05 20:01:06-07:00,2026-09-05,20:01:06,drive_thru,car,CAR 1260  (+0:34),,4,In_n_Out_log_2026-09-06_193227.json,2026-09-06,,,,,,,,1260.0,0.0,0.0,,,,,,,,,,,,,,,,,,34.0,,,,False,,2026-09-05 20:00:32-07:00,0.5666666666666667,False,36,2026-09-05 20:00:32-07:00,34.0,1,-26.610294117647058,2026-09-05,False,False,40.0,False,2026-09-05,29.0,False,2026-09-05,89.0,False,2026-09-05,52.666666666666664,40.5,124,1.3004115226337447,2
2718,60,2026-09-05 20:04:42-07:00,2026-09-05,20:04:42,drive_thru,car,CAR 1261  (+3:36),,4,In_n_Out_log_2026-09-06_193227.json,2026-09-06,,,,,,,,1261.0,0.0,0.0,,,,,,,,,,,,,,,,,,216.0,,,,False,,2026-09-05 20:01:06-07:00,3.6,False,36,2026-09-05 20:01:06-07:00,216.0,1,155.38970588235293,2026-09-05,False,False,34.0,False,2026-09-05,40.0,False,2026-09-05,29.0,False,2026-09-05,34.333333333333336,40.5,124,0.8477366255144033,0
2719,60,2026-09-05 20:06:11-07:00,2026-09-05,20:06:11,drive_thru,car,CAR 1262  (+1:29),,4,In_n_Out_log_2026-09-06_193227.json,2026-09-06,,,,,,,,1262.0,0.0,0.0,,,,,,,,,,,,,,,,,,89.0,,,,False,,2026-09-05 20:04:42-07:00,1.4833333333333334,False,36,2026-09-05 20:04:42-07:00,89.0,1,28.389705882352942,2026-09-05,False,False,216.0,False,2026-09-05,34.0,False,2026-09-05,40.0,False,2026-09-05,96.66666666666667,40.5,124,2.386831275720165,3
2723,60,2026-09-05 20:08:02-07:00,2026-09-05,20:08:02,drive_thru,car,CAR 1263  (+1:52),,4,In_n_Out_log_2026-09-06_193227.json,2026-09-06,,,,,,,,1263.0,0.0,0.0,,,,,,,,,,,,,,,,,,112.0,,,,False,,2026-09-05 20:06:11-07:00,1.85,False,36,2026-09-05 20:06:11-07:00,111.0,1,50.38970588235294,2026-09-05,False,False,89.0,False,2026-09-05,216.0,False,2026-09-05,34.0,False,2026-09-05,113.0,40.5,124,2.7901234567901234,3
2724,60,2026-09-05 20:08:35-07:00,2026-09-05,20:08:35,drive_thru,car,CAR 1264  (+0:32),,4,In_n_Out_log_2026-09-06_193227.json,2026-09-06,,,,,,,,1264.0,0.0,0.0,,,,,,,,,,,,,,,,,,32.0,,,,False,,2026-09-05 20:08:02-07:00,0.55,False,36,2026-09-05 20:08:02-07:00,33.0,1,-27.610294117647058,2026-09-05,False,False,111.0,False,2026-09-05,89.0,False,2026-09-05,216.0,False,2026-09-05,138.66666666666666,40.5,124,3.4238683127572016,3
2725,60,2026-09-05 20:09:20-07:00,2026-09-05,20:09:20,drive_thru,car,CAR 1265  (+0:46),,4,In_n_Out_log_2026-09-06_193227.json,2026-09-06,,,,,,,,1265.0,0.0,0.0,,,,,,,,,,,,,,,,,,46.0,,,,False,,2026-09-05 20:08:35-07:00,0.75,False,36,2026-09-05 20:08:35-07:00,45.0,1,-15.610294117647058,2026-09-05,False,False,33.0,False,2026-09-05,111.0,False,2026-09-05,89.0,False,2026-09-05,77.66666666666667,40.5,124,1.917695473251029,3
2727,60,2026-09-05 20:10:00-07:00,2026-09-05,20:10:00,drive_thru,car,CAR 1266  (+0:40),,4,In_n_Out_log_2026-09-06_193227.json,2026-09-06,,,,,,,,1266.0,0.0,0.0,,,,,,,,,,,,,,,,,,40.0,,,,False,,2026-09-05 20:09:20-07:00,0.6666666666666666,False,36,2026-09-05 20:09:20-07:00,40.0,1,-20.610294117647058,2026-09-05,False,False,45.0,False,2026-09-05,33.0,False,2026-09-05,111.0,False,2026-09-05,63.0,40.5,124,1.5555555555555556,2
2734,60,2026-09-05 20:14:52-07:00,2026-09-05,20:14:52,drive_thru,car,CAR 1267  (+4:52),,4,In_n_Out_log_2026-09-06_193227.json,2026-09-06,,,,,,,,1267.0,0.0,0.0,,,,,,,,,,,,,,,,,,292.0,,,,False,,2026-09-05 20:10:00-07:00,4.866666666666666,False,36,2026-09-05 20:10:00-07:00,292.0,1,231.38970588235293,2026-09-05,True,True,40.0,False,2026-09-05,45.0,False,2026-09-05,33.0,False,2026-09-05,39.333333333333336,40.5,124,0.9711934156378601,1
2738,60,2026-09-05 20:18:17-07:00,2026-09-05,20:18:17,drive_thru,car,CAR 1271  (+0:49),,4,In_n_Out_log_2026-09-06_193227.json,2026-09-06,,,,,,,,1271.0,0.0,0.0,,,,,,,,,,,,,,,,,,49.0,,,,False,,2026-09-05 20:17:28-07:00,0.8166666666666667,False,36,2026-09-05 20:17:28-07:00,49.0,1,-11.610294117647058,2026-09-05,False,False,41.0,False,2026-09-05,33.0,False,2026-09-05,82.0,False,2026-09-05,52.0,40.5,124,1.2839506172839505,2
2741,60,2026-09-05 20:18:52-07:00,2026-09-05,20:18:52,drive_thru,car,CAR 1272  (+0:35),,4,In_n_Out_log_2026-09-06_193227.json,2026-09-06,,,,,,,,1272.0,0.0,0.0,,,,,,,,,,,,,,,,,,35.0,,,,False,,2026-09-05 20:18:17-07:00,0.5833333333333334,False,36,2026-09-05 20:18:17-07:00,35.0,1,-25.610294117647058,2026-09-05,False,False,49.0,False,2026-09-05,41.0,False,2026-09-05,33.0,False,2026-09-05,41.0,40.5,124,1.0123456790123457,1
2742,60,2026-09-05 20:19:36-07:00,2026-09-05,20:19:36,drive_thru,car,CAR 1273  (+0:44),,4,In_n_Out_log_2026-09-06_193227.json,2026-09-06,,,,,,,,1273.0,0.0,0.0,,,,,,,,,,,,,,,,,,44.0,,,,False,,2026-09-05 20:18:52-07:00,0.7333333333333333,False,36,2026-09-05 20:18:52-07:00,44.0,1,-16.610294117647058,2026-09-05,False,False,35.0,False,2026-09-05,49.0,False,2026-09-05,41.0,False,2026-09-05,41.666666666666664,40.5,124,1.02880658436214,1
2743,60,2026-09-05 20:19:48-07:00,2026-09-05,20:19:48,drive_thru,car,CAR 1274  (+0:13),,4,In_n_Out_log_2026-09-06_193227.json,2026-09-06,,,,,,,,1274.0,0.0,0.0,,,,,,,,,,,,,,,,,,13.0,,,,False,,2026-09-05 20:19:36-07:00,0.2,False,36,2026-09-05 20:19:36-07:00,12.0,1,-48.61029411764706,2026-09-05,False,False,44.0,False,2026-09-05,35.0,False,2026-09-05,49.0,False,2026-09-05,42.666666666666664,40.5,124,1.0534979423868311,1
2744,60,2026-09-05 20:20:51-07:00,2026-09-05,20:20:51,drive_thru,car,CAR 1275  (+1:03),,4,In_n_Out_log_2026-09-06_193227.json,2026-09-06,,,,,,,,1275.0,0.0,0.0,,,,,,,,,,,,,,,,,,63.0,,,,False,,2026-09-05 20:19:48-07:00,1.05,False,36,2026-09-05 20:19:48-07:00,63.0,1,2.389705882352942,2026-09-05,False,False,12.0,False,2026-09-05,44.0,False,2026-09-05,35.0,False,2026-09-05,30.333333333333332,40.5,124,0.7489711934156378,0
2745,60,2026-09-05 20:24:29-07:00,2026-09-05,20:24:29,drive_thru,car,CAR 1276  (+3:38),,4,In_n_Out_log_2026-09-06_193227.json,2026-09-06,,,,,,,,1276.0,0.0,0.0,,,,,,,,,,,,,,,,,,218.0,,,,False,,2026-09-05 20:20:51-07:00,3.6333333333333333,False,36,2026-09-05 20:20:51-07:00,218.0,1,157.38970588235293,2026-09-05,False,False,63.0,False,2026-09-05,12.0,False,2026-09-05,44.0,False,2026-09-05,39.666666666666664,40.5,124,0.9794238683127572,1
2747,60,2026-09-05 20:25:57-07:00,2026-09-05,20:25:57,drive_thru,car,CAR 1277  (+1:28),,4,In_n_Out_log_2026-09-06_193227.json,2026-09-06,,,,,,,,1277.0,0.0,0.0,,,,,,,,,,,,,,,,,,88.0,,,,False,,2026-09-05 20:24:29-07:00,1.4666666666666666,False,36,2026-09-05 20:24:29-07:00,88.0,1,27.389705882352942,2026-09-05,False,False,218.0,False,2026-09-05,63.0,False,2026-09-05,12.0,False,2026-09-05,97.66666666666667,40.5,124,2.411522633744856,3
2749,60,2026-09-05 20:26:17-07:00,2026-09-05,20:26:17,drive_thru,car,CAR 1278  (+0:19),,4,In_n_Out_log_2026-09-06_193227.json,2026-09-06,,,,,,,,1278.0,0.0,0.0,,,,,,,,,,,,,,,,,,19.0,,,,False,,2026-09-05 20:25:57-07:00,0.3333333333333333,False,36,2026-09-05 20:25:57-07:00,20.0,1,-40.61029411764706,2026-09-05,False,False,88.0,False,2026-09-05,218.0,False,2026-09-05,63.0,False,2026-09-05,123.0,40.5,124,3.037037037037037,3
2750,60,2026-09-05 20:26:33-07:00,2026-09-05,20:26:33,drive_thru,car,CAR 1279  (+0:17),,4,In_n_Out_log_2026-09-06_193227.json,2026-09-06,,,,,,,,1279.0,0.0,0.0,,,,,,,,,,,,,,,,,,17.0,,,,False,,2026-09-05 20:26:17-07:00,0.26666666666666666,False,36,2026-09-05 20:26:17-07:00,16.0,1,-44.61029411764706,2026-09-05,False,False,20.0,False,2026-09-05,88.0,False,2026-09-05,218.0,False,2026-09-05,108.66666666666667,40.5,124,2.683127572016461,3
2753,60,2026-09-05 20:27:51-07:00,2026-09-05,20:27:51,drive_thru,car,CAR 1280  (+1:18),,4,In_n_Out_log_2026-09-06_193227.json,2026-09-06,,,,,,,,1280.0,0.0,0.0,,,,,,,,,,,,,,,,,,78.0,,,,False,,2026-09-05 20:26:33-07:00,1.3,False,36,2026-09-05 20:26:33-07:00,78.0,1,17.389705882352942,2026-09-05,False,False,16.0,False,2026-09-05,20.0,False,2026-09-05,88.0,False,2026-09-05,41.333333333333336,40.5,124,1.0205761316872428,1
2760,60,2026-09-05 20:30:50-07:00,2026-09-05,20:30:50,drive_thru,car,CAR 1281  (+2:59),,4,In_n_Out_log_2026-09-06_193227.json,2026-09-06,,,,,,,,1281.0,0.0,0.0,,,,,,,,,,,,,,,,,,179.0,,,,False,,2026-09-05 20:27:51-07:00,2.9833333333333334,False,36,2026-09-05 20:27:51-07:00,179.0,1,118.38970588235294,2026-09-05,False,False,78.0,False,2026-09-05,16.0,False,2026-09-05,20.0,False,2026-09-05,38.0,40.5,124,0.9382716049382716,1
2762,60,2026-09-05 20:31:24-07:00,2026-09-05,20:31:24,drive_thru,car,CAR 1282  (+0:34),,4,In_n_Out_log_2026-09-06_193227.json,2026-09-06,,,,,,,,1282.0,0.0,0.0,,,,,,,,,,,,,,,,,,34.0,,,,False,,2026-09-05 20:30:50-07:00,0.5666666666666667,False,36,2026-09-05 20:30:50-07:00,34.0,1,-26.610294117647058,2026-09-05,False,False,179.0,False,2026-09-05,78.0,False,2026-09-05,16.0,False,2026-09-05,91.0,40.5,124,2.246913580246914,3
2763,60,2026-09-05 20:31:38-07:00,2026-09-05,20:31:38,drive_thru,car,CAR 1283  (+0:14),,4,In_n_Out_log_2026-09-06_193227.json,2026-09-06,,,,,,,,1283.0,0.0,0.0,,,,,,,,,,,,,,,,,,14.0,,,,False,,2026-09-05 20:31:24-07:00,0.23333333333333334,False,36,2026-09-05 20:31:24-07:00,14.0,1,-46.61029411764706,2026-09-05,False,False,34.0,False,2026-09-05,179.0,False,2026-09-05,78.0,False,2026-09-05,97.0,40.5,124,2.3950617283950617,3
2790,64,2026-09-06 18:29:47-07:00,2026-09-06,18:29:47,drive_thru,car,CAR 1289  (+1:24),,4,In_n_Out_log_2026-09-06_193227.json,2026-09-06,,,,,,,,1289.0,0.0,0.0,,,,,,,,,,,,,,,,,,84.0,,,,False,,2026-09-06 18:28:23-07:00,1.4,False,37,2026-09-06 18:28:23-07:00,84.0,1,18.774193548387103,2026-09-06,False,False,47.0,False,2026-09-06,22.0,False,2026-09-06,150.0,False,2026-09-06,73.0,43.0,47,1.697674418604651,3
2793,64,2026-09-06 18:30:48-07:00,2026-09-06,18:30:48,drive_thru,car,CAR 1290  (+1:01),,4,In_n_Out_log_2026-09-06_193227.json,2026-09-06,,,,,,,,1290.0,0.0,0.0,,,,,,,,,,,,,,,,,,61.0,,,,False,,2026-09-06 18:29:47-07:00,1.0166666666666666,False,37,2026-09-06 18:29:47-07:00,61.0,1,-4.225806451612897,2026-09-06,False,False,84.0,False,2026-09-06,47.0,False,2026-09-06,22.0,False,2026-09-06,51.0,43.0,47,1.186046511627907,1
2795,64,2026-09-06 18:31:11-07:00,2026-09-06,18:31:11,drive_thru,car,CAR 1291  (+0:24),,4,In_n_Out_log_2026-09-06_193227.json,2026-09-06,,,,,,,,1291.0,0.0,0.0,,,,,,,,,,,,,,,,,,24.0,,,,False,,2026-09-06 18:30:48-07:00,0.38333333333333336,False,37,2026-09-06 18:30:48-07:00,23.0,1,-42.2258064516129,2026-09-06,False,False,61.0,False,2026-09-06,84.0,False,2026-09-06,47.0,False,2026-09-06,64.0,43.0,47,1.4883720930232558,2
2796,64,2026-09-06 18:32:26-07:00,2026-09-06,18:32:26,drive_thru,car,CAR 1292  (+1:15),,4,In_n_Out_log_2026-09-06_193227.json,2026-09-06,,,,,,,,1292.0,0.0,0.0,,,,,,,,,,,,,,,,,,75.0,,,,False,,2026-09-06 18:31:11-07:00,1.25,False,37,2026-09-06 18:31:11-07:00,75.0,1,9.774193548387103,2026-09-06,False,False,23.0,False,2026-09-06,61.0,False,2026-09-06,84.0,False,2026-09-06,56.0,43.0,47,1.302325581395349,2
2798,64,2026-09-06 18:33:16-07:00,2026-09-06,18:33:16,drive_thru,car,CAR 1293  (+0:50),,4,In_n_Out_log_2026-09-06_193227.json,2026-09-06,,,,,,,,1293.0,0.0,0.0,,,,,,,,,,,,,,,,,,50.0,,,,False,,2026-09-06 18:32:26-07:00,0.8333333333333334,False,37,2026-09-06 18:32:26-07:00,50.0,1,-15.225806451612897,2026-09-06,False,False,75.0,False,2026-09-06,23.0,False,2026-09-06,61.0,False,2026-09-06,53.0,43.0,47,1.2325581395348837,2
2800,64,2026-09-06 18:36:26-07:00,2026-09-06,18:36:26,drive_thru,car,CAR 1294  (+3:10),,4,In_n_Out_log_2026-09-06_193227.json,2026-09-06,,,,,,,,1294.0,0.0,0.0,,,,,,,,,,,,,,,,,,190.0,,,,False,,2026-09-06 18:33:16-07:00,3.1666666666666665,False,37,2026-09-06 18:33:16-07:00,190.0,1,124.7741935483871,2026-09-06,False,False,50.0,False,2026-09-06,75.0,False,2026-09-06,23.0,False,2026-09-06,49.333333333333336,43.0,47,1.1472868217054264,1
2801,64,2026-09-06 18:37:00-07:00,2026-09-06,18:37:00,drive_thru,car,CAR 1295  (+0:34),,4,In_n_Out_log_2026-09-06_193227.json,2026-09-06,,,,,,,,1295.0,0.0,0.0,,,,,,,,,,,,,,,,,,34.0,,,,False,,2026-09-06 18:36:26-07:00,0.5666666666666667,False,37,2026-09-06 18:36:26-07:00,34.0,1,-31.225806451612897,2026-09-06,False,False,190.0,False,2026-09-06,50.0,False,2026-09-06,75.0,False,2026-09-06,105.0,43.0,47,2.441860465116279,3
2802,64,2026-09-06 18:37:27-07:00,2026-09-06,18:37:27,drive_thru,car,CAR 1296  (+0:27),,4,In_n_Out_log_2026-09-06_193227.json,2026-09-06,,,,,,,,1296.0,0.0,0.0,,,,,,,,,,,,,,,,,,27.0,,,,False,,2026-09-06 18:37:00-07:00,0.45,False,37,2026-09-06 18:37:00-07:00,27.0,1,-38.2258064516129,2026-09-06,False,False,34.0,False,2026-09-06,190.0,False,2026-09-06,50.0,False,2026-09-06,91.33333333333333,43.0,47,2.1240310077519378,3
2806,64,2026-09-06 18:38:18-07:00,2026-09-06,18:38:18,drive_thru,car,CAR 1297  (+0:51),,4,In_n_Out_log_2026-09-06_193227.json,2026-09-06,,,,,,,,1297.0,0.0,0.0,,,,,,,,,,,,,,,,,,51.0,,,,False,,2026-09-06 18:37:27-07:00,0.85,False,37,2026-09-06 18:37:27-07:00,51.0,1,-14.225806451612897,2026-09-06,False,False,27.0,False,2026-09-06,34.0,False,2026-09-06,190.0,False,2026-09-06,83.66666666666667,43.0,47,1.9457364341085273,3
2815,64,2026-09-06 18:42:42-07:00,2026-09-06,18:42:42,drive_thru,car,CAR 1298  (+4:24),,4,In_n_Out_log_2026-09-06_193227.json,2026-09-06,,,,,,,,1298.0,0.0,0.0,,,,,,,,,,,,,,,,,,264.0,,,,False,,2026-09-06 18:38:18-07:00,4.4,False,37,2026-09-06 18:38:18-07:00,264.0,1,198.7741935483871,2026-09-06,True,True,51.0,False,2026-09-06,27.0,False,2026-09-06,34.0,False,2026-09-06,37.333333333333336,43.0,47,0.868217054263566,0
2858,64,2026-09-06 18:56:31-07:00,2026-09-06,18:56:31,drive_thru,car,CAR 1313  (+0:41),,4,In_n_Out_log_2026-09-06_193227.json,2026-09-06,,,,,,,,1313.0,0.0,0.0,,,,,,,,,,,,,,,,,,41.0,,,,False,,2026-09-06 18:55:49-07:00,0.7,False,37,2026-09-06 18:55:49-07:00,42.0,1,-23.225806451612897,2026-09-06,False,False,44.0,False,2026-09-06,65.0,False,2026-09-06,56.0,False,2026-09-06,55.0,43.0,47,1.2790697674418605,2
2860,64,2026-09-06 18:57:25-07:00,2026-09-06,18:57:25,drive_thru,car,CAR 1314  (+0:54),,4,In_n_Out_log_2026-09-06_193227.json,2026-09-06,,,,,,,,1314.0,0.0,0.0,,,,,,,,,,,,,,,,,,54.0,,,,False,,2026-09-06 18:56:31-07:00,0.9,False,37,2026-09-06 18:56:31-07:00,54.0,1,-11.225806451612897,2026-09-06,False,False,42.0,False,2026-09-06,44.0,False,2026-09-06,65.0,False,2026-09-06,50.333333333333336,43.0,47,1.1705426356589148,1
2861,64,2026-09-06 18:57:52-07:00,2026-09-06,18:57:52,drive_thru,car,CAR 1315  (+0:28),,4,In_n_Out_log_2026-09-06_193227.json,2026-09-06,,,,,,,,1315.0,0.0,0.0,,,,,,,,,,,,,,,,,,28.0,,,,False,,2026-09-06 18:57:25-07:00,0.45,False,37,2026-09-06 18:57:25-07:00,27.0,1,-38.2258064516129,2026-09-06,False,False,54.0,False,2026-09-06,42.0,False,2026-09-06,44.0,False,2026-09-06,46.666666666666664,43.0,47,1.0852713178294573,1
2862,64,2026-09-06 18:58:23-07:00,2026-09-06,18:58:23,drive_thru,car,CAR 1316  (+0:31),,4,In_n_Out_log_2026-09-06_193227.json,2026-09-06,,,,,,,,1316.0,0.0,0.0,,,,,,,,,,,,,,,,,,31.0,,,,False,,2026-09-06 18:57:52-07:00,0.5166666666666667,False,37,2026-09-06 18:57:52-07:00,31.0,1,-34.2258064516129,2026-09-06,False,False,27.0,False,2026-09-06,54.0,False,2026-09-06,42.0,False,2026-09-06,41.0,43.0,47,0.9534883720930233,1
2864,64,2026-09-06 18:59:06-07:00,2026-09-06,18:59:06,drive_thru,car,CAR 1317  (+0:43),,4,In_n_Out_log_2026-09-06_193227.json,2026-09-06,,,,,,,,1317.0,0.0,0.0,,,,,,,,,,,,,,,,,,43.0,,,,False,,2026-09-06 18:58:23-07:00,0.7166666666666667,False,37,2026-09-06 18:58:23-07:00,43.0,1,-22.225806451612897,2026-09-06,False,False,31.0,False,2026-09-06,27.0,False,2026-09-06,54.0,False,2026-09-06,37.333333333333336,43.0,47,0.868217054263566,0
2868,64,2026-09-06 19:00:04-07:00,2026-09-06,19:00:04,drive_thru,car,CAR 1319  (+0:57),,4,In_n_Out_log_2026-09-06_193227.json,2026-09-06,,,,,,,,1319.0,0.0,0.0,,,,,,,,,,,,,,,,,,57.0,,,,False,,2026-09-06 18:59:06-07:00,0.9666666666666667,False,37,2026-09-06 18:59:06-07:00,58.0,1,-7.225806451612897,2026-09-06,False,False,43.0,False,2026-09-06,31.0,False,2026-09-06,27.0,False,2026-09-06,33.666666666666664,43.0,47,0.7829457364341085,0
2869,64,2026-09-06 19:00:28-07:00,2026-09-06,19:00:28,drive_thru,car,CAR 1320  (+0:24),,4,In_n_Out_log_2026-09-06_193227.json,2026-09-06,,,,,,,,1320.0,0.0,0.0,,,,,,,,,,,,,,,,,,24.0,,,,False,,2026-09-06 19:00:04-07:00,0.4,False,37,2026-09-06 19:00:04-07:00,24.0,1,-41.2258064516129,2026-09-06,False,False,58.0,False,2026-09-06,43.0,False,2026-09-06,31.0,False,2026-09-06,44.0,43.0,47,1.0232558139534884,1
2871,64,2026-09-06 19:01:29-07:00,2026-09-06,19:01:29,drive_thru,car,CAR 1321  (+1:01),,4,In_n_Out_log_2026-09-06_193227.json,2026-09-06,,,,,,,,1321.0,0.0,0.0,,,,,,,,,,,,,,,,,,61.0,,,,False,,2026-09-06 19:00:28-07:00,1.0166666666666666,False,37,2026-09-06 19:00:28-07:00,61.0,1,-4.225806451612897,2026-09-06,False,False,24.0,False,2026-09-06,58.0,False,2026-09-06,43.0,False,2026-09-06,41.666666666666664,43.0,47,0.9689922480620154,1
2875,64,2026-09-06 19:02:38-07:00,2026-09-06,19:02:38,drive_thru,car,CAR 1322  (+1:09),,4,In_n_Out_log_2026-09-06_193227.json,2026-09-06,,,,,,,,1322.0,0.0,0.0,,,,,,,,,,,,,,,,,,69.0,,,,False,,2026-09-06 19:01:29-07:00,1.15,False,37,2026-09-06 19:01:29-07:00,69.0,1,3.774193548387103,2026-09-06,True,True,61.0,False,2026-09-06,24.0,False,2026-09-06,58.0,False,2026-09-06,47.666666666666664,43.0,47,1.1085271317829457,1
2888,64,2026-09-06 19:09:13-07:00,2026-09-06,19:09:13,drive_thru,car,CAR 1327  (+1:47),,4,In_n_Out_log_2026-09-06_193227.json,2026-09-06,,,,,,,,1327.0,0.0,0.0,,,,,,,,,,,,,,,,,,107.0,,,,False,,2026-09-06 19:07:26-07:00,1.7833333333333334,False,37,2026-09-06 19:07:26-07:00,107.0,1,41.7741935483871,2026-09-06,True,True,73.0,False,2026-09-06,36.0,False,2026-09-06,40.0,False,2026-09-06,49.666666666666664,43.0,47,1.1550387596899225,1
2894,64,2026-09-06 19:11:45-07:00,2026-09-06,19:11:45,drive_thru,car,CAR 1331  (+0:48),,4,In_n_Out_log_2026-09-06_193227.json,2026-09-06,,,,,,,,1331.0,0.0,0.0,,,,,,,,,,,,,,,,,,48.0,,,,False,,2026-09-06 19:10:58-07:00,0.7833333333333333,False,37,2026-09-06 19:10:58-07:00,47.0,1,-18.225806451612897,2026-09-06,False,False,26.0,False,2026-09-06,37.0,False,2026-09-06,42.0,False,2026-09-06,35.0,43.0,47,0.813953488372093,0
2898,64,2026-09-06 19:12:42-07:00,2026-09-06,19:12:42,drive_thru,car,CAR 1332  (+0:57),,4,In_n_Out_log_2026-09-06_193227.json,2026-09-06,,,,,,,,1332.0,0.0,0.0,,,,,,,,,,,,,,,,,,57.0,,,,False,,2026-09-06 19:11:45-07:00,0.95,False,37,2026-09-06 19:11:45-07:00,57.0,1,-8.225806451612897,2026-09-06,True,True,47.0,False,2026-09-06,26.0,False,2026-09-06,37.0,False,2026-09-06,36.666666666666664,43.0,47,0.8527131782945736,0
2919,64,2026-09-06 19:21:14-07:00,2026-09-06,19:21:14,drive_thru,car,CAR 1340  (+0:29),,4,In_n_Out_log_2026-09-06_193227.json,2026-09-06,,,,,,,,1340.0,0.0,0.0,,,,,,,,,,,,,,,,,,29.0,,,,False,,2026-09-06 19:20:45-07:00,0.48333333333333334,False,37,2026-09-06 19:20:45-07:00,29.0,1,-36.2258064516129,2026-09-06,False,False,150.0,False,2026-09-06,54.0,False,2026-09-06,17.0,False,2026-09-06,73.66666666666667,43.0,47,1.7131782945736436,3
2922,64,2026-09-06 19:21:51-07:00,2026-09-06,19:21:51,drive_thru,car,CAR 1341  (+0:37),,4,In_n_Out_log_2026-09-06_193227.json,2026-09-06,,,,,,,,1341.0,0.0,0.0,,,,,,,,,,,,,,,,,,37.0,,,,False,,2026-09-06 19:21:14-07:00,0.6166666666666667,False,37,2026-09-06 19:21:14-07:00,37.0,1,-28.225806451612897,2026-09-06,False,False,29.0,False,2026-09-06,150.0,False,2026-09-06,54.0,False,2026-09-06,77.66666666666667,43.0,47,1.806201550387597,3
2927,64,2026-09-06 19:23:24-07:00,2026-09-06,19:23:24,drive_thru,car,CAR 1342  (+1:32),,4,In_n_Out_log_2026-09-06_193227.json,2026-09-06,,,,,,,,1342.0,0.0,0.0,,,,,,,,,,,,,,,,,,92.0,,,,False,,2026-09-06 19:21:51-07:00,1.55,False,37,2026-09-06 19:21:51-07:00,93.0,1,27.774193548387103,2026-09-06,False,False,37.0,False,2026-09-06,29.0,False,2026-09-06,150.0,False,2026-09-06,72.0,43.0,47,1.6744186046511629,3
2928,64,2026-09-06 19:23:49-07:00,2026-09-06,19:23:49,drive_thru,car,CAR 1343  (+0:26),,4,In_n_Out_log_2026-09-06_193227.json,2026-09-06,,,,,,,,1343.0,0.0,0.0,,,,,,,,,,,,,,,,,,26.0,,,,False,,2026-09-06 19:23:24-07:00,0.4166666666666667,False,37,2026-09-06 19:23:24-07:00,25.0,1,-40.2258064516129,2026-09-06,False,False,93.0,False,2026-09-06,37.0,False,2026-09-06,29.0,False,2026-09-06,53.0,43.0,47,1.2325581395348837,2
2933,64,2026-09-06 19:24:37-07:00,2026-09-06,19:24:37,drive_thru,car,CAR 1344  (+0:48),,4,In_n_Out_log_2026-09-06_193227.json,2026-09-06,,,,,,,,1344.0,0.0,0.0,,,,,,,,,,,,,,,,,,48.0,,,,False,,2026-09-06 19:23:49-07:00,0.8,False,37,2026-09-06 19:23:49-07:00,48.0,1,-17.225806451612897,2026-09-06,False,False,25.0,False,2026-09-06,93.0,False,2026-09-06,37.0,False,2026-09-06,51.666666666666664,43.0,47,1.2015503875968991,2
2946,64,2026-09-06 19:30:03-07:00,2026-09-06,19:30:03,drive_thru,car,CAR 1345  (+5:26),,4,In_n_Out_log_2026-09-06_193227.json,2026-09-06,,,,,,,,1345.0,0.0,0.0,,,,,,,,,,,,,,,,,,326.0,,,,False,,2026-09-06 19:24:37-07:00,5.433333333333334,False,37,2026-09-06 19:24:37-07:00,326.0,1,260.7741935483871,2026-09-06,True,True,48.0,False,2026-09-06,25.0,False,2026-09-06,93.0,False,2026-09-06,55.333333333333336,43.0,47,1.2868217054263567,2
