seq,run_id,timestamp,date,time,mode,kind,text,run_mode,source_row,source_file,source_date,numbers,repeats,counted,simultaneous,unannounced,is_repeat,duration_sec,car_number,bags,boxes,table_number,burgers,fries,animal_fries,drinks,items,est_low,est_high,source,small,medium,large,xlarge,n,tracked_car,cars_ahead,cars_behind,gap_sec,tagged_at,wait_sec,auto_ended,exclude_manual,exclusion_reason,previous_timestamp,gap_minutes,new_segment,segment_id,previous_completion,completion_gap_seconds,has_pause_marker
4,1,2026-08-18 11:35:58-07:00,2026-08-18,11:35:58,drive_thru,car,CAR 2,,1,innout-log-2026-08-18.txt (saved 11:58:12),2026-08-18,,,,,,,,2.0,,,,,,,,,,,,,,,,,,,,,,,,False,,2026-08-18 11:35:43-07:00,0.25,False,2,2026-08-18 11:35:43-07:00,15.0,False
5,1,2026-08-18 11:36:20-07:00,2026-08-18,11:36:20,drive_thru,car,CAR 3,,1,innout-log-2026-08-18.txt (saved 11:58:12),2026-08-18,,,,,,,,3.0,,,,,,,,,,,,,,,,,,,,,,,,False,,2026-08-18 11:35:58-07:00,0.36666666666666664,False,2,2026-08-18 11:35:58-07:00,22.0,False
8,1,2026-08-18 11:37:40-07:00,2026-08-18,11:37:40,drive_thru,car,CAR 4,,1,innout-log-2026-08-18.txt (saved 11:58:12),2026-08-18,,,,,,,,4.0,,,,,,,,,,,,,,,,,,,,,,,,False,,2026-08-18 11:36:20-07:00,1.3333333333333333,False,2,2026-08-18 11:36:20-07:00,80.0,True
11,1,2026-08-18 11:38:16-07:00,2026-08-18,11:38:16,drive_thru,car,CAR 5,,1,innout-log-2026-08-18.txt (saved 11:58:12),2026-08-18,,,,,,,,5.0,,,,,,,,,,,,,,,,,,,,,,,,False,,2026-08-18 11:37:40-07:00,0.6,False,2,2026-08-18 11:37:40-07:00,36.0,False
12,1,2026-08-18 11:38:40-07:00,2026-08-18,11:38:40,drive_thru,car,CAR 6,,1,innout-log-2026-08-18.txt (saved 11:58:12),2026-08-18,,,,,,,,6.0,,,,,,,,,,,,,,,,,,,,,,,,False,,2026-08-18 11:38:16-07:00,0.4,False,2,2026-08-18 11:38:16-07:00,24.0,False
16,1,2026-08-18 11:40:17-07:00,2026-08-18,11:40:17,drive_thru,car,CAR 7,,1,innout-log-2026-08-18.txt (saved 11:58:12),2026-08-18,,,,,,,,7.0,,,,,,,,,,,,,,,,,,,,,,,,False,,2026-08-18 11:38:40-07:00,1.6166666666666667,False,2,2026-08-18 11:38:40-07:00,97.0,True
17,1,2026-08-18 11:41:28-07:00,2026-08-18,11:41:28,drive_thru,car,CAR 8,,1,innout-log-2026-08-18.txt (saved 11:58:12),2026-08-18,,,,,,,,8.0,,,,,,,,,,,,,,,,,,,,,,,,False,,2026-08-18 11:40:17-07:00,1.1833333333333333,False,2,2026-08-18 11:40:17-07:00,71.0,False
18,1,2026-08-18 11:42:23-07:00,2026-08-18,11:42:23,drive_thru,car,CAR 9,,1,innout-log-2026-08-18.txt (saved 11:58:12),2026-08-18,,,,,,,,9.0,,,,,,,,,,,,,,,,,,,,,,,,False,,2026-08-18 11:41:28-07:00,0.9166666666666666,False,2,2026-08-18 11:41:28-07:00,55.0,False
20,1,2026-08-18 11:43:13-07:00,2026-08-18,11:43:13,drive_thru,car,CAR 10,,1,innout-log-2026-08-18.txt (saved 11:58:12),2026-08-18,,,,,,,,10.0,,,,,,,,,,,,,,,,,,,,,,,,False,,2026-08-18 11:42:23-07:00,0.8333333333333334,False,2,2026-08-18 11:42:23-07:00,50.0,False
24,1,2026-08-18 11:46:17-07:00,2026-08-18,11:46:17,drive_thru,car,CAR 11,,1,innout-log-2026-08-18.txt (saved 11:58:12),2026-08-18,,,,,,,,11.0,,,,,,,,,,,,,,,,,,,,,,,,False,,2026-08-18 11:43:13-07:00,3.066666666666667,False,2,2026-08-18 11:43:13-07:00,184.0,True
4,1,2026-08-18 19:05:12-07:00,2026-08-18,19:05:12,drive_thru,car,CAR 2,,2,innout-log-2026-08-18.txt (saved 19:51:33),2026-08-18,,,,,,,,2.0,,,,,,,,,,,,,,,,,,,,,,,,False,,2026-08-18 19:04:09-07:00,1.05,False,3,2026-08-18 19:04:09-07:00,63.0,False
6,1,2026-08-18 19:06:00-07:00,2026-08-18,19:06:00,drive_thru,car,CAR 3,,2,innout-log-2026-08-18.txt (saved 19:51:33),2026-08-18,,,,,,,,3.0,,,,,,,,,,,,,,,,,,,,,,,,False,,2026-08-18 19:05:12-07:00,0.8,False,3,2026-08-18 19:05:12-07:00,48.0,False
7,1,2026-08-18 19:06:31-07:00,2026-08-18,19:06:31,drive_thru,car,CAR 4,,2,innout-log-2026-08-18.txt (saved 19:51:33),2026-08-18,,,,,,,,4.0,,,,,,,,,,,,,,,,,,,,,,,,False,,2026-08-18 19:06:00-07:00,0.5166666666666667,False,3,2026-08-18 19:06:00-07:00,31.0,False
8,1,2026-08-18 19:06:51-07:00,2026-08-18,19:06:51,drive_thru,car,CAR 5,,2,innout-log-2026-08-18.txt (saved 19:51:33),2026-08-18,,,,,,,,5.0,,,,,,,,,,,,,,,,,,,,,,,,False,,2026-08-18 19:06:31-07:00,0.3333333333333333,False,3,2026-08-18 19:06:31-07:00,20.0,False
11,1,2026-08-18 19:08:43-07:00,2026-08-18,19:08:43,drive_thru,car,CAR 6,,2,innout-log-2026-08-18.txt (saved 19:51:33),2026-08-18,,,,,,,,6.0,,,,,,,,,,,,,,,,,,,,,,,,False,,2026-08-18 19:06:51-07:00,1.8666666666666667,False,3,2026-08-18 19:06:51-07:00,112.0,True
12,1,2026-08-18 19:10:28-07:00,2026-08-18,19:10:28,drive_thru,car,CAR 7,,2,innout-log-2026-08-18.txt (saved 19:51:33),2026-08-18,,,,,,,,7.0,,,,,,,,,,,,,,,,,,,,,,,,False,,2026-08-18 19:08:43-07:00,1.75,False,3,2026-08-18 19:08:43-07:00,105.0,False
17,1,2026-08-18 19:11:25-07:00,2026-08-18,19:11:25,drive_thru,car,CAR 8,,2,innout-log-2026-08-18.txt (saved 19:51:33),2026-08-18,,,,,,,,8.0,,,,,,,,,,,,,,,,,,,,,,,,False,,2026-08-18 19:10:28-07:00,0.95,False,3,2026-08-18 19:10:28-07:00,57.0,True
19,1,2026-08-18 19:12:17-07:00,2026-08-18,19:12:17,drive_thru,car,CAR 9,,2,innout-log-2026-08-18.txt (saved 19:51:33),2026-08-18,,,,,,,,9.0,,,,,,,,,,,,,,,,,,,,,,,,False,,2026-08-18 19:11:25-07:00,0.8666666666666667,False,3,2026-08-18 19:11:25-07:00,52.0,False
20,1,2026-08-18 19:12:48-07:00,2026-08-18,19:12:48,drive_thru,car,CAR 10,,2,innout-log-2026-08-18.txt (saved 19:51:33),2026-08-18,,,,,,,,10.0,,,,,,,,,,,,,,,,,,,,,,,,False,,2026-08-18 19:12:17-07:00,0.5166666666666667,False,3,2026-08-18 19:12:17-07:00,31.0,False
21,1,2026-08-18 19:13:08-07:00,2026-08-18,19:13:08,drive_thru,car,CAR 11,,2,innout-log-2026-08-18.txt (saved 19:51:33),2026-08-18,,,,,,,,11.0,,,,,,,,,,,,,,,,,,,,,,,,False,,2026-08-18 19:12:48-07:00,0.3333333333333333,False,3,2026-08-18 19:12:48-07:00,20.0,False
24,1,2026-08-18 19:14:07-07:00,2026-08-18,19:14:07,drive_thru,car,CAR 12,,2,innout-log-2026-08-18.txt (saved 19:51:33),2026-08-18,,,,,,,,12.0,,,,,,,,,,,,,,,,,,,,,,,,False,,2026-08-18 19:13:08-07:00,0.9833333333333333,False,3,2026-08-18 19:13:08-07:00,59.0,True
25,1,2026-08-18 19:14:36-07:00,2026-08-18,19:14:36,drive_thru,car,CAR 13,,2,innout-log-2026-08-18.txt (saved 19:51:33),2026-08-18,,,,,,,,13.0,,,,,,,,,,,,,,,,,,,,,,,,False,,2026-08-18 19:14:07-07:00,0.48333333333333334,False,3,2026-08-18 19:14:07-07:00,29.0,False
28,1,2026-08-18 19:16:34-07:00,2026-08-18,19:16:34,drive_thru,car,CAR 14,,2,innout-log-2026-08-18.txt (saved 19:51:33),2026-08-18,,,,,,,,14.0,,,,,,,,,,,,,,,,,,,,,,,,False,,2026-08-18 19:14:36-07:00,1.9666666666666666,False,3,2026-08-18 19:14:36-07:00,118.0,False
29,1,2026-08-18 19:17:39-07:00,2026-08-18,19:17:39,drive_thru,car,CAR 15,,2,innout-log-2026-08-18.txt (saved 19:51:33),2026-08-18,,,,,,,,15.0,,,,,,,,,,,,,,,,,,,,,,,,False,,2026-08-18 19:16:34-07:00,1.0833333333333333,False,3,2026-08-18 19:16:34-07:00,65.0,False
44,3,2026-08-20 17:36:30-07:00,2026-08-20,17:36:30,drive_thru,car,CAR 12,,4,In_n_Out_log_2026-09-06_193227.json,2026-09-06,,,,,,,,12.0,0.0,0.0,,,,,,,,,,,,,,,,,,,,,,False,,2026-08-20 17:35:42-07:00,0.8,False,5,2026-08-20 17:35:42-07:00,48.0,False
46,3,2026-08-20 17:37:29-07:00,2026-08-20,17:37:29,drive_thru,car,CAR 13,,4,In_n_Out_log_2026-09-06_193227.json,2026-09-06,,,,,,,,13.0,0.0,0.0,,,,,,,,,,,,,,,,,,,,,,False,,2026-08-20 17:36:30-07:00,0.9833333333333333,False,5,2026-08-20 17:36:30-07:00,59.0,False
55,3,2026-08-20 17:43:24-07:00,2026-08-20,17:43:24,drive_thru,car,CAR 14 — BAGS 2 BOXES 2,,4,In_n_Out_log_2026-09-06_193227.json,2026-09-06,,,,,,,,14.0,2.0,2.0,,,,,,,,,,,,,,,,,,,,,,False,,2026-08-20 17:37:29-07:00,5.916666666666667,False,5,2026-08-20 17:37:29-07:00,355.0,True
170,9,2026-08-21 13:57:44-07:00,2026-08-21,13:57:44,drive_thru,car,CAR 37  (+0:50),,4,In_n_Out_log_2026-09-06_193227.json,2026-09-06,,,,,,,,37.0,0.0,0.0,,,,,,,,,,,,,,,,,,50.0,,,,False,,2026-08-21 13:56:53-07:00,0.85,False,8,2026-08-21 13:56:53-07:00,51.0,False
172,9,2026-08-21 13:59:23-07:00,2026-08-21,13:59:23,drive_thru,car,CAR 38  (+1:39),,4,In_n_Out_log_2026-09-06_193227.json,2026-09-06,,,,,,,,38.0,0.0,0.0,,,,,,,,,,,,,,,,,,99.0,,,,False,,2026-08-21 13:57:44-07:00,1.65,False,8,2026-08-21 13:57:44-07:00,99.0,False
174,9,2026-08-21 14:00:43-07:00,2026-08-21,14:00:43,drive_thru,car,CAR 39  (+1:20),,4,In_n_Out_log_2026-09-06_193227.json,2026-09-06,,,,,,,,39.0,0.0,0.0,,,,,,,,,,,,,,,,,,80.0,,,,False,,2026-08-21 13:59:23-07:00,1.3333333333333333,False,8,2026-08-21 13:59:23-07:00,80.0,False
175,9,2026-08-21 14:01:53-07:00,2026-08-21,14:01:53,drive_thru,car,CAR 40  (+1:10),,4,In_n_Out_log_2026-09-06_193227.json,2026-09-06,,,,,,,,40.0,0.0,0.0,,,,,,,,,,,,,,,,,,70.0,,,,False,,2026-08-21 14:00:43-07:00,1.1666666666666667,False,8,2026-08-21 14:00:43-07:00,70.0,False
176,9,2026-08-21 14:02:44-07:00,2026-08-21,14:02:44,drive_thru,car,CAR 41  (+0:50),,4,In_n_Out_log_2026-09-06_193227.json,2026-09-06,,,,,,,,41.0,0.0,0.0,,,,,,,,,,,,,,,,,,50.0,,,,False,,2026-08-21 14:01:53-07:00,0.85,False,8,2026-08-21 14:01:53-07:00,51.0,False
177,9,2026-08-21 14:03:35-07:00,2026-08-21,14:03:35,drive_thru,car,CAR 42  (+0:51),,4,In_n_Out_log_2026-09-06_193227.json,2026-09-06,,,,,,,,42.0,0.0,0.0,,,,,,,,,,,,,,,,,,51.0,,,,False,,2026-08-21 14:02:44-07:00,0.85,False,8,2026-08-21 14:02:44-07:00,51.0,False
178,9,2026-08-21 14:04:17-07:00,2026-08-21,14:04:17,drive_thru,car,CAR 43  (+0:43),,4,In_n_Out_log_2026-09-06_193227.json,2026-09-06,,,,,,,,43.0,0.0,0.0,,,,,,,,,,,,,,,,,,43.0,,,,False,,2026-08-21 14:03:35-07:00,0.7,False,8,2026-08-21 14:03:35-07:00,42.0,False
181,9,2026-08-21 14:05:07-07:00,2026-08-21,14:05:07,drive_thru,car,CAR 44  (+0:49),,4,In_n_Out_log_2026-09-06_193227.json,2026-09-06,,,,,,,,44.0,0.0,0.0,,,,,,,,,,,,,,,,,,49.0,,,,False,,2026-08-21 14:04:17-07:00,0.8333333333333334,False,8,2026-08-21 14:04:17-07:00,50.0,True
182,9,2026-08-21 14:05:30-07:00,2026-08-21,14:05:30,drive_thru,car,CAR 45  (+0:24),,4,In_n_Out_log_2026-09-06_193227.json,2026-09-06,,,,,,,,45.0,0.0,0.0,,,,,,,,,,,,,,,,,,24.0,,,,False,,2026-08-21 14:05:07-07:00,0.38333333333333336,False,8,2026-08-21 14:05:07-07:00,23.0,False
183,9,2026-08-21 14:06:57-07:00,2026-08-21,14:06:57,drive_thru,car,CAR 46  (+1:26),,4,In_n_Out_log_2026-09-06_193227.json,2026-09-06,,,,,,,,46.0,0.0,0.0,,,,,,,,,,,,,,,,,,86.0,,,,False,,2026-08-21 14:05:30-07:00,1.45,False,8,2026-08-21 14:05:30-07:00,87.0,False
184,9,2026-08-21 14:08:25-07:00,2026-08-21,14:08:25,drive_thru,car,CAR 47  (+1:28),,4,In_n_Out_log_2026-09-06_193227.json,2026-09-06,,,,,,,,47.0,0.0,0.0,,,,,,,,,,,,,,,,,,88.0,,,,False,,2026-08-21 14:06:57-07:00,1.4666666666666666,False,8,2026-08-21 14:06:57-07:00,88.0,False
186,9,2026-08-21 14:09:53-07:00,2026-08-21,14:09:53,drive_thru,car,CAR 48  (+1:28),,4,In_n_Out_log_2026-09-06_193227.json,2026-09-06,,,,,,,,48.0,0.0,0.0,,,,,,,,,,,,,,,,,,88.0,,,,False,,2026-08-21 14:08:25-07:00,1.4666666666666666,False,8,2026-08-21 14:08:25-07:00,88.0,False
187,9,2026-08-21 14:10:40-07:00,2026-08-21,14:10:40,drive_thru,car,CAR 49  (+0:47),,4,In_n_Out_log_2026-09-06_193227.json,2026-09-06,,,,,,,,49.0,0.0,0.0,,,,,,,,,,,,,,,,,,47.0,,,,False,,2026-08-21 14:09:53-07:00,0.7833333333333333,False,8,2026-08-21 14:09:53-07:00,47.0,False
191,9,2026-08-21 14:11:41-07:00,2026-08-21,14:11:41,drive_thru,car,CAR 50  (+1:01),,4,In_n_Out_log_2026-09-06_193227.json,2026-09-06,,,,,,,,50.0,0.0,0.0,,,,,,,,,,,,,,,,,,61.0,,,,False,,2026-08-21 14:10:40-07:00,1.0166666666666666,False,8,2026-08-21 14:10:40-07:00,61.0,False
192,9,2026-08-21 14:12:44-07:00,2026-08-21,14:12:44,drive_thru,car,CAR 51  (+1:03),,4,In_n_Out_log_2026-09-06_193227.json,2026-09-06,,,,,,,,51.0,0.0,0.0,,,,,,,,,,,,,,,,,,63.0,,,,False,,2026-08-21 14:11:41-07:00,1.05,False,8,2026-08-21 14:11:41-07:00,63.0,False
193,9,2026-08-21 14:13:45-07:00,2026-08-21,14:13:45,drive_thru,car,CAR 52  (+1:01),,4,In_n_Out_log_2026-09-06_193227.json,2026-09-06,,,,,,,,52.0,0.0,0.0,,,,,,,,,,,,,,,,,,61.0,,,,False,,2026-08-21 14:12:44-07:00,1.0166666666666666,False,8,2026-08-21 14:12:44-07:00,61.0,False
194,9,2026-08-21 14:14:32-07:00,2026-08-21,14:14:32,drive_thru,car,CAR 53  (+0:47),,4,In_n_Out_log_2026-09-06_193227.json,2026-09-06,,,,,,,,53.0,0.0,0.0,,,,,,,,,,,,,,,,,,47.0,,,,False,,2026-08-21 14:13:45-07:00,0.7833333333333333,False,8,2026-08-21 14:13:45-07:00,47.0,False
195,9,2026-08-21 14:16:39-07:00,2026-08-21,14:16:39,drive_thru,car,CAR 54  (+2:06),,4,In_n_Out_log_2026-09-06_193227.json,2026-09-06,,,,,,,,54.0,0.0,0.0,,,,,,,,,,,,,,,,,,126.0,,,,False,,2026-08-21 14:14:32-07:00,2.1166666666666667,False,8,2026-08-21 14:14:32-07:00,127.0,False
197,9,2026-08-21 14:18:02-07:00,2026-08-21,14:18:02,drive_thru,car,CAR 55  (+1:23),,4,In_n_Out_log_2026-09-06_193227.json,2026-09-06,,,,,,,,55.0,0.0,0.0,,,,,,,,,,,,,,,,,,83.0,,,,False,,2026-08-21 14:16:39-07:00,1.3833333333333333,False,8,2026-08-21 14:16:39-07:00,83.0,False
199,9,2026-08-21 14:21:33-07:00,2026-08-21,14:21:33,drive_thru,car,CAR 56  (+3:31),,4,In_n_Out_log_2026-09-06_193227.json,2026-09-06,,,,,,,,56.0,0.0,0.0,,,,,,,,,,,,,,,,,,211.0,,,,False,,2026-08-21 14:18:02-07:00,3.5166666666666666,False,8,2026-08-21 14:18:02-07:00,211.0,False
201,9,2026-08-21 14:22:45-07:00,2026-08-21,14:22:45,drive_thru,car,CAR 57  (+1:12),,4,In_n_Out_log_2026-09-06_193227.json,2026-09-06,,,,,,,,57.0,0.0,0.0,,,,,,,,,,,,,,,,,,72.0,,,,False,,2026-08-21 14:21:33-07:00,1.2,False,8,2026-08-21 14:21:33-07:00,72.0,False
202,9,2026-08-21 14:24:52-07:00,2026-08-21,14:24:52,drive_thru,car,CAR 58  (+2:07),,4,In_n_Out_log_2026-09-06_193227.json,2026-09-06,,,,,,,,58.0,0.0,0.0,,,,,,,,,,,,,,,,,,127.0,,,,False,,2026-08-21 14:22:45-07:00,2.1166666666666667,False,8,2026-08-21 14:22:45-07:00,127.0,False
204,9,2026-08-21 14:25:30-07:00,2026-08-21,14:25:30,drive_thru,car,CAR 59  (+0:39),,4,In_n_Out_log_2026-09-06_193227.json,2026-09-06,,,,,,,,59.0,0.0,0.0,,,,,,,,,,,,,,,,,,39.0,,,,False,,2026-08-21 14:24:52-07:00,0.6333333333333333,False,8,2026-08-21 14:24:52-07:00,38.0,False
205,9,2026-08-21 14:27:11-07:00,2026-08-21,14:27:11,drive_thru,car,CAR 60  (+1:40),,4,In_n_Out_log_2026-09-06_193227.json,2026-09-06,,,,,,,,60.0,0.0,0.0,,,,,,,,,,,,,,,,,,100.0,,,,False,,2026-08-21 14:25:30-07:00,1.6833333333333333,False,8,2026-08-21 14:25:30-07:00,101.0,False
206,9,2026-08-21 14:29:25-07:00,2026-08-21,14:29:25,drive_thru,car,CAR 61  (+2:14),,4,In_n_Out_log_2026-09-06_193227.json,2026-09-06,,,,,,,,61.0,0.0,0.0,,,,,,,,,,,,,,,,,,134.0,,,,False,,2026-08-21 14:27:11-07:00,2.2333333333333334,False,8,2026-08-21 14:27:11-07:00,134.0,False
207,9,2026-08-21 14:30:36-07:00,2026-08-21,14:30:36,drive_thru,car,CAR 62  (+1:12),,4,In_n_Out_log_2026-09-06_193227.json,2026-09-06,,,,,,,,62.0,0.0,0.0,,,,,,,,,,,,,,,,,,72.0,,,,False,,2026-08-21 14:29:25-07:00,1.1833333333333333,False,8,2026-08-21 14:29:25-07:00,71.0,False
208,9,2026-08-21 14:32:27-07:00,2026-08-21,14:32:27,drive_thru,car,CAR 63  (+1:51),,4,In_n_Out_log_2026-09-06_193227.json,2026-09-06,,,,,,,,63.0,0.0,0.0,,,,,,,,,,,,,,,,,,111.0,,,,False,,2026-08-21 14:30:36-07:00,1.85,False,8,2026-08-21 14:30:36-07:00,111.0,False
209,9,2026-08-21 14:32:40-07:00,2026-08-21,14:32:40,drive_thru,car,CAR 64  (+0:13),,4,In_n_Out_log_2026-09-06_193227.json,2026-09-06,,,,,,,,64.0,0.0,0.0,,,,,,,,,,,,,,,,,,13.0,,,,False,,2026-08-21 14:32:27-07:00,0.21666666666666667,False,8,2026-08-21 14:32:27-07:00,13.0,False
212,9,2026-08-21 14:34:22-07:00,2026-08-21,14:34:22,drive_thru,car,CAR 65  (+1:42),,4,In_n_Out_log_2026-09-06_193227.json,2026-09-06,,,,,,,,65.0,0.0,0.0,,,,,,,,,,,,,,,,,,102.0,,,,False,,2026-08-21 14:32:40-07:00,1.7,False,8,2026-08-21 14:32:40-07:00,102.0,False
284,12,2026-08-21 19:53:56-07:00,2026-08-21,19:53:56,drive_thru,car,CAR 67  (+1:01),,4,In_n_Out_log_2026-09-06_193227.json,2026-09-06,,,,,,,,67.0,0.0,0.0,,,,,,,,,,,,,,,,,,61.0,,,,False,,2026-08-21 19:52:55-07:00,1.0166666666666666,False,9,2026-08-21 19:52:55-07:00,61.0,False
285,12,2026-08-21 19:54:31-07:00,2026-08-21,19:54:31,drive_thru,car,CAR 68  (+0:35),,4,In_n_Out_log_2026-09-06_193227.json,2026-09-06,,,,,,,,68.0,0.0,0.0,,,,,,,,,,,,,,,,,,35.0,,,,False,,2026-08-21 19:53:56-07:00,0.5833333333333334,False,9,2026-08-21 19:53:56-07:00,35.0,False
286,12,2026-08-21 19:55:04-07:00,2026-08-21,19:55:04,drive_thru,car,CAR 69  (+0:33),,4,In_n_Out_log_2026-09-06_193227.json,2026-09-06,,,,,,,,69.0,0.0,0.0,,,,,,,,,,,,,,,,,,33.0,,,,False,,2026-08-21 19:54:31-07:00,0.55,False,9,2026-08-21 19:54:31-07:00,33.0,False
289,12,2026-08-21 19:57:17-07:00,2026-08-21,19:57:17,drive_thru,car,CAR 70  (+2:13),,4,In_n_Out_log_2026-09-06_193227.json,2026-09-06,,,,,,,,70.0,0.0,0.0,,,,,,,,,,,,,,,,,,133.0,,,,False,,2026-08-21 19:55:04-07:00,2.216666666666667,False,9,2026-08-21 19:55:04-07:00,133.0,True
292,12,2026-08-21 19:57:48-07:00,2026-08-21,19:57:48,drive_thru,car,CAR 71  (+0:31),,4,In_n_Out_log_2026-09-06_193227.json,2026-09-06,,,,,,,,71.0,0.0,0.0,,,,,,,,,,,,,,,,,,31.0,,,,False,,2026-08-21 19:57:17-07:00,0.5166666666666667,False,9,2026-08-21 19:57:17-07:00,31.0,False
293,12,2026-08-21 19:58:21-07:00,2026-08-21,19:58:21,drive_thru,car,CAR 72  (+0:33),,4,In_n_Out_log_2026-09-06_193227.json,2026-09-06,,,,,,,,72.0,0.0,0.0,,,,,,,,,,,,,,,,,,33.0,,,,False,,2026-08-21 19:57:48-07:00,0.55,False,9,2026-08-21 19:57:48-07:00,33.0,False
295,12,2026-08-21 19:58:39-07:00,2026-08-21,19:58:39,drive_thru,car,CAR 73  (+0:19),,4,In_n_Out_log_2026-09-06_193227.json,2026-09-06,,,,,,,,73.0,0.0,0.0,,,,,,,,,,,,,,,,,,19.0,,,,False,,2026-08-21 19:58:21-07:00,0.3,False,9,2026-08-21 19:58:21-07:00,18.0,False
296,12,2026-08-21 19:59:02-07:00,2026-08-21,19:59:02,drive_thru,car,CAR 74  (+0:22),,4,In_n_Out_log_2026-09-06_193227.json,2026-09-06,,,,,,,,74.0,0.0,0.0,,,,,,,,,,,,,,,,,,22.0,,,,False,,2026-08-21 19:58:39-07:00,0.38333333333333336,False,9,2026-08-21 19:58:39-07:00,23.0,False
299,12,2026-08-21 20:00:17-07:00,2026-08-21,20:00:17,drive_thru,car,CAR 75  (+1:15),,4,In_n_Out_log_2026-09-06_193227.json,2026-09-06,,,,,,,,75.0,0.0,0.0,,,,,,,,,,,,,,,,,,75.0,,,,False,,2026-08-21 19:59:02-07:00,1.25,False,9,2026-08-21 19:59:02-07:00,75.0,True
302,12,2026-08-21 20:01:21-07:00,2026-08-21,20:01:21,drive_thru,car,CAR 76  (+1:04),,4,In_n_Out_log_2026-09-06_193227.json,2026-09-06,,,,,,,,76.0,0.0,0.0,,,,,,,,,,,,,,,,,,64.0,,,,False,,2026-08-21 20:00:17-07:00,1.0666666666666667,False,9,2026-08-21 20:00:17-07:00,64.0,True
303,12,2026-08-21 20:01:52-07:00,2026-08-21,20:01:52,drive_thru,car,CAR 77  (+0:31),,4,In_n_Out_log_2026-09-06_193227.json,2026-09-06,,,,,,,,77.0,0.0,0.0,,,,,,,,,,,,,,,,,,31.0,,,,False,,2026-08-21 20:01:21-07:00,0.5166666666666667,False,9,2026-08-21 20:01:21-07:00,31.0,False
304,12,2026-08-21 20:02:25-07:00,2026-08-21,20:02:25,drive_thru,car,CAR 78  (+0:33),,4,In_n_Out_log_2026-09-06_193227.json,2026-09-06,,,,,,,,78.0,0.0,0.0,,,,,,,,,,,,,,,,,,33.0,,,,False,,2026-08-21 20:01:52-07:00,0.55,False,9,2026-08-21 20:01:52-07:00,33.0,False
305,12,2026-08-21 20:02:51-07:00,2026-08-21,20:02:51,drive_thru,car,CAR 79  (+0:25),,4,In_n_Out_log_2026-09-06_193227.json,2026-09-06,,,,,,,,79.0,0.0,0.0,,,,,,,,,,,,,,,,,,25.0,,,,False,,2026-08-21 20:02:25-07:00,0.43333333333333335,False,9,2026-08-21 20:02:25-07:00,26.0,False
309,12,2026-08-21 20:04:36-07:00,2026-08-21,20:04:36,drive_thru,car,CAR 80  (+1:46),,4,In_n_Out_log_2026-09-06_193227.json,2026-09-06,,,,,,,,80.0,0.0,0.0,,,,,,,,,,,,,,,,,,106.0,,,,False,,2026-08-21 20:02:51-07:00,1.75,False,9,2026-08-21 20:02:51-07:00,105.0,True
310,12,2026-08-21 20:05:00-07:00,2026-08-21,20:05:00,drive_thru,car,CAR 81  (+0:23),,4,In_n_Out_log_2026-09-06_193227.json,2026-09-06,,,,,,,,81.0,0.0,0.0,,,,,,,,,,,,,,,,,,23.0,,,,False,,2026-08-21 20:04:36-07:00,0.4,False,9,2026-08-21 20:04:36-07:00,24.0,False
312,12,2026-08-21 20:05:27-07:00,2026-08-21,20:05:27,drive_thru,car,CAR 82  (+0:28),,4,In_n_Out_log_2026-09-06_193227.json,2026-09-06,,,,,,,,82.0,0.0,0.0,,,,,,,,,,,,,,,,,,28.0,,,,False,,2026-08-21 20:05:00-07:00,0.45,False,9,2026-08-21 20:05:00-07:00,27.0,False
314,12,2026-08-21 20:05:43-07:00,2026-08-21,20:05:43,drive_thru,car,CAR 83  (+0:15),,4,In_n_Out_log_2026-09-06_193227.json,2026-09-06,,,,,,,,83.0,0.0,0.0,,,,,,,,,,,,,,,,,,15.0,,,,False,,2026-08-21 20:05:27-07:00,0.26666666666666666,False,9,2026-08-21 20:05:27-07:00,16.0,False
326,13,2026-08-21 23:12:18-07:00,2026-08-21,23:12:18,drive_thru,car,CAR 85  (+3:19),,4,In_n_Out_log_2026-09-06_193227.json,2026-09-06,,,,,,,,85.0,0.0,0.0,,,,,,,,,,,,,,,,,,199.0,,,,False,,2026-08-21 23:08:59-07:00,3.316666666666667,False,10,2026-08-21 23:08:59-07:00,199.0,False
327,13,2026-08-21 23:13:37-07:00,2026-08-21,23:13:37,drive_thru,car,CAR 86  (+1:19),,4,In_n_Out_log_2026-09-06_193227.json,2026-09-06,,,,,,,,86.0,0.0,0.0,,,,,,,,,,,,,,,,,,79.0,,,,False,,2026-08-21 23:12:18-07:00,1.3166666666666667,False,10,2026-08-21 23:12:18-07:00,79.0,False
328,13,2026-08-21 23:15:04-07:00,2026-08-21,23:15:04,drive_thru,car,CAR 87  (+1:27),,4,In_n_Out_log_2026-09-06_193227.json,2026-09-06,,,,,,,,87.0,0.0,0.0,,,,,,,,,,,,,,,,,,87.0,,,,False,,2026-08-21 23:13:37-07:00,1.45,False,10,2026-08-21 23:13:37-07:00,87.0,False
329,13,2026-08-21 23:16:25-07:00,2026-08-21,23:16:25,drive_thru,car,CAR 88  (+1:21),,4,In_n_Out_log_2026-09-06_193227.json,2026-09-06,,,,,,,,88.0,0.0,0.0,,,,,,,,,,,,,,,,,,81.0,,,,False,,2026-08-21 23:15:04-07:00,1.35,False,10,2026-08-21 23:15:04-07:00,81.0,False
330,13,2026-08-21 23:17:14-07:00,2026-08-21,23:17:14,drive_thru,car,CAR 89  (+0:49),,4,In_n_Out_log_2026-09-06_193227.json,2026-09-06,,,,,,,,89.0,0.0,0.0,,,,,,,,,,,,,,,,,,49.0,,,,False,,2026-08-21 23:16:25-07:00,0.8166666666666667,False,10,2026-08-21 23:16:25-07:00,49.0,False
331,13,2026-08-21 23:18:26-07:00,2026-08-21,23:18:26,drive_thru,car,CAR 90  (+1:12),,4,In_n_Out_log_2026-09-06_193227.json,2026-09-06,,,,,,,,90.0,0.0,0.0,,,,,,,,,,,,,,,,,,72.0,,,,False,,2026-08-21 23:17:14-07:00,1.2,False,10,2026-08-21 23:17:14-07:00,72.0,False
332,13,2026-08-21 23:19:45-07:00,2026-08-21,23:19:45,drive_thru,car,CAR 91  (+1:20),,4,In_n_Out_log_2026-09-06_193227.json,2026-09-06,,,,,,,,91.0,0.0,0.0,,,,,,,,,,,,,,,,,,80.0,,,,False,,2026-08-21 23:18:26-07:00,1.3166666666666667,False,10,2026-08-21 23:18:26-07:00,79.0,False
333,13,2026-08-21 23:21:33-07:00,2026-08-21,23:21:33,drive_thru,car,CAR 92  (+1:47),,4,In_n_Out_log_2026-09-06_193227.json,2026-09-06,,,,,,,,92.0,0.0,0.0,,,,,,,,,,,,,,,,,,107.0,,,,False,,2026-08-21 23:19:45-07:00,1.8,False,10,2026-08-21 23:19:45-07:00,108.0,False
334,13,2026-08-21 23:22:43-07:00,2026-08-21,23:22:43,drive_thru,car,CAR 93  (+1:10),,4,In_n_Out_log_2026-09-06_193227.json,2026-09-06,,,,,,,,93.0,0.0,0.0,,,,,,,,,,,,,,,,,,70.0,,,,False,,2026-08-21 23:21:33-07:00,1.1666666666666667,False,10,2026-08-21 23:21:33-07:00,70.0,False
335,13,2026-08-21 23:23:47-07:00,2026-08-21,23:23:47,drive_thru,car,CAR 94  (+1:04),,4,In_n_Out_log_2026-09-06_193227.json,2026-09-06,,,,,,,,94.0,0.0,0.0,,,,,,,,,,,,,,,,,,64.0,,,,False,,2026-08-21 23:22:43-07:00,1.0666666666666667,False,10,2026-08-21 23:22:43-07:00,64.0,False
337,13,2026-08-21 23:24:30-07:00,2026-08-21,23:24:30,drive_thru,car,CAR 95  (+0:43),,4,In_n_Out_log_2026-09-06_193227.json,2026-09-06,,,,,,,,95.0,0.0,0.0,,,,,,,,,,,,,,,,,,43.0,,,,False,,2026-08-21 23:23:47-07:00,0.7166666666666667,False,10,2026-08-21 23:23:47-07:00,43.0,False
338,13,2026-08-21 23:24:56-07:00,2026-08-21,23:24:56,drive_thru,car,CAR 96  (+0:26),,4,In_n_Out_log_2026-09-06_193227.json,2026-09-06,,,,,,,,96.0,0.0,0.0,,,,,,,,,,,,,,,,,,26.0,,,,False,,2026-08-21 23:24:30-07:00,0.43333333333333335,False,10,2026-08-21 23:24:30-07:00,26.0,False
339,13,2026-08-21 23:25:29-07:00,2026-08-21,23:25:29,drive_thru,car,CAR 97  (+0:33),,4,In_n_Out_log_2026-09-06_193227.json,2026-09-06,,,,,,,,97.0,0.0,0.0,,,,,,,,,,,,,,,,,,33.0,,,,False,,2026-08-21 23:24:56-07:00,0.55,False,10,2026-08-21 23:24:56-07:00,33.0,False
340,13,2026-08-21 23:26:06-07:00,2026-08-21,23:26:06,drive_thru,car,CAR 98  (+0:37),,4,In_n_Out_log_2026-09-06_193227.json,2026-09-06,,,,,,,,98.0,0.0,0.0,,,,,,,,,,,,,,,,,,37.0,,,,False,,2026-08-21 23:25:29-07:00,0.6166666666666667,False,10,2026-08-21 23:25:29-07:00,37.0,False
342,13,2026-08-21 23:26:50-07:00,2026-08-21,23:26:50,drive_thru,car,CAR 99  (+0:43),,4,In_n_Out_log_2026-09-06_193227.json,2026-09-06,,,,,,,,99.0,0.0,0.0,,,,,,,,,,,,,,,,,,43.0,,,,False,,2026-08-21 23:26:06-07:00,0.7333333333333333,False,10,2026-08-21 23:26:06-07:00,44.0,False
345,13,2026-08-21 23:28:17-07:00,2026-08-21,23:28:17,drive_thru,car,CAR 100  (+1:28),,4,In_n_Out_log_2026-09-06_193227.json,2026-09-06,,,,,,,,100.0,0.0,0.0,,,,,,,,,,,,,,,,,,88.0,,,,False,,2026-08-21 23:26:50-07:00,1.45,False,10,2026-08-21 23:26:50-07:00,87.0,True
346,13,2026-08-21 23:28:41-07:00,2026-08-21,23:28:41,drive_thru,car,CAR 101  (+0:23),,4,In_n_Out_log_2026-09-06_193227.json,2026-09-06,,,,,,,,101.0,0.0,0.0,,,,,,,,,,,,,,,,,,23.0,,,,False,,2026-08-21 23:28:17-07:00,0.4,False,10,2026-08-21 23:28:17-07:00,24.0,False
347,13,2026-08-21 23:29:02-07:00,2026-08-21,23:29:02,drive_thru,car,CAR 102  (+0:22),,4,In_n_Out_log_2026-09-06_193227.json,2026-09-06,,,,,,,,102.0,0.0,0.0,,,,,,,,,,,,,,,,,,22.0,,,,False,,2026-08-21 23:28:41-07:00,0.35,False,10,2026-08-21 23:28:41-07:00,21.0,False
348,13,2026-08-21 23:29:34-07:00,2026-08-21,23:29:34,drive_thru,car,CAR 103  (+0:32),,4,In_n_Out_log_2026-09-06_193227.json,2026-09-06,,,,,,,,103.0,0.0,0.0,,,,,,,,,,,,,,,,,,32.0,,,,False,,2026-08-21 23:29:02-07:00,0.5333333333333333,False,10,2026-08-21 23:29:02-07:00,32.0,False
349,13,2026-08-21 23:30:12-07:00,2026-08-21,23:30:12,drive_thru,car,CAR 104 — BAGS 0 BOXES 1  (+0:38),,4,In_n_Out_log_2026-09-06_193227.json,2026-09-06,,,,,,,,104.0,0.0,1.0,,,,,,,,,,,,,,,,,,38.0,,,,False,,2026-08-21 23:29:34-07:00,0.6333333333333333,False,10,2026-08-21 23:29:34-07:00,38.0,False
352,13,2026-08-21 23:31:39-07:00,2026-08-21,23:31:39,drive_thru,car,CAR 105 — BAGS 2 BOXES 0  (+1:27),,4,In_n_Out_log_2026-09-06_193227.json,2026-09-06,,,,,,,,105.0,2.0,0.0,,,,,,,,,,,,,,,,,,87.0,,,,False,,2026-08-21 23:30:12-07:00,1.45,False,10,2026-08-21 23:30:12-07:00,87.0,True
353,13,2026-08-21 23:32:14-07:00,2026-08-21,23:32:14,drive_thru,car,CAR 106 — BAGS 2 BOXES 0  (+0:35),,4,In_n_Out_log_2026-09-06_193227.json,2026-09-06,,,,,,,,106.0,2.0,0.0,,,,,,,,,,,,,,,,,,35.0,,,,False,,2026-08-21 23:31:39-07:00,0.5833333333333334,False,10,2026-08-21 23:31:39-07:00,35.0,False
354,13,2026-08-21 23:32:56-07:00,2026-08-21,23:32:56,drive_thru,car,CAR 107  (+0:42),,4,In_n_Out_log_2026-09-06_193227.json,2026-09-06,,,,,,,,107.0,0.0,0.0,,,,,,,,,,,,,,,,,,42.0,,,,False,,2026-08-21 23:32:14-07:00,0.7,False,10,2026-08-21 23:32:14-07:00,42.0,False
355,13,2026-08-21 23:33:26-07:00,2026-08-21,23:33:26,drive_thru,car,CAR 108 — BAGS 1 BOXES 0  (+0:30),,4,In_n_Out_log_2026-09-06_193227.json,2026-09-06,,,,,,,,108.0,1.0,0.0,,,,,,,,,,,,,,,,,,30.0,,,,False,,2026-08-21 23:32:56-07:00,0.5,False,10,2026-08-21 23:32:56-07:00,30.0,False
356,13,2026-08-21 23:35:26-07:00,2026-08-21,23:35:26,drive_thru,car,CAR 109 — BAGS 2 BOXES 1  (+2:00),,4,In_n_Out_log_2026-09-06_193227.json,2026-09-06,,,,,,,,109.0,2.0,1.0,,,,,,,,,,,,,,,,,,120.0,,,,False,,2026-08-21 23:33:26-07:00,2.0,False,10,2026-08-21 23:33:26-07:00,120.0,False
357,13,2026-08-21 23:35:52-07:00,2026-08-21,23:35:52,drive_thru,car,CAR 110 — BAGS 2 BOXES 0  (+0:25),,4,In_n_Out_log_2026-09-06_193227.json,2026-09-06,,,,,,,,110.0,2.0,0.0,,,,,,,,,,,,,,,,,,25.0,,,,False,,2026-08-21 23:35:26-07:00,0.43333333333333335,False,10,2026-08-21 23:35:26-07:00,26.0,False
358,13,2026-08-21 23:38:42-07:00,2026-08-21,23:38:42,drive_thru,car,CAR 111 — BAGS 0 BOXES 1  (+2:50),,4,In_n_Out_log_2026-09-06_193227.json,2026-09-06,,,,,,,,111.0,0.0,1.0,,,,,,,,,,,,,,,,,,170.0,,,,False,,2026-08-21 23:35:52-07:00,2.8333333333333335,False,10,2026-08-21 23:35:52-07:00,170.0,False
359,13,2026-08-21 23:39:05-07:00,2026-08-21,23:39:05,drive_thru,car,CAR 112 — BAGS 2 BOXES 0  (+0:23),,4,In_n_Out_log_2026-09-06_193227.json,2026-09-06,,,,,,,,112.0,2.0,0.0,,,,,,,,,,,,,,,,,,23.0,,,,False,,2026-08-21 23:38:42-07:00,0.38333333333333336,False,10,2026-08-21 23:38:42-07:00,23.0,False
361,13,2026-08-21 23:40:05-07:00,2026-08-21,23:40:05,drive_thru,car,CAR 113  (+1:00),,4,In_n_Out_log_2026-09-06_193227.json,2026-09-06,,,,,,,,113.0,0.0,0.0,,,,,,,,,,,,,,,,,,60.0,,,,False,,2026-08-21 23:39:05-07:00,1.0,False,10,2026-08-21 23:39:05-07:00,60.0,False
362,13,2026-08-21 23:40:32-07:00,2026-08-21,23:40:32,drive_thru,car,CAR 114 — BAGS 3 BOXES 0  (+0:26),,4,In_n_Out_log_2026-09-06_193227.json,2026-09-06,,,,,,,,114.0,3.0,0.0,,,,,,,,,,,,,,,,,,26.0,,,,False,,2026-08-21 23:40:05-07:00,0.45,False,10,2026-08-21 23:40:05-07:00,27.0,False
363,13,2026-08-21 23:42:36-07:00,2026-08-21,23:42:36,drive_thru,car,CAR 115  (+2:04),,4,In_n_Out_log_2026-09-06_193227.json,2026-09-06,,,,,,,,115.0,0.0,0.0,,,,,,,,,,,,,,,,,,124.0,,,,False,,2026-08-21 23:40:32-07:00,2.066666666666667,False,10,2026-08-21 23:40:32-07:00,124.0,False
364,13,2026-08-21 23:43:49-07:00,2026-08-21,23:43:49,drive_thru,car,CAR 116  (+1:14),,4,In_n_Out_log_2026-09-06_193227.json,2026-09-06,,,,,,,,116.0,0.0,0.0,,,,,,,,,,,,,,,,,,74.0,,,,False,,2026-08-21 23:42:36-07:00,1.2166666666666666,False,10,2026-08-21 23:42:36-07:00,73.0,False
365,13,2026-08-21 23:44:20-07:00,2026-08-21,23:44:20,drive_thru,car,CAR 117 — BAGS 2 BOXES 0  (+0:31),,4,In_n_Out_log_2026-09-06_193227.json,2026-09-06,,,,,,,,117.0,2.0,0.0,,,,,,,,,,,,,,,,,,31.0,,,,False,,2026-08-21 23:43:49-07:00,0.5166666666666667,False,10,2026-08-21 23:43:49-07:00,31.0,False
366,13,2026-08-21 23:45:05-07:00,2026-08-21,23:45:05,drive_thru,car,CAR 118  (+0:45),,4,In_n_Out_log_2026-09-06_193227.json,2026-09-06,,,,,,,,118.0,0.0,0.0,,,,,,,,,,,,,,,,,,45.0,,,,False,,2026-08-21 23:44:20-07:00,0.75,False,10,2026-08-21 23:44:20-07:00,45.0,False
367,13,2026-08-21 23:46:07-07:00,2026-08-21,23:46:07,drive_thru,car,CAR 119  (+1:02),,4,In_n_Out_log_2026-09-06_193227.json,2026-09-06,,,,,,,,119.0,0.0,0.0,,,,,,,,,,,,,,,,,,62.0,,,,False,,2026-08-21 23:45:05-07:00,1.0333333333333334,False,10,2026-08-21 23:45:05-07:00,62.0,False
368,13,2026-08-21 23:47:12-07:00,2026-08-21,23:47:12,drive_thru,car,CAR 120  (+1:06),,4,In_n_Out_log_2026-09-06_193227.json,2026-09-06,,,,,,,,120.0,0.0,0.0,,,,,,,,,,,,,,,,,,66.0,,,,False,,2026-08-21 23:46:07-07:00,1.0833333333333333,False,10,2026-08-21 23:46:07-07:00,65.0,False
369,13,2026-08-21 23:47:54-07:00,2026-08-21,23:47:54,drive_thru,car,CAR 121  (+0:42),,4,In_n_Out_log_2026-09-06_193227.json,2026-09-06,,,,,,,,121.0,0.0,0.0,,,,,,,,,,,,,,,,,,42.0,,,,False,,2026-08-21 23:47:12-07:00,0.7,False,10,2026-08-21 23:47:12-07:00,42.0,False
370,13,2026-08-21 23:49:32-07:00,2026-08-21,23:49:32,drive_thru,car,CAR 122 — BAGS 2 BOXES 0  (+1:37),,4,In_n_Out_log_2026-09-06_193227.json,2026-09-06,,,,,,,,122.0,2.0,0.0,,,,,,,,,,,,,,,,,,97.0,,,,False,,2026-08-21 23:47:54-07:00,1.6333333333333333,False,10,2026-08-21 23:47:54-07:00,98.0,False
371,13,2026-08-21 23:49:53-07:00,2026-08-21,23:49:53,drive_thru,car,CAR 123 — BAGS 0 BOXES 1  (+0:22),,4,In_n_Out_log_2026-09-06_193227.json,2026-09-06,,,,,,,,123.0,0.0,1.0,,,,,,,,,,,,,,,,,,22.0,,,,False,,2026-08-21 23:49:32-07:00,0.35,False,10,2026-08-21 23:49:32-07:00,21.0,False
372,13,2026-08-21 23:51:07-07:00,2026-08-21,23:51:07,drive_thru,car,CAR 124 — BAGS 2 BOXES 0  (+1:14),,4,In_n_Out_log_2026-09-06_193227.json,2026-09-06,,,,,,,,124.0,2.0,0.0,,,,,,,,,,,,,,,,,,74.0,,,,False,,2026-08-21 23:49:53-07:00,1.2333333333333334,False,10,2026-08-21 23:49:53-07:00,74.0,False
373,13,2026-08-21 23:51:48-07:00,2026-08-21,23:51:48,drive_thru,car,CAR 125  (+0:41),,4,In_n_Out_log_2026-09-06_193227.json,2026-09-06,,,,,,,,125.0,0.0,0.0,,,,,,,,,,,,,,,,,,41.0,,,,False,,2026-08-21 23:51:07-07:00,0.6833333333333333,False,10,2026-08-21 23:51:07-07:00,41.0,False
374,13,2026-08-21 23:52:21-07:00,2026-08-21,23:52:21,drive_thru,car,CAR 126  (+0:33),,4,In_n_Out_log_2026-09-06_193227.json,2026-09-06,,,,,,,,126.0,0.0,0.0,,,,,,,,,,,,,,,,,,33.0,,,,False,,2026-08-21 23:51:48-07:00,0.55,False,10,2026-08-21 23:51:48-07:00,33.0,False
375,13,2026-08-21 23:52:54-07:00,2026-08-21,23:52:54,drive_thru,car,CAR 127  (+0:33),,4,In_n_Out_log_2026-09-06_193227.json,2026-09-06,,,,,,,,127.0,0.0,0.0,,,,,,,,,,,,,,,,,,33.0,,,,False,,2026-08-21 23:52:21-07:00,0.55,False,10,2026-08-21 23:52:21-07:00,33.0,False
376,13,2026-08-21 23:53:17-07:00,2026-08-21,23:53:17,drive_thru,car,CAR 128  (+0:24),,4,In_n_Out_log_2026-09-06_193227.json,2026-09-06,,,,,,,,128.0,0.0,0.0,,,,,,,,,,,,,,,,,,24.0,,,,False,,2026-08-21 23:52:54-07:00,0.38333333333333336,False,10,2026-08-21 23:52:54-07:00,23.0,False
377,13,2026-08-21 23:53:56-07:00,2026-08-21,23:53:56,drive_thru,car,CAR 129  (+0:39),,4,In_n_Out_log_2026-09-06_193227.json,2026-09-06,,,,,,,,129.0,0.0,0.0,,,,,,,,,,,,,,,,,,39.0,,,,False,,2026-08-21 23:53:17-07:00,0.65,False,10,2026-08-21 23:53:17-07:00,39.0,False
378,13,2026-08-21 23:54:50-07:00,2026-08-21,23:54:50,drive_thru,car,CAR 130 — BAGS 0 BOXES 2  (+0:54),,4,In_n_Out_log_2026-09-06_193227.json,2026-09-06,,,,,,,,130.0,0.0,2.0,,,,,,,,,,,,,,,,,,54.0,,,,False,,2026-08-21 23:53:56-07:00,0.9,False,10,2026-08-21 23:53:56-07:00,54.0,False
379,13,2026-08-21 23:55:25-07:00,2026-08-21,23:55:25,drive_thru,car,CAR 131  (+0:35),,4,In_n_Out_log_2026-09-06_193227.json,2026-09-06,,,,,,,,131.0,0.0,0.0,,,,,,,,,,,,,,,,,,35.0,,,,False,,2026-08-21 23:54:50-07:00,0.5833333333333334,False,10,2026-08-21 23:54:50-07:00,35.0,False
380,13,2026-08-21 23:55:49-07:00,2026-08-21,23:55:49,drive_thru,car,CAR 132  (+0:25),,4,In_n_Out_log_2026-09-06_193227.json,2026-09-06,,,,,,,,132.0,0.0,0.0,,,,,,,,,,,,,,,,,,25.0,,,,False,,2026-08-21 23:55:25-07:00,0.4,False,10,2026-08-21 23:55:25-07:00,24.0,False
381,13,2026-08-21 23:56:07-07:00,2026-08-21,23:56:07,drive_thru,car,CAR 133  (+0:18),,4,In_n_Out_log_2026-09-06_193227.json,2026-09-06,,,,,,,,133.0,0.0,0.0,,,,,,,,,,,,,,,,,,18.0,,,,False,,2026-08-21 23:55:49-07:00,0.3,False,10,2026-08-21 23:55:49-07:00,18.0,False
382,13,2026-08-21 23:56:33-07:00,2026-08-21,23:56:33,drive_thru,car,CAR 134  (+0:26),,4,In_n_Out_log_2026-09-06_193227.json,2026-09-06,,,,,,,,134.0,0.0,0.0,,,,,,,,,,,,,,,,,,26.0,,,,False,,2026-08-21 23:56:07-07:00,0.43333333333333335,False,10,2026-08-21 23:56:07-07:00,26.0,False
385,13,2026-08-21 23:57:17-07:00,2026-08-21,23:57:17,drive_thru,car,CAR 135 — BAGS 0 BOXES 1  (+0:44),,4,In_n_Out_log_2026-09-06_193227.json,2026-09-06,,,,,,,,135.0,0.0,1.0,,,,,,,,,,,,,,,,,,44.0,,,,False,,2026-08-21 23:56:33-07:00,0.7333333333333333,False,10,2026-08-21 23:56:33-07:00,44.0,True
386,13,2026-08-21 23:57:41-07:00,2026-08-21,23:57:41,drive_thru,car,CAR 136 — BAGS 1 BOXES 0  (+0:23),,4,In_n_Out_log_2026-09-06_193227.json,2026-09-06,,,,,,,,136.0,1.0,0.0,,,,,,,,,,,,,,,,,,23.0,,,,False,,2026-08-21 23:57:17-07:00,0.4,False,10,2026-08-21 23:57:17-07:00,24.0,False
389,13,2026-08-21 23:58:37-07:00,2026-08-21,23:58:37,drive_thru,car,CAR 137 — BAGS 1 BOXES 0  (+0:57),,4,In_n_Out_log_2026-09-06_193227.json,2026-09-06,,,,,,,,137.0,1.0,0.0,,,,,,,,,,,,,,,,,,57.0,,,,False,,2026-08-21 23:57:41-07:00,0.9333333333333333,False,10,2026-08-21 23:57:41-07:00,56.0,True
390,13,2026-08-22 00:00:08-07:00,2026-08-22,00:00:08,drive_thru,car,CAR 138  (+1:31),,4,In_n_Out_log_2026-09-06_193227.json,2026-09-06,,,,,,,,138.0,0.0,0.0,,,,,,,,,,,,,,,,,,91.0,,,,False,,2026-08-21 23:58:37-07:00,1.5166666666666666,False,10,2026-08-21 23:58:37-07:00,91.0,False
391,13,2026-08-22 00:00:30-07:00,2026-08-22,00:00:30,drive_thru,car,CAR 139  (+0:23),,4,In_n_Out_log_2026-09-06_193227.json,2026-09-06,,,,,,,,139.0,0.0,0.0,,,,,,,,,,,,,,,,,,23.0,,,,False,,2026-08-22 00:00:08-07:00,0.36666666666666664,False,10,2026-08-22 00:00:08-07:00,22.0,False
393,13,2026-08-22 00:01:56-07:00,2026-08-22,00:01:56,drive_thru,car,CAR 140  (+1:26),,4,In_n_Out_log_2026-09-06_193227.json,2026-09-06,,,,,,,,140.0,0.0,0.0,,,,,,,,,,,,,,,,,,86.0,,,,False,,2026-08-22 00:00:30-07:00,1.4333333333333333,False,10,2026-08-22 00:00:30-07:00,86.0,False
400,13,2026-08-22 00:11:26-07:00,2026-08-22,00:11:26,drive_thru,car,CAR 141  (+9:30),,4,In_n_Out_log_2026-09-06_193227.json,2026-09-06,,,,,,,,141.0,0.0,0.0,,,,,,,,,,,,,,,,,,570.0,,,,False,,2026-08-22 00:01:56-07:00,9.5,False,10,2026-08-22 00:01:56-07:00,570.0,False
402,14,2026-08-22 00:11:46-07:00,2026-08-22,00:11:46,drive_thru,car,CAR 142,,4,In_n_Out_log_2026-09-06_193227.json,2026-09-06,,,,,,,,142.0,0.0,0.0,,,,,,,,,,,,,,,,,,,,,,False,,2026-08-22 00:11:26-07:00,0.3333333333333333,False,10,2026-08-22 00:11:26-07:00,20.0,False
403,14,2026-08-22 00:12:49-07:00,2026-08-22,00:12:49,drive_thru,car,CAR 143  (+1:02),,4,In_n_Out_log_2026-09-06_193227.json,2026-09-06,,,,,,,,143.0,0.0,0.0,,,,,,,,,,,,,,,,,,62.0,,,,False,,2026-08-22 00:11:46-07:00,1.05,False,10,2026-08-22 00:11:46-07:00,63.0,False
405,14,2026-08-22 00:13:17-07:00,2026-08-22,00:13:17,drive_thru,car,CAR 144  (+0:28),,4,In_n_Out_log_2026-09-06_193227.json,2026-09-06,,,,,,,,144.0,0.0,0.0,,,,,,,,,,,,,,,,,,28.0,,,,False,,2026-08-22 00:12:49-07:00,0.4666666666666667,False,10,2026-08-22 00:12:49-07:00,28.0,False
406,14,2026-08-22 00:13:36-07:00,2026-08-22,00:13:36,drive_thru,car,CAR 145  (+0:19),,4,In_n_Out_log_2026-09-06_193227.json,2026-09-06,,,,,,,,145.0,0.0,0.0,,,,,,,,,,,,,,,,,,19.0,,,,False,,2026-08-22 00:13:17-07:00,0.31666666666666665,False,10,2026-08-22 00:13:17-07:00,19.0,False
407,14,2026-08-22 00:14:01-07:00,2026-08-22,00:14:01,drive_thru,car,CAR 146  (+0:25),,4,In_n_Out_log_2026-09-06_193227.json,2026-09-06,,,,,,,,146.0,0.0,0.0,,,,,,,,,,,,,,,,,,25.0,,,,False,,2026-08-22 00:13:36-07:00,0.4166666666666667,False,10,2026-08-22 00:13:36-07:00,25.0,False
410,14,2026-08-22 00:15:35-07:00,2026-08-22,00:15:35,drive_thru,car,CAR 147  (+1:34),,4,In_n_Out_log_2026-09-06_193227.json,2026-09-06,,,,,,,,147.0,0.0,0.0,,,,,,,,,,,,,,,,,,94.0,,,,False,,2026-08-22 00:14:01-07:00,1.5666666666666667,False,10,2026-08-22 00:14:01-07:00,94.0,True
411,14,2026-08-22 00:15:59-07:00,2026-08-22,00:15:59,drive_thru,car,CAR 148  (+0:24),,4,In_n_Out_log_2026-09-06_193227.json,2026-09-06,,,,,,,,148.0,0.0,0.0,,,,,,,,,,,,,,,,,,24.0,,,,False,,2026-08-22 00:15:35-07:00,0.4,False,10,2026-08-22 00:15:35-07:00,24.0,False
412,14,2026-08-22 00:16:33-07:00,2026-08-22,00:16:33,drive_thru,car,CAR 149 — BAGS 1 BOXES 0  (+0:33),,4,In_n_Out_log_2026-09-06_193227.json,2026-09-06,,,,,,,,149.0,1.0,0.0,,,,,,,,,,,,,,,,,,33.0,,,,False,,2026-08-22 00:15:59-07:00,0.5666666666666667,False,10,2026-08-22 00:15:59-07:00,34.0,False
413,14,2026-08-22 00:17:49-07:00,2026-08-22,00:17:49,drive_thru,car,CAR 150 — BAGS 1 BOXES 2  (+1:17),,4,In_n_Out_log_2026-09-06_193227.json,2026-09-06,,,,,,,,150.0,1.0,2.0,,,,,,,,,,,,,,,,,,77.0,,,,False,,2026-08-22 00:16:33-07:00,1.2666666666666666,False,10,2026-08-22 00:16:33-07:00,76.0,False
414,14,2026-08-22 00:18:37-07:00,2026-08-22,00:18:37,drive_thru,car,CAR 151 — BAGS 0 BOXES 1  (+0:47),,4,In_n_Out_log_2026-09-06_193227.json,2026-09-06,,,,,,,,151.0,0.0,1.0,,,,,,,,,,,,,,,,,,47.0,,,,False,,2026-08-22 00:17:49-07:00,0.8,False,10,2026-08-22 00:17:49-07:00,48.0,False
419,14,2026-08-22 00:22:05-07:00,2026-08-22,00:22:05,drive_thru,car,CAR 152  (+3:28),,4,In_n_Out_log_2026-09-06_193227.json,2026-09-06,,,,,,,,152.0,0.0,0.0,,,,,,,,,,,,,,,,,,208.0,,,,False,,2026-08-22 00:18:37-07:00,3.466666666666667,False,10,2026-08-22 00:18:37-07:00,208.0,False
428,15,2026-08-22 10:34:08-07:00,2026-08-22,10:34:08,drive_thru,car,CAR 154,,4,In_n_Out_log_2026-09-06_193227.json,2026-09-06,,,,,,,,154.0,0.0,0.0,,,,,,,,,,,,,,,,,,,,,,False,,2026-08-22 10:33:35-07:00,0.55,False,11,2026-08-22 10:33:35-07:00,33.0,False
429,15,2026-08-22 10:35:23-07:00,2026-08-22,10:35:23,drive_thru,car,CAR 155  (+1:15),,4,In_n_Out_log_2026-09-06_193227.json,2026-09-06,,,,,,,,155.0,0.0,0.0,,,,,,,,,,,,,,,,,,75.0,,,,False,,2026-08-22 10:34:08-07:00,1.25,False,11,2026-08-22 10:34:08-07:00,75.0,False
431,15,2026-08-22 10:35:37-07:00,2026-08-22,10:35:37,drive_thru,car,CAR 156  (+0:14),,4,In_n_Out_log_2026-09-06_193227.json,2026-09-06,,,,,,,,156.0,0.0,0.0,,,,,,,,,,,,,,,,,,14.0,,,,False,,2026-08-22 10:35:23-07:00,0.23333333333333334,False,11,2026-08-22 10:35:23-07:00,14.0,False
438,15,2026-08-22 10:41:21-07:00,2026-08-22,10:41:21,drive_thru,car,CAR 157 — BAGS 2 BOXES 2  (+5:44),,4,In_n_Out_log_2026-09-06_193227.json,2026-09-06,,,,,,,,157.0,2.0,2.0,,,,,,,,,,,,,,,,,,344.0,,,,False,,2026-08-22 10:35:37-07:00,5.733333333333333,False,11,2026-08-22 10:35:37-07:00,344.0,False
441,15,2026-08-22 10:44:12-07:00,2026-08-22,10:44:12,drive_thru,car,CAR 158  (+2:51),,4,In_n_Out_log_2026-09-06_193227.json,2026-09-06,,,,,,,,158.0,0.0,0.0,,,,,,,,,,,,,,,,,,171.0,,,,False,,2026-08-22 10:41:21-07:00,2.85,False,11,2026-08-22 10:41:21-07:00,171.0,False
444,15,2026-08-22 10:44:53-07:00,2026-08-22,10:44:53,drive_thru,car,CAR 159  (+0:41),,4,In_n_Out_log_2026-09-06_193227.json,2026-09-06,,,,,,,,159.0,0.0,0.0,,,,,,,,,,,,,,,,,,41.0,,,,False,,2026-08-22 10:44:12-07:00,0.6833333333333333,False,11,2026-08-22 10:44:12-07:00,41.0,False
445,15,2026-08-22 10:49:26-07:00,2026-08-22,10:49:26,drive_thru,car,CAR 160 — BAGS 6 BOXES 0  (+4:33),,4,In_n_Out_log_2026-09-06_193227.json,2026-09-06,,,,,,,,160.0,6.0,0.0,,,,,,,,,,,,,,,,,,273.0,,,,False,,2026-08-22 10:44:53-07:00,4.55,False,11,2026-08-22 10:44:53-07:00,273.0,False
447,15,2026-08-22 10:51:51-07:00,2026-08-22,10:51:51,drive_thru,car,CAR 161  (+2:25),,4,In_n_Out_log_2026-09-06_193227.json,2026-09-06,,,,,,,,161.0,0.0,0.0,,,,,,,,,,,,,,,,,,145.0,,,,False,,2026-08-22 10:49:26-07:00,2.4166666666666665,False,11,2026-08-22 10:49:26-07:00,145.0,False
448,15,2026-08-22 10:54:15-07:00,2026-08-22,10:54:15,drive_thru,car,CAR 162  (+2:24),,4,In_n_Out_log_2026-09-06_193227.json,2026-09-06,,,,,,,,162.0,0.0,0.0,,,,,,,,,,,,,,,,,,144.0,,,,False,,2026-08-22 10:51:51-07:00,2.4,False,11,2026-08-22 10:51:51-07:00,144.0,False
452,15,2026-08-22 10:55:37-07:00,2026-08-22,10:55:37,drive_thru,car,CAR 163  (+1:22),,4,In_n_Out_log_2026-09-06_193227.json,2026-09-06,,,,,,,,163.0,0.0,0.0,,,,,,,,,,,,,,,,,,82.0,,,,False,,2026-08-22 10:54:15-07:00,1.3666666666666667,False,11,2026-08-22 10:54:15-07:00,82.0,False
458,15,2026-08-22 10:58:51-07:00,2026-08-22,10:58:51,drive_thru,car,CAR 164  (+3:14),,4,In_n_Out_log_2026-09-06_193227.json,2026-09-06,,,,,,,,164.0,0.0,0.0,,,,,,,,,,,,,,,,,,194.0,,,,False,,2026-08-22 10:55:37-07:00,3.2333333333333334,False,11,2026-08-22 10:55:37-07:00,194.0,False
459,15,2026-08-22 10:59:27-07:00,2026-08-22,10:59:27,drive_thru,car,CAR 165  (+0:36),,4,In_n_Out_log_2026-09-06_193227.json,2026-09-06,,,,,,,,165.0,0.0,0.0,,,,,,,,,,,,,,,,,,36.0,,,,False,,2026-08-22 10:58:51-07:00,0.6,False,11,2026-08-22 10:58:51-07:00,36.0,False
460,15,2026-08-22 10:59:58-07:00,2026-08-22,10:59:58,drive_thru,car,CAR 166 — BAGS 1 BOXES 0  (+0:31),,4,In_n_Out_log_2026-09-06_193227.json,2026-09-06,,,,,,,,166.0,1.0,0.0,,,,,,,,,,,,,,,,,,31.0,,,,False,,2026-08-22 10:59:27-07:00,0.5166666666666667,False,11,2026-08-22 10:59:27-07:00,31.0,False
463,15,2026-08-22 11:01:53-07:00,2026-08-22,11:01:53,drive_thru,car,CAR 167  (+1:55),,4,In_n_Out_log_2026-09-06_193227.json,2026-09-06,,,,,,,,167.0,0.0,0.0,,,,,,,,,,,,,,,,,,115.0,,,,False,,2026-08-22 10:59:58-07:00,1.9166666666666667,False,11,2026-08-22 10:59:58-07:00,115.0,True
465,15,2026-08-22 11:05:04-07:00,2026-08-22,11:05:04,drive_thru,car,CAR 168  (+3:11),,4,In_n_Out_log_2026-09-06_193227.json,2026-09-06,,,,,,,,168.0,0.0,0.0,,,,,,,,,,,,,,,,,,191.0,,,,False,,2026-08-22 11:01:53-07:00,3.183333333333333,False,11,2026-08-22 11:01:53-07:00,191.0,False
466,15,2026-08-22 11:05:05-07:00,2026-08-22,11:05:05,drive_thru,car,CAR 169  (+0:01),,4,In_n_Out_log_2026-09-06_193227.json,2026-09-06,,,,,,,,169.0,0.0,0.0,,,,,,,,,,,,,,,,,,1.0,,,,False,,2026-08-22 11:05:04-07:00,0.016666666666666666,False,11,2026-08-22 11:05:04-07:00,1.0,False
469,15,2026-08-22 11:05:38-07:00,2026-08-22,11:05:38,drive_thru,car,CAR 170 — BAGS 2 BOXES 0  (+0:33),,4,In_n_Out_log_2026-09-06_193227.json,2026-09-06,,,,,,,,170.0,2.0,0.0,,,,,,,,,,,,,,,,,,33.0,,,,False,,2026-08-22 11:05:05-07:00,0.55,False,11,2026-08-22 11:05:05-07:00,33.0,False
472,15,2026-08-22 11:07:38-07:00,2026-08-22,11:07:38,drive_thru,car,CAR 171 — BAGS 2 BOXES 0  (+2:00),,4,In_n_Out_log_2026-09-06_193227.json,2026-09-06,,,,,,,,171.0,2.0,0.0,,,,,,,,,,,,,,,,,,120.0,,,,False,,2026-08-22 11:05:38-07:00,2.0,False,11,2026-08-22 11:05:38-07:00,120.0,False
475,15,2026-08-22 11:09:19-07:00,2026-08-22,11:09:19,drive_thru,car,CAR 172 — BAGS 2 BOXES 0  (+1:41),,4,In_n_Out_log_2026-09-06_193227.json,2026-09-06,,,,,,,,172.0,2.0,0.0,,,,,,,,,,,,,,,,,,101.0,,,,False,,2026-08-22 11:07:38-07:00,1.6833333333333333,False,11,2026-08-22 11:07:38-07:00,101.0,False
476,15,2026-08-22 11:09:45-07:00,2026-08-22,11:09:45,drive_thru,car,CAR 173 — BAGS 1 BOXES 0  (+0:26),,4,In_n_Out_log_2026-09-06_193227.json,2026-09-06,,,,,,,,173.0,1.0,0.0,,,,,,,,,,,,,,,,,,26.0,,,,False,,2026-08-22 11:09:19-07:00,0.43333333333333335,False,11,2026-08-22 11:09:19-07:00,26.0,False
477,15,2026-08-22 11:12:09-07:00,2026-08-22,11:12:09,drive_thru,car,CAR 174 — BAGS 2 BOXES 0  (+2:23),,4,In_n_Out_log_2026-09-06_193227.json,2026-09-06,,,,,,,,174.0,2.0,0.0,,,,,,,,,,,,,,,,,,143.0,,,,False,,2026-08-22 11:09:45-07:00,2.4,False,11,2026-08-22 11:09:45-07:00,144.0,False
479,15,2026-08-22 11:13:18-07:00,2026-08-22,11:13:18,drive_thru,car,CAR 175  (+1:10),,4,In_n_Out_log_2026-09-06_193227.json,2026-09-06,,,,,,,,175.0,0.0,0.0,,,,,,,,,,,,,,,,,,70.0,,,,False,,2026-08-22 11:12:09-07:00,1.15,False,11,2026-08-22 11:12:09-07:00,69.0,False
480,15,2026-08-22 11:13:47-07:00,2026-08-22,11:13:47,drive_thru,car,CAR 176 — BAGS 1 BOXES 0  (+0:28),,4,In_n_Out_log_2026-09-06_193227.json,2026-09-06,,,,,,,,176.0,1.0,0.0,,,,,,,,,,,,,,,,,,28.0,,,,False,,2026-08-22 11:13:18-07:00,0.48333333333333334,False,11,2026-08-22 11:13:18-07:00,29.0,False
481,15,2026-08-22 11:15:41-07:00,2026-08-22,11:15:41,drive_thru,car,CAR 177 — BAGS 1 BOXES 1  (+1:54),,4,In_n_Out_log_2026-09-06_193227.json,2026-09-06,,,,,,,,177.0,1.0,1.0,,,,,,,,,,,,,,,,,,114.0,,,,False,,2026-08-22 11:13:47-07:00,1.9,False,11,2026-08-22 11:13:47-07:00,114.0,False
482,15,2026-08-22 11:16:15-07:00,2026-08-22,11:16:15,drive_thru,car,CAR 178 — BAGS 2 BOXES 0  (+0:35),,4,In_n_Out_log_2026-09-06_193227.json,2026-09-06,,,,,,,,178.0,2.0,0.0,,,,,,,,,,,,,,,,,,35.0,,,,False,,2026-08-22 11:15:41-07:00,0.5666666666666667,False,11,2026-08-22 11:15:41-07:00,34.0,False
483,15,2026-08-22 11:17:14-07:00,2026-08-22,11:17:14,drive_thru,car,CAR 179 — BAGS 1 BOXES 0  (+0:58),,4,In_n_Out_log_2026-09-06_193227.json,2026-09-06,,,,,,,,179.0,1.0,0.0,,,,,,,,,,,,,,,,,,58.0,,,,False,,2026-08-22 11:16:15-07:00,0.9833333333333333,False,11,2026-08-22 11:16:15-07:00,59.0,False
484,15,2026-08-22 11:18:47-07:00,2026-08-22,11:18:47,drive_thru,car,CAR 180 — BAGS 1 BOXES 0  (+1:34),,4,In_n_Out_log_2026-09-06_193227.json,2026-09-06,,,,,,,,180.0,1.0,0.0,,,,,,,,,,,,,,,,,,94.0,,,,False,,2026-08-22 11:17:14-07:00,1.55,False,11,2026-08-22 11:17:14-07:00,93.0,False
486,15,2026-08-22 11:20:23-07:00,2026-08-22,11:20:23,drive_thru,car,CAR 181 — BAGS 1 BOXES 0  (+1:36),,4,In_n_Out_log_2026-09-06_193227.json,2026-09-06,,,,,,,,181.0,1.0,0.0,,,,,,,,,,,,,,,,,,96.0,,,,False,,2026-08-22 11:18:47-07:00,1.6,False,11,2026-08-22 11:18:47-07:00,96.0,False
488,15,2026-08-22 11:20:36-07:00,2026-08-22,11:20:36,drive_thru,car,CAR 182 — BAGS 1 BOXES 0  (+0:12),,4,In_n_Out_log_2026-09-06_193227.json,2026-09-06,,,,,,,,182.0,1.0,0.0,,,,,,,,,,,,,,,,,,12.0,,,,False,,2026-08-22 11:20:23-07:00,0.21666666666666667,False,11,2026-08-22 11:20:23-07:00,13.0,False
492,15,2026-08-22 11:25:22-07:00,2026-08-22,11:25:22,drive_thru,car,CAR 184  (+0:53),,4,In_n_Out_log_2026-09-06_193227.json,2026-09-06,,,,,,,,184.0,0.0,0.0,,,,,,,,,,,,,,,,,,53.0,,,,False,,2026-08-22 11:24:30-07:00,0.8666666666666667,False,11,2026-08-22 11:24:30-07:00,52.0,False
493,15,2026-08-22 11:25:44-07:00,2026-08-22,11:25:44,drive_thru,car,CAR 185  (+0:21),,4,In_n_Out_log_2026-09-06_193227.json,2026-09-06,,,,,,,,185.0,0.0,0.0,,,,,,,,,,,,,,,,,,21.0,,,,False,,2026-08-22 11:25:22-07:00,0.36666666666666664,False,11,2026-08-22 11:25:22-07:00,22.0,False
494,15,2026-08-22 11:25:45-07:00,2026-08-22,11:25:45,drive_thru,car,CAR 186  (+0:01),,4,In_n_Out_log_2026-09-06_193227.json,2026-09-06,,,,,,,,186.0,0.0,0.0,,,,,,,,,,,,,,,,,,1.0,,,,False,,2026-08-22 11:25:44-07:00,0.016666666666666666,False,11,2026-08-22 11:25:44-07:00,1.0,False
497,15,2026-08-22 11:27:35-07:00,2026-08-22,11:27:35,drive_thru,car,CAR 187 — BAGS 1 BOXES 0  (+1:50),,4,In_n_Out_log_2026-09-06_193227.json,2026-09-06,,,,,,,,187.0,1.0,0.0,,,,,,,,,,,,,,,,,,110.0,,,,False,,2026-08-22 11:25:45-07:00,1.8333333333333333,False,11,2026-08-22 11:25:45-07:00,110.0,False
498,15,2026-08-22 11:27:54-07:00,2026-08-22,11:27:54,drive_thru,car,CAR 188 — BAGS 1 BOXES 0  (+0:19),,4,In_n_Out_log_2026-09-06_193227.json,2026-09-06,,,,,,,,188.0,1.0,0.0,,,,,,,,,,,,,,,,,,19.0,,,,False,,2026-08-22 11:27:35-07:00,0.31666666666666665,False,11,2026-08-22 11:27:35-07:00,19.0,False
499,15,2026-08-22 11:31:09-07:00,2026-08-22,11:31:09,drive_thru,car,CAR 189 — BAGS 1 BOXES 0  (+3:15),,4,In_n_Out_log_2026-09-06_193227.json,2026-09-06,,,,,,,,189.0,1.0,0.0,,,,,,,,,,,,,,,,,,195.0,,,,False,,2026-08-22 11:27:54-07:00,3.25,False,11,2026-08-22 11:27:54-07:00,195.0,False
501,15,2026-08-22 11:32:06-07:00,2026-08-22,11:32:06,drive_thru,car,CAR 190  (+0:57),,4,In_n_Out_log_2026-09-06_193227.json,2026-09-06,,,,,,,,190.0,0.0,0.0,,,,,,,,,,,,,,,,,,57.0,,,,False,,2026-08-22 11:31:09-07:00,0.95,False,11,2026-08-22 11:31:09-07:00,57.0,False
502,15,2026-08-22 11:33:55-07:00,2026-08-22,11:33:55,drive_thru,car,CAR 191  (+1:49),,4,In_n_Out_log_2026-09-06_193227.json,2026-09-06,,,,,,,,191.0,0.0,0.0,,,,,,,,,,,,,,,,,,109.0,,,,False,,2026-08-22 11:32:06-07:00,1.8166666666666667,False,11,2026-08-22 11:32:06-07:00,109.0,False
503,15,2026-08-22 11:34:43-07:00,2026-08-22,11:34:43,drive_thru,car,CAR 192  (+0:48),,4,In_n_Out_log_2026-09-06_193227.json,2026-09-06,,,,,,,,192.0,0.0,0.0,,,,,,,,,,,,,,,,,,48.0,,,,False,,2026-08-22 11:33:55-07:00,0.8,False,11,2026-08-22 11:33:55-07:00,48.0,False
505,15,2026-08-22 11:36:10-07:00,2026-08-22,11:36:10,drive_thru,car,CAR 193  (+1:27),,4,In_n_Out_log_2026-09-06_193227.json,2026-09-06,,,,,,,,193.0,0.0,0.0,,,,,,,,,,,,,,,,,,87.0,,,,False,,2026-08-22 11:34:43-07:00,1.45,False,11,2026-08-22 11:34:43-07:00,87.0,False
508,15,2026-08-22 11:37:44-07:00,2026-08-22,11:37:44,drive_thru,car,CAR 194  (+1:34),,4,In_n_Out_log_2026-09-06_193227.json,2026-09-06,,,,,,,,194.0,0.0,0.0,,,,,,,,,,,,,,,,,,94.0,,,,False,,2026-08-22 11:36:10-07:00,1.5666666666666667,False,11,2026-08-22 11:36:10-07:00,94.0,False
511,15,2026-08-22 11:40:12-07:00,2026-08-22,11:40:12,drive_thru,car,CAR 195 — BAGS 1 BOXES 0  (+2:28),,4,In_n_Out_log_2026-09-06_193227.json,2026-09-06,,,,,,,,195.0,1.0,0.0,,,,,,,,,,,,,,,,,,148.0,,,,False,,2026-08-22 11:37:44-07:00,2.466666666666667,False,11,2026-08-22 11:37:44-07:00,148.0,False
512,15,2026-08-22 11:41:39-07:00,2026-08-22,11:41:39,drive_thru,car,CAR 196  (+1:27),,4,In_n_Out_log_2026-09-06_193227.json,2026-09-06,,,,,,,,196.0,0.0,0.0,,,,,,,,,,,,,,,,,,87.0,,,,False,,2026-08-22 11:40:12-07:00,1.45,False,11,2026-08-22 11:40:12-07:00,87.0,False
513,15,2026-08-22 11:42:05-07:00,2026-08-22,11:42:05,drive_thru,car,CAR 197  (+0:26),,4,In_n_Out_log_2026-09-06_193227.json,2026-09-06,,,,,,,,197.0,0.0,0.0,,,,,,,,,,,,,,,,,,26.0,,,,False,,2026-08-22 11:41:39-07:00,0.43333333333333335,False,11,2026-08-22 11:41:39-07:00,26.0,False
514,15,2026-08-22 11:42:41-07:00,2026-08-22,11:42:41,drive_thru,car,CAR 198  (+0:36),,4,In_n_Out_log_2026-09-06_193227.json,2026-09-06,,,,,,,,198.0,0.0,0.0,,,,,,,,,,,,,,,,,,36.0,,,,False,,2026-08-22 11:42:05-07:00,0.6,False,11,2026-08-22 11:42:05-07:00,36.0,False
518,15,2026-08-22 11:45:56-07:00,2026-08-22,11:45:56,drive_thru,car,CAR 199 — BAGS 3 BOXES 0  (+3:15),,4,In_n_Out_log_2026-09-06_193227.json,2026-09-06,,,,,,,,199.0,3.0,0.0,,,,,,,,,,,,,,,,,,195.0,,,,False,,2026-08-22 11:42:41-07:00,3.25,False,11,2026-08-22 11:42:41-07:00,195.0,False
521,15,2026-08-22 11:47:23-07:00,2026-08-22,11:47:23,drive_thru,car,CAR 200 — BAGS 1 BOXES 0  (+1:27),,4,In_n_Out_log_2026-09-06_193227.json,2026-09-06,,,,,,,,200.0,1.0,0.0,,,,,,,,,,,,,,,,,,87.0,,,,False,,2026-08-22 11:45:56-07:00,1.45,False,11,2026-08-22 11:45:56-07:00,87.0,False
522,15,2026-08-22 11:49:21-07:00,2026-08-22,11:49:21,drive_thru,car,CAR 201 — BAGS 0 BOXES 1  (+1:58),,4,In_n_Out_log_2026-09-06_193227.json,2026-09-06,,,,,,,,201.0,0.0,1.0,,,,,,,,,,,,,,,,,,118.0,,,,False,,2026-08-22 11:47:23-07:00,1.9666666666666666,False,11,2026-08-22 11:47:23-07:00,118.0,False
526,15,2026-08-22 11:50:52-07:00,2026-08-22,11:50:52,drive_thru,car,CAR 202  (+1:31),,4,In_n_Out_log_2026-09-06_193227.json,2026-09-06,,,,,,,,202.0,0.0,0.0,,,,,,,,,,,,,,,,,,91.0,,,,False,,2026-08-22 11:49:21-07:00,1.5166666666666666,False,11,2026-08-22 11:49:21-07:00,91.0,False
528,15,2026-08-22 11:53:14-07:00,2026-08-22,11:53:14,drive_thru,car,CAR 203 — BAGS 2 BOXES 0  (+2:21),,4,In_n_Out_log_2026-09-06_193227.json,2026-09-06,,,,,,,,203.0,2.0,0.0,,,,,,,,,,,,,,,,,,141.0,,,,False,,2026-08-22 11:50:52-07:00,2.3666666666666667,False,11,2026-08-22 11:50:52-07:00,142.0,False
533,15,2026-08-22 11:55:55-07:00,2026-08-22,11:55:55,drive_thru,car,CAR 204  (+2:41),,4,In_n_Out_log_2026-09-06_193227.json,2026-09-06,,,,,,,,204.0,0.0,0.0,,,,,,,,,,,,,,,,,,161.0,,,,False,,2026-08-22 11:53:14-07:00,2.683333333333333,False,11,2026-08-22 11:53:14-07:00,161.0,True
611,22,2026-08-22 20:52:22-07:00,2026-08-22,20:52:22,drive_thru,car,CAR 220  (+1:15),,4,In_n_Out_log_2026-09-06_193227.json,2026-09-06,,,,,,,,220.0,0.0,0.0,,,,,,,,,,,,,,,,,,75.0,,,,False,,2026-08-22 20:51:08-07:00,1.2333333333333334,False,14,2026-08-22 20:51:08-07:00,74.0,False
613,22,2026-08-22 20:53:51-07:00,2026-08-22,20:53:51,drive_thru,car,CAR 221  (+1:28),,4,In_n_Out_log_2026-09-06_193227.json,2026-09-06,,,,,,,,221.0,0.0,0.0,,,,,,,,,,,,,,,,,,88.0,,,,False,,2026-08-22 20:52:22-07:00,1.4833333333333334,False,14,2026-08-22 20:52:22-07:00,89.0,False
614,22,2026-08-22 20:54:26-07:00,2026-08-22,20:54:26,drive_thru,car,CAR 222  (+0:35),,4,In_n_Out_log_2026-09-06_193227.json,2026-09-06,,,,,,,,222.0,0.0,0.0,,,,,,,,,,,,,,,,,,35.0,,,,False,,2026-08-22 20:53:51-07:00,0.5833333333333334,False,14,2026-08-22 20:53:51-07:00,35.0,False
615,22,2026-08-22 20:54:48-07:00,2026-08-22,20:54:48,drive_thru,car,CAR 223  (+0:22),,4,In_n_Out_log_2026-09-06_193227.json,2026-09-06,,,,,,,,223.0,0.0,0.0,,,,,,,,,,,,,,,,,,22.0,,,,False,,2026-08-22 20:54:26-07:00,0.36666666666666664,False,14,2026-08-22 20:54:26-07:00,22.0,False
616,22,2026-08-22 20:55:16-07:00,2026-08-22,20:55:16,drive_thru,car,CAR 224  (+0:28),,4,In_n_Out_log_2026-09-06_193227.json,2026-09-06,,,,,,,,224.0,0.0,0.0,,,,,,,,,,,,,,,,,,28.0,,,,False,,2026-08-22 20:54:48-07:00,0.4666666666666667,False,14,2026-08-22 20:54:48-07:00,28.0,False
617,22,2026-08-22 20:55:38-07:00,2026-08-22,20:55:38,drive_thru,car,CAR 225 — BAGS 1 BOXES 0  (+0:22),,4,In_n_Out_log_2026-09-06_193227.json,2026-09-06,,,,,,,,225.0,1.0,0.0,,,,,,,,,,,,,,,,,,22.0,,,,False,,2026-08-22 20:55:16-07:00,0.36666666666666664,False,14,2026-08-22 20:55:16-07:00,22.0,False
620,22,2026-08-22 20:59:37-07:00,2026-08-22,20:59:37,drive_thru,car,CAR 226  (+3:59),,4,In_n_Out_log_2026-09-06_193227.json,2026-09-06,,,,,,,,226.0,0.0,0.0,,,,,,,,,,,,,,,,,,239.0,,,,False,,2026-08-22 20:55:38-07:00,3.9833333333333334,False,14,2026-08-22 20:55:38-07:00,239.0,True
621,22,2026-08-22 21:00:18-07:00,2026-08-22,21:00:18,drive_thru,car,CAR 227  (+0:41),,4,In_n_Out_log_2026-09-06_193227.json,2026-09-06,,,,,,,,227.0,0.0,0.0,,,,,,,,,,,,,,,,,,41.0,,,,False,,2026-08-22 20:59:37-07:00,0.6833333333333333,False,14,2026-08-22 20:59:37-07:00,41.0,False
624,23,2026-08-22 21:02:43-07:00,2026-08-22,21:02:43,drive_thru,car,CAR 228,,4,In_n_Out_log_2026-09-06_193227.json,2026-09-06,,,,,,,,228.0,0.0,0.0,,,,,,,,,,,,,,,,,,,,,,False,,2026-08-22 21:00:18-07:00,2.4166666666666665,False,14,2026-08-22 21:00:18-07:00,145.0,False
625,23,2026-08-22 21:03:21-07:00,2026-08-22,21:03:21,drive_thru,car,CAR 229  (+0:38),,4,In_n_Out_log_2026-09-06_193227.json,2026-09-06,,,,,,,,229.0,0.0,0.0,,,,,,,,,,,,,,,,,,38.0,,,,False,,2026-08-22 21:02:43-07:00,0.6333333333333333,False,14,2026-08-22 21:02:43-07:00,38.0,False
626,23,2026-08-22 21:03:50-07:00,2026-08-22,21:03:50,drive_thru,car,CAR 230  (+0:29),,4,In_n_Out_log_2026-09-06_193227.json,2026-09-06,,,,,,,,230.0,0.0,0.0,,,,,,,,,,,,,,,,,,29.0,,,,False,,2026-08-22 21:03:21-07:00,0.48333333333333334,False,14,2026-08-22 21:03:21-07:00,29.0,False
627,23,2026-08-22 21:04:23-07:00,2026-08-22,21:04:23,drive_thru,car,CAR 231  (+0:33),,4,In_n_Out_log_2026-09-06_193227.json,2026-09-06,,,,,,,,231.0,0.0,0.0,,,,,,,,,,,,,,,,,,33.0,,,,False,,2026-08-22 21:03:50-07:00,0.55,False,14,2026-08-22 21:03:50-07:00,33.0,False
628,23,2026-08-22 21:05:01-07:00,2026-08-22,21:05:01,drive_thru,car,CAR 232  (+0:38),,4,In_n_Out_log_2026-09-06_193227.json,2026-09-06,,,,,,,,232.0,0.0,0.0,,,,,,,,,,,,,,,,,,38.0,,,,False,,2026-08-22 21:04:23-07:00,0.6333333333333333,False,14,2026-08-22 21:04:23-07:00,38.0,False
629,23,2026-08-22 21:05:50-07:00,2026-08-22,21:05:50,drive_thru,car,CAR 233  (+0:49),,4,In_n_Out_log_2026-09-06_193227.json,2026-09-06,,,,,,,,233.0,0.0,0.0,,,,,,,,,,,,,,,,,,49.0,,,,False,,2026-08-22 21:05:01-07:00,0.8166666666666667,False,14,2026-08-22 21:05:01-07:00,49.0,False
630,23,2026-08-22 21:06:42-07:00,2026-08-22,21:06:42,drive_thru,car,CAR 234  (+0:52),,4,In_n_Out_log_2026-09-06_193227.json,2026-09-06,,,,,,,,234.0,0.0,0.0,,,,,,,,,,,,,,,,,,52.0,,,,False,,2026-08-22 21:05:50-07:00,0.8666666666666667,False,14,2026-08-22 21:05:50-07:00,52.0,False
631,23,2026-08-22 21:08:07-07:00,2026-08-22,21:08:07,drive_thru,car,CAR 235  (+1:25),,4,In_n_Out_log_2026-09-06_193227.json,2026-09-06,,,,,,,,235.0,0.0,0.0,,,,,,,,,,,,,,,,,,85.0,,,,False,,2026-08-22 21:06:42-07:00,1.4166666666666667,False,14,2026-08-22 21:06:42-07:00,85.0,False
632,23,2026-08-22 21:09:22-07:00,2026-08-22,21:09:22,drive_thru,car,CAR 236  (+1:15),,4,In_n_Out_log_2026-09-06_193227.json,2026-09-06,,,,,,,,236.0,0.0,0.0,,,,,,,,,,,,,,,,,,75.0,,,,False,,2026-08-22 21:08:07-07:00,1.25,False,14,2026-08-22 21:08:07-07:00,75.0,False
633,23,2026-08-22 21:10:22-07:00,2026-08-22,21:10:22,drive_thru,car,CAR 237  (+0:59),,4,In_n_Out_log_2026-09-06_193227.json,2026-09-06,,,,,,,,237.0,0.0,0.0,,,,,,,,,,,,,,,,,,59.0,,,,False,,2026-08-22 21:09:22-07:00,1.0,False,14,2026-08-22 21:09:22-07:00,60.0,False
634,23,2026-08-22 21:11:14-07:00,2026-08-22,21:11:14,drive_thru,car,CAR 238  (+0:52),,4,In_n_Out_log_2026-09-06_193227.json,2026-09-06,,,,,,,,238.0,0.0,0.0,,,,,,,,,,,,,,,,,,52.0,,,,False,,2026-08-22 21:10:22-07:00,0.8666666666666667,False,14,2026-08-22 21:10:22-07:00,52.0,False
635,23,2026-08-22 21:12:36-07:00,2026-08-22,21:12:36,drive_thru,car,CAR 239  (+1:22),,4,In_n_Out_log_2026-09-06_193227.json,2026-09-06,,,,,,,,239.0,0.0,0.0,,,,,,,,,,,,,,,,,,82.0,,,,False,,2026-08-22 21:11:14-07:00,1.3666666666666667,False,14,2026-08-22 21:11:14-07:00,82.0,False
636,23,2026-08-22 21:14:01-07:00,2026-08-22,21:14:01,drive_thru,car,CAR 240  (+1:24),,4,In_n_Out_log_2026-09-06_193227.json,2026-09-06,,,,,,,,240.0,0.0,0.0,,,,,,,,,,,,,,,,,,84.0,,,,False,,2026-08-22 21:12:36-07:00,1.4166666666666667,False,14,2026-08-22 21:12:36-07:00,85.0,False
637,23,2026-08-22 21:14:24-07:00,2026-08-22,21:14:24,drive_thru,car,CAR 241  (+0:24),,4,In_n_Out_log_2026-09-06_193227.json,2026-09-06,,,,,,,,241.0,0.0,0.0,,,,,,,,,,,,,,,,,,24.0,,,,False,,2026-08-22 21:14:01-07:00,0.38333333333333336,False,14,2026-08-22 21:14:01-07:00,23.0,False
638,23,2026-08-22 21:15:26-07:00,2026-08-22,21:15:26,drive_thru,car,CAR 242  (+1:02),,4,In_n_Out_log_2026-09-06_193227.json,2026-09-06,,,,,,,,242.0,0.0,0.0,,,,,,,,,,,,,,,,,,62.0,,,,False,,2026-08-22 21:14:24-07:00,1.0333333333333334,False,14,2026-08-22 21:14:24-07:00,62.0,False
646,24,2026-08-22 21:28:54-07:00,2026-08-22,21:28:54,drive_thru,car,CAR 244  (+0:41),,4,In_n_Out_log_2026-09-06_193227.json,2026-09-06,,,,,,,,244.0,0.0,0.0,,,,,,,,,,,,,,,,,,41.0,,,,False,,2026-08-22 21:28:12-07:00,0.7,False,15,2026-08-22 21:28:12-07:00,42.0,False
649,24,2026-08-22 21:29:36-07:00,2026-08-22,21:29:36,drive_thru,car,CAR 245 — BAGS 1 BOXES 0  (+0:42),,4,In_n_Out_log_2026-09-06_193227.json,2026-09-06,,,,,,,,245.0,1.0,0.0,,,,,,,,,,,,,,,,,,42.0,,,,False,,2026-08-22 21:28:54-07:00,0.7,False,15,2026-08-22 21:28:54-07:00,42.0,True
650,24,2026-08-22 21:30:20-07:00,2026-08-22,21:30:20,drive_thru,car,CAR 246  (+0:44),,4,In_n_Out_log_2026-09-06_193227.json,2026-09-06,,,,,,,,246.0,0.0,0.0,,,,,,,,,,,,,,,,,,44.0,,,,False,,2026-08-22 21:29:36-07:00,0.7333333333333333,False,15,2026-08-22 21:29:36-07:00,44.0,False
653,24,2026-08-22 21:32:06-07:00,2026-08-22,21:32:06,drive_thru,car,CAR 247 — BAGS 3 BOXES 0  (+1:46),,4,In_n_Out_log_2026-09-06_193227.json,2026-09-06,,,,,,,,247.0,3.0,0.0,,,,,,,,,,,,,,,,,,106.0,,,,False,,2026-08-22 21:30:20-07:00,1.7666666666666666,False,15,2026-08-22 21:30:20-07:00,106.0,True
655,24,2026-08-22 21:33:09-07:00,2026-08-22,21:33:09,drive_thru,car,CAR 248  (+1:03),,4,In_n_Out_log_2026-09-06_193227.json,2026-09-06,,,,,,,,248.0,0.0,0.0,,,,,,,,,,,,,,,,,,63.0,,,,False,,2026-08-22 21:32:06-07:00,1.05,False,15,2026-08-22 21:32:06-07:00,63.0,False
657,24,2026-08-22 21:34:32-07:00,2026-08-22,21:34:32,drive_thru,car,CAR 249  (+1:23),,4,In_n_Out_log_2026-09-06_193227.json,2026-09-06,,,,,,,,249.0,0.0,0.0,,,,,,,,,,,,,,,,,,83.0,,,,False,,2026-08-22 21:33:09-07:00,1.3833333333333333,False,15,2026-08-22 21:33:09-07:00,83.0,False
658,24,2026-08-22 21:35:06-07:00,2026-08-22,21:35:06,drive_thru,car,CAR 250  (+0:34),,4,In_n_Out_log_2026-09-06_193227.json,2026-09-06,,,,,,,,250.0,0.0,0.0,,,,,,,,,,,,,,,,,,34.0,,,,False,,2026-08-22 21:34:32-07:00,0.5666666666666667,False,15,2026-08-22 21:34:32-07:00,34.0,False
660,24,2026-08-22 21:35:50-07:00,2026-08-22,21:35:50,drive_thru,car,CAR 251 — BAGS 1 BOXES 0  (+0:44),,4,In_n_Out_log_2026-09-06_193227.json,2026-09-06,,,,,,,,251.0,1.0,0.0,,,,,,,,,,,,,,,,,,44.0,,,,False,,2026-08-22 21:35:06-07:00,0.7333333333333333,False,15,2026-08-22 21:35:06-07:00,44.0,False
661,24,2026-08-22 21:36:04-07:00,2026-08-22,21:36:04,drive_thru,car,CAR 252  (+0:13),,4,In_n_Out_log_2026-09-06_193227.json,2026-09-06,,,,,,,,252.0,0.0,0.0,,,,,,,,,,,,,,,,,,13.0,,,,False,,2026-08-22 21:35:50-07:00,0.23333333333333334,False,15,2026-08-22 21:35:50-07:00,14.0,False
662,24,2026-08-22 21:36:19-07:00,2026-08-22,21:36:19,drive_thru,car,CAR 253  (+0:16),,4,In_n_Out_log_2026-09-06_193227.json,2026-09-06,,,,,,,,253.0,0.0,0.0,,,,,,,,,,,,,,,,,,16.0,,,,False,,2026-08-22 21:36:04-07:00,0.25,False,15,2026-08-22 21:36:04-07:00,15.0,False
664,24,2026-08-22 21:36:55-07:00,2026-08-22,21:36:55,drive_thru,car,CAR 254 — BAGS 0 BOXES 1  (+0:36),,4,In_n_Out_log_2026-09-06_193227.json,2026-09-06,,,,,,,,254.0,0.0,1.0,,,,,,,,,,,,,,,,,,36.0,,,,False,,2026-08-22 21:36:19-07:00,0.6,False,15,2026-08-22 21:36:19-07:00,36.0,False
666,24,2026-08-22 21:37:30-07:00,2026-08-22,21:37:30,drive_thru,car,CAR 255 — BAGS 1 BOXES 0  (+0:35),,4,In_n_Out_log_2026-09-06_193227.json,2026-09-06,,,,,,,,255.0,1.0,0.0,,,,,,,,,,,,,,,,,,35.0,,,,False,,2026-08-22 21:36:55-07:00,0.5833333333333334,False,15,2026-08-22 21:36:55-07:00,35.0,False
671,24,2026-08-22 21:38:47-07:00,2026-08-22,21:38:47,drive_thru,car,CAR 256  (+1:16),,4,In_n_Out_log_2026-09-06_193227.json,2026-09-06,,,,,,,,256.0,0.0,0.0,,,,,,,,,,,,,,,,,,76.0,,,,False,,2026-08-22 21:37:30-07:00,1.2833333333333334,False,15,2026-08-22 21:37:30-07:00,77.0,True
672,24,2026-08-22 21:39:33-07:00,2026-08-22,21:39:33,drive_thru,car,CAR 257  (+0:46),,4,In_n_Out_log_2026-09-06_193227.json,2026-09-06,,,,,,,,257.0,0.0,0.0,,,,,,,,,,,,,,,,,,46.0,,,,False,,2026-08-22 21:38:47-07:00,0.7666666666666667,False,15,2026-08-22 21:38:47-07:00,46.0,False
673,24,2026-08-22 21:39:57-07:00,2026-08-22,21:39:57,drive_thru,car,CAR 258  (+0:24),,4,In_n_Out_log_2026-09-06_193227.json,2026-09-06,,,,,,,,258.0,0.0,0.0,,,,,,,,,,,,,,,,,,24.0,,,,False,,2026-08-22 21:39:33-07:00,0.4,False,15,2026-08-22 21:39:33-07:00,24.0,False
674,24,2026-08-22 21:41:12-07:00,2026-08-22,21:41:12,drive_thru,car,CAR 259 — BAGS 1 BOXES 1  (+1:15),,4,In_n_Out_log_2026-09-06_193227.json,2026-09-06,,,,,,,,259.0,1.0,1.0,,,,,,,,,,,,,,,,,,75.0,,,,False,,2026-08-22 21:39:57-07:00,1.25,False,15,2026-08-22 21:39:57-07:00,75.0,False
675,24,2026-08-22 21:41:39-07:00,2026-08-22,21:41:39,drive_thru,car,CAR 260  (+0:27),,4,In_n_Out_log_2026-09-06_193227.json,2026-09-06,,,,,,,,260.0,0.0,0.0,,,,,,,,,,,,,,,,,,27.0,,,,False,,2026-08-22 21:41:12-07:00,0.45,False,15,2026-08-22 21:41:12-07:00,27.0,False
676,24,2026-08-22 21:42:28-07:00,2026-08-22,21:42:28,drive_thru,car,CAR 261 — BAGS 1 BOXES 0  (+0:49),,4,In_n_Out_log_2026-09-06_193227.json,2026-09-06,,,,,,,,261.0,1.0,0.0,,,,,,,,,,,,,,,,,,49.0,,,,False,,2026-08-22 21:41:39-07:00,0.8166666666666667,False,15,2026-08-22 21:41:39-07:00,49.0,False
677,24,2026-08-22 21:43:58-07:00,2026-08-22,21:43:58,drive_thru,car,CAR 262 — BAGS 2 BOXES 0  (+1:29),,4,In_n_Out_log_2026-09-06_193227.json,2026-09-06,,,,,,,,262.0,2.0,0.0,,,,,,,,,,,,,,,,,,89.0,,,,False,,2026-08-22 21:42:28-07:00,1.5,False,15,2026-08-22 21:42:28-07:00,90.0,False
678,24,2026-08-22 21:45:01-07:00,2026-08-22,21:45:01,drive_thru,car,CAR 263  (+1:03),,4,In_n_Out_log_2026-09-06_193227.json,2026-09-06,,,,,,,,263.0,0.0,0.0,,,,,,,,,,,,,,,,,,63.0,,,,False,,2026-08-22 21:43:58-07:00,1.05,False,15,2026-08-22 21:43:58-07:00,63.0,False
679,24,2026-08-22 21:45:31-07:00,2026-08-22,21:45:31,drive_thru,car,CAR 264 — BAGS 2 BOXES 0  (+0:30),,4,In_n_Out_log_2026-09-06_193227.json,2026-09-06,,,,,,,,264.0,2.0,0.0,,,,,,,,,,,,,,,,,,30.0,,,,False,,2026-08-22 21:45:01-07:00,0.5,False,15,2026-08-22 21:45:01-07:00,30.0,False
680,24,2026-08-22 21:46:07-07:00,2026-08-22,21:46:07,drive_thru,car,CAR 265 — BAGS 2 BOXES 0  (+0:36),,4,In_n_Out_log_2026-09-06_193227.json,2026-09-06,,,,,,,,265.0,2.0,0.0,,,,,,,,,,,,,,,,,,36.0,,,,False,,2026-08-22 21:45:31-07:00,0.6,False,15,2026-08-22 21:45:31-07:00,36.0,False
681,24,2026-08-22 21:47:06-07:00,2026-08-22,21:47:06,drive_thru,car,CAR 266  (+0:59),,4,In_n_Out_log_2026-09-06_193227.json,2026-09-06,,,,,,,,266.0,0.0,0.0,,,,,,,,,,,,,,,,,,59.0,,,,False,,2026-08-22 21:46:07-07:00,0.9833333333333333,False,15,2026-08-22 21:46:07-07:00,59.0,False
688,25,2026-08-23 12:49:40-07:00,2026-08-23,12:49:40,drive_thru,car,CAR 268  (+2:01),,4,In_n_Out_log_2026-09-06_193227.json,2026-09-06,,,,,,,,268.0,0.0,0.0,,,,,,,,,,,,,,,,,,121.0,,,,False,,2026-08-23 12:47:39-07:00,2.0166666666666666,False,16,2026-08-23 12:47:39-07:00,121.0,True
690,25,2026-08-23 12:50:40-07:00,2026-08-23,12:50:40,drive_thru,car,CAR 269  (+0:59),,4,In_n_Out_log_2026-09-06_193227.json,2026-09-06,,,,,,,,269.0,0.0,0.0,,,,,,,,,,,,,,,,,,59.0,,,,False,,2026-08-23 12:49:40-07:00,1.0,False,16,2026-08-23 12:49:40-07:00,60.0,False
691,25,2026-08-23 12:50:59-07:00,2026-08-23,12:50:59,drive_thru,car,CAR 270  (+0:19),,4,In_n_Out_log_2026-09-06_193227.json,2026-09-06,,,,,,,,270.0,0.0,0.0,,,,,,,,,,,,,,,,,,19.0,,,,False,,2026-08-23 12:50:40-07:00,0.31666666666666665,False,16,2026-08-23 12:50:40-07:00,19.0,False
693,25,2026-08-23 12:52:22-07:00,2026-08-23,12:52:22,drive_thru,car,CAR 271  (+1:23),,4,In_n_Out_log_2026-09-06_193227.json,2026-09-06,,,,,,,,271.0,0.0,0.0,,,,,,,,,,,,,,,,,,83.0,,,,False,,2026-08-23 12:50:59-07:00,1.3833333333333333,False,16,2026-08-23 12:50:59-07:00,83.0,False
694,25,2026-08-23 12:52:43-07:00,2026-08-23,12:52:43,drive_thru,car,CAR 272  (+0:21),,4,In_n_Out_log_2026-09-06_193227.json,2026-09-06,,,,,,,,272.0,0.0,0.0,,,,,,,,,,,,,,,,,,21.0,,,,False,,2026-08-23 12:52:22-07:00,0.35,False,16,2026-08-23 12:52:22-07:00,21.0,False
695,25,2026-08-23 12:53:36-07:00,2026-08-23,12:53:36,drive_thru,car,CAR 273  (+0:53),,4,In_n_Out_log_2026-09-06_193227.json,2026-09-06,,,,,,,,273.0,0.0,0.0,,,,,,,,,,,,,,,,,,53.0,,,,False,,2026-08-23 12:52:43-07:00,0.8833333333333333,False,16,2026-08-23 12:52:43-07:00,53.0,False
696,25,2026-08-23 12:54:16-07:00,2026-08-23,12:54:16,drive_thru,car,CAR 274  (+0:40),,4,In_n_Out_log_2026-09-06_193227.json,2026-09-06,,,,,,,,274.0,0.0,0.0,,,,,,,,,,,,,,,,,,40.0,,,,False,,2026-08-23 12:53:36-07:00,0.6666666666666666,False,16,2026-08-23 12:53:36-07:00,40.0,False
697,25,2026-08-23 12:55:21-07:00,2026-08-23,12:55:21,drive_thru,car,CAR 275  (+1:05),,4,In_n_Out_log_2026-09-06_193227.json,2026-09-06,,,,,,,,275.0,0.0,0.0,,,,,,,,,,,,,,,,,,65.0,,,,False,,2026-08-23 12:54:16-07:00,1.0833333333333333,False,16,2026-08-23 12:54:16-07:00,65.0,False
698,25,2026-08-23 12:56:25-07:00,2026-08-23,12:56:25,drive_thru,car,CAR 276  (+1:04),,4,In_n_Out_log_2026-09-06_193227.json,2026-09-06,,,,,,,,276.0,0.0,0.0,,,,,,,,,,,,,,,,,,64.0,,,,False,,2026-08-23 12:55:21-07:00,1.0666666666666667,False,16,2026-08-23 12:55:21-07:00,64.0,False
699,25,2026-08-23 12:58:09-07:00,2026-08-23,12:58:09,drive_thru,car,CAR 277  (+1:45),,4,In_n_Out_log_2026-09-06_193227.json,2026-09-06,,,,,,,,277.0,0.0,0.0,,,,,,,,,,,,,,,,,,105.0,,,,False,,2026-08-23 12:56:25-07:00,1.7333333333333334,False,16,2026-08-23 12:56:25-07:00,104.0,False
700,25,2026-08-23 12:58:59-07:00,2026-08-23,12:58:59,drive_thru,car,CAR 278  (+0:49),,4,In_n_Out_log_2026-09-06_193227.json,2026-09-06,,,,,,,,278.0,0.0,0.0,,,,,,,,,,,,,,,,,,49.0,,,,False,,2026-08-23 12:58:09-07:00,0.8333333333333334,False,16,2026-08-23 12:58:09-07:00,50.0,False
701,25,2026-08-23 13:00:16-07:00,2026-08-23,13:00:16,drive_thru,car,CAR 279  (+1:17),,4,In_n_Out_log_2026-09-06_193227.json,2026-09-06,,,,,,,,279.0,0.0,0.0,,,,,,,,,,,,,,,,,,77.0,,,,False,,2026-08-23 12:58:59-07:00,1.2833333333333334,False,16,2026-08-23 12:58:59-07:00,77.0,False
703,25,2026-08-23 13:01:18-07:00,2026-08-23,13:01:18,drive_thru,car,CAR 280  (+1:02),,4,In_n_Out_log_2026-09-06_193227.json,2026-09-06,,,,,,,,280.0,0.0,0.0,,,,,,,,,,,,,,,,,,62.0,,,,False,,2026-08-23 13:00:16-07:00,1.0333333333333334,False,16,2026-08-23 13:00:16-07:00,62.0,False
704,25,2026-08-23 13:02:18-07:00,2026-08-23,13:02:18,drive_thru,car,CAR 281  (+1:00),,4,In_n_Out_log_2026-09-06_193227.json,2026-09-06,,,,,,,,281.0,0.0,0.0,,,,,,,,,,,,,,,,,,60.0,,,,False,,2026-08-23 13:01:18-07:00,1.0,False,16,2026-08-23 13:01:18-07:00,60.0,False
705,25,2026-08-23 13:04:07-07:00,2026-08-23,13:04:07,drive_thru,car,CAR 282  (+1:49),,4,In_n_Out_log_2026-09-06_193227.json,2026-09-06,,,,,,,,282.0,0.0,0.0,,,,,,,,,,,,,,,,,,109.0,,,,False,,2026-08-23 13:02:18-07:00,1.8166666666666667,False,16,2026-08-23 13:02:18-07:00,109.0,False
706,25,2026-08-23 13:05:45-07:00,2026-08-23,13:05:45,drive_thru,car,CAR 283  (+1:37),,4,In_n_Out_log_2026-09-06_193227.json,2026-09-06,,,,,,,,283.0,0.0,0.0,,,,,,,,,,,,,,,,,,97.0,,,,False,,2026-08-23 13:04:07-07:00,1.6333333333333333,False,16,2026-08-23 13:04:07-07:00,98.0,False
707,25,2026-08-23 13:07:05-07:00,2026-08-23,13:07:05,drive_thru,car,CAR 284  (+1:21),,4,In_n_Out_log_2026-09-06_193227.json,2026-09-06,,,,,,,,284.0,0.0,0.0,,,,,,,,,,,,,,,,,,81.0,,,,False,,2026-08-23 13:05:45-07:00,1.3333333333333333,False,16,2026-08-23 13:05:45-07:00,80.0,False
708,25,2026-08-23 13:08:05-07:00,2026-08-23,13:08:05,drive_thru,car,CAR 285  (+1:00),,4,In_n_Out_log_2026-09-06_193227.json,2026-09-06,,,,,,,,285.0,0.0,0.0,,,,,,,,,,,,,,,,,,60.0,,,,False,,2026-08-23 13:07:05-07:00,1.0,False,16,2026-08-23 13:07:05-07:00,60.0,False
709,25,2026-08-23 13:08:40-07:00,2026-08-23,13:08:40,drive_thru,car,CAR 286  (+0:34),,4,In_n_Out_log_2026-09-06_193227.json,2026-09-06,,,,,,,,286.0,0.0,0.0,,,,,,,,,,,,,,,,,,34.0,,,,False,,2026-08-23 13:08:05-07:00,0.5833333333333334,False,16,2026-08-23 13:08:05-07:00,35.0,False
710,25,2026-08-23 13:11:30-07:00,2026-08-23,13:11:30,drive_thru,car,CAR 287  (+2:50),,4,In_n_Out_log_2026-09-06_193227.json,2026-09-06,,,,,,,,287.0,0.0,0.0,,,,,,,,,,,,,,,,,,170.0,,,,False,,2026-08-23 13:08:40-07:00,2.8333333333333335,False,16,2026-08-23 13:08:40-07:00,170.0,False
712,25,2026-08-23 13:13:05-07:00,2026-08-23,13:13:05,drive_thru,car,CAR 288  (+1:35),,4,In_n_Out_log_2026-09-06_193227.json,2026-09-06,,,,,,,,288.0,0.0,0.0,,,,,,,,,,,,,,,,,,95.0,,,,False,,2026-08-23 13:11:30-07:00,1.5833333333333333,False,16,2026-08-23 13:11:30-07:00,95.0,False
713,25,2026-08-23 13:13:47-07:00,2026-08-23,13:13:47,drive_thru,car,CAR 289  (+0:43),,4,In_n_Out_log_2026-09-06_193227.json,2026-09-06,,,,,,,,289.0,0.0,0.0,,,,,,,,,,,,,,,,,,43.0,,,,False,,2026-08-23 13:13:05-07:00,0.7,False,16,2026-08-23 13:13:05-07:00,42.0,False
715,25,2026-08-23 13:15:44-07:00,2026-08-23,13:15:44,drive_thru,car,CAR 290  (+1:57),,4,In_n_Out_log_2026-09-06_193227.json,2026-09-06,,,,,,,,290.0,0.0,0.0,,,,,,,,,,,,,,,,,,117.0,,,,False,,2026-08-23 13:13:47-07:00,1.95,False,16,2026-08-23 13:13:47-07:00,117.0,False
716,25,2026-08-23 13:17:28-07:00,2026-08-23,13:17:28,drive_thru,car,CAR 291  (+1:43),,4,In_n_Out_log_2026-09-06_193227.json,2026-09-06,,,,,,,,291.0,0.0,0.0,,,,,,,,,,,,,,,,,,103.0,,,,False,,2026-08-23 13:15:44-07:00,1.7333333333333334,False,16,2026-08-23 13:15:44-07:00,104.0,False
718,25,2026-08-23 13:19:04-07:00,2026-08-23,13:19:04,drive_thru,car,CAR 292  (+1:36),,4,In_n_Out_log_2026-09-06_193227.json,2026-09-06,,,,,,,,292.0,0.0,0.0,,,,,,,,,,,,,,,,,,96.0,,,,False,,2026-08-23 13:17:28-07:00,1.6,False,16,2026-08-23 13:17:28-07:00,96.0,False
720,25,2026-08-23 13:20:58-07:00,2026-08-23,13:20:58,drive_thru,car,CAR 293  (+1:55),,4,In_n_Out_log_2026-09-06_193227.json,2026-09-06,,,,,,,,293.0,0.0,0.0,,,,,,,,,,,,,,,,,,115.0,,,,False,,2026-08-23 13:19:04-07:00,1.9,False,16,2026-08-23 13:19:04-07:00,114.0,False
721,25,2026-08-23 13:21:29-07:00,2026-08-23,13:21:29,drive_thru,car,CAR 294  (+0:31),,4,In_n_Out_log_2026-09-06_193227.json,2026-09-06,,,,,,,,294.0,0.0,0.0,,,,,,,,,,,,,,,,,,31.0,,,,False,,2026-08-23 13:20:58-07:00,0.5166666666666667,False,16,2026-08-23 13:20:58-07:00,31.0,False
722,25,2026-08-23 13:22:12-07:00,2026-08-23,13:22:12,drive_thru,car,CAR 295 — BAGS 2 BOXES 0  (+0:42),,4,In_n_Out_log_2026-09-06_193227.json,2026-09-06,,,,,,,,295.0,2.0,0.0,,,,,,,,,,,,,,,,,,42.0,,,,False,,2026-08-23 13:21:29-07:00,0.7166666666666667,False,16,2026-08-23 13:21:29-07:00,43.0,False
724,25,2026-08-23 13:23:36-07:00,2026-08-23,13:23:36,drive_thru,car,CAR 296 — BAGS 2 BOXES 0  (+1:24),,4,In_n_Out_log_2026-09-06_193227.json,2026-09-06,,,,,,,,296.0,2.0,0.0,,,,,,,,,,,,,,,,,,84.0,,,,False,,2026-08-23 13:22:12-07:00,1.4,False,16,2026-08-23 13:22:12-07:00,84.0,False
726,25,2026-08-23 13:24:59-07:00,2026-08-23,13:24:59,drive_thru,car,CAR 298  (+1:23),,4,In_n_Out_log_2026-09-06_193227.json,2026-09-06,,,,,,,,298.0,0.0,0.0,,,,,,,,,,,,,,,,,,83.0,,,,False,,2026-08-23 13:23:36-07:00,1.3833333333333333,False,16,2026-08-23 13:23:36-07:00,83.0,False
729,25,2026-08-23 13:27:16-07:00,2026-08-23,13:27:16,drive_thru,car,CAR 299  (+2:17),,4,In_n_Out_log_2026-09-06_193227.json,2026-09-06,,,,,,,,299.0,0.0,0.0,,,,,,,,,,,,,,,,,,137.0,,,,False,,2026-08-23 13:24:59-07:00,2.283333333333333,False,16,2026-08-23 13:24:59-07:00,137.0,False
730,25,2026-08-23 13:28:48-07:00,2026-08-23,13:28:48,drive_thru,car,CAR 300  (+1:32),,4,In_n_Out_log_2026-09-06_193227.json,2026-09-06,,,,,,,,300.0,0.0,0.0,,,,,,,,,,,,,,,,,,92.0,,,,False,,2026-08-23 13:27:16-07:00,1.5333333333333334,False,16,2026-08-23 13:27:16-07:00,92.0,False
732,25,2026-08-23 13:30:37-07:00,2026-08-23,13:30:37,drive_thru,car,CAR 301  (+1:49),,4,In_n_Out_log_2026-09-06_193227.json,2026-09-06,,,,,,,,301.0,0.0,0.0,,,,,,,,,,,,,,,,,,109.0,,,,False,,2026-08-23 13:28:48-07:00,1.8166666666666667,False,16,2026-08-23 13:28:48-07:00,109.0,False
733,25,2026-08-23 13:31:58-07:00,2026-08-23,13:31:58,drive_thru,car,CAR 302  (+1:22),,4,In_n_Out_log_2026-09-06_193227.json,2026-09-06,,,,,,,,302.0,0.0,0.0,,,,,,,,,,,,,,,,,,82.0,,,,False,,2026-08-23 13:30:37-07:00,1.35,False,16,2026-08-23 13:30:37-07:00,81.0,False
735,25,2026-08-23 13:33:48-07:00,2026-08-23,13:33:48,drive_thru,car,CAR 303  (+1:49),,4,In_n_Out_log_2026-09-06_193227.json,2026-09-06,,,,,,,,303.0,0.0,0.0,,,,,,,,,,,,,,,,,,109.0,,,,False,,2026-08-23 13:31:58-07:00,1.8333333333333333,False,16,2026-08-23 13:31:58-07:00,110.0,False
737,25,2026-08-23 13:35:21-07:00,2026-08-23,13:35:21,drive_thru,car,CAR 304  (+1:34),,4,In_n_Out_log_2026-09-06_193227.json,2026-09-06,,,,,,,,304.0,0.0,0.0,,,,,,,,,,,,,,,,,,94.0,,,,False,,2026-08-23 13:33:48-07:00,1.55,False,16,2026-08-23 13:33:48-07:00,93.0,False
738,25,2026-08-23 13:37:03-07:00,2026-08-23,13:37:03,drive_thru,car,CAR 305  (+1:42),,4,In_n_Out_log_2026-09-06_193227.json,2026-09-06,,,,,,,,305.0,0.0,0.0,,,,,,,,,,,,,,,,,,102.0,,,,False,,2026-08-23 13:35:21-07:00,1.7,False,16,2026-08-23 13:35:21-07:00,102.0,False
740,25,2026-08-23 13:38:31-07:00,2026-08-23,13:38:31,drive_thru,car,CAR 306  (+1:27),,4,In_n_Out_log_2026-09-06_193227.json,2026-09-06,,,,,,,,306.0,0.0,0.0,,,,,,,,,,,,,,,,,,87.0,,,,False,,2026-08-23 13:37:03-07:00,1.4666666666666666,False,16,2026-08-23 13:37:03-07:00,88.0,False
741,25,2026-08-23 13:40:27-07:00,2026-08-23,13:40:27,drive_thru,car,CAR 307  (+1:57),,4,In_n_Out_log_2026-09-06_193227.json,2026-09-06,,,,,,,,307.0,0.0,0.0,,,,,,,,,,,,,,,,,,117.0,,,,False,,2026-08-23 13:38:31-07:00,1.9333333333333333,False,16,2026-08-23 13:38:31-07:00,116.0,False
742,25,2026-08-23 13:41:16-07:00,2026-08-23,13:41:16,drive_thru,car,CAR 308  (+0:48),,4,In_n_Out_log_2026-09-06_193227.json,2026-09-06,,,,,,,,308.0,0.0,0.0,,,,,,,,,,,,,,,,,,48.0,,,,False,,2026-08-23 13:40:27-07:00,0.8166666666666667,False,16,2026-08-23 13:40:27-07:00,49.0,False
746,25,2026-08-23 13:41:55-07:00,2026-08-23,13:41:55,drive_thru,car,CAR 309  (+0:39),,4,In_n_Out_log_2026-09-06_193227.json,2026-09-06,,,,,,,,309.0,0.0,0.0,,,,,,,,,,,,,,,,,,39.0,,,,False,,2026-08-23 13:41:16-07:00,0.65,False,16,2026-08-23 13:41:16-07:00,39.0,False
792,28,2026-08-23 14:21:47-07:00,2026-08-23,14:21:47,drive_thru,car,CAR 311  (+3:00),,4,In_n_Out_log_2026-09-06_193227.json,2026-09-06,,,,,,,,311.0,0.0,0.0,,,,,,,,,,,,,,,,,,180.0,,,,False,,2026-08-23 14:18:47-07:00,3.0,False,17,2026-08-23 14:18:47-07:00,180.0,False
793,28,2026-08-23 14:23:38-07:00,2026-08-23,14:23:38,drive_thru,car,CAR 312  (+1:51),,4,In_n_Out_log_2026-09-06_193227.json,2026-09-06,,,,,,,,312.0,0.0,0.0,,,,,,,,,,,,,,,,,,111.0,,,,False,,2026-08-23 14:21:47-07:00,1.85,False,17,2026-08-23 14:21:47-07:00,111.0,False
794,28,2026-08-23 14:24:12-07:00,2026-08-23,14:24:12,drive_thru,car,CAR 313  (+0:34),,4,In_n_Out_log_2026-09-06_193227.json,2026-09-06,,,,,,,,313.0,0.0,0.0,,,,,,,,,,,,,,,,,,34.0,,,,False,,2026-08-23 14:23:38-07:00,0.5666666666666667,False,17,2026-08-23 14:23:38-07:00,34.0,False
795,28,2026-08-23 14:25:14-07:00,2026-08-23,14:25:14,drive_thru,car,CAR 314  (+1:02),,4,In_n_Out_log_2026-09-06_193227.json,2026-09-06,,,,,,,,314.0,0.0,0.0,,,,,,,,,,,,,,,,,,62.0,,,,False,,2026-08-23 14:24:12-07:00,1.0333333333333334,False,17,2026-08-23 14:24:12-07:00,62.0,False
798,28,2026-08-23 14:27:59-07:00,2026-08-23,14:27:59,drive_thru,car,CAR 315  (+2:44),,4,In_n_Out_log_2026-09-06_193227.json,2026-09-06,,,,,,,,315.0,0.0,0.0,,,,,,,,,,,,,,,,,,164.0,,,,False,,2026-08-23 14:25:14-07:00,2.75,False,17,2026-08-23 14:25:14-07:00,165.0,True
799,28,2026-08-23 14:29:04-07:00,2026-08-23,14:29:04,drive_thru,car,CAR 316  (+1:05),,4,In_n_Out_log_2026-09-06_193227.json,2026-09-06,,,,,,,,316.0,0.0,0.0,,,,,,,,,,,,,,,,,,65.0,,,,False,,2026-08-23 14:27:59-07:00,1.0833333333333333,False,17,2026-08-23 14:27:59-07:00,65.0,False
800,28,2026-08-23 14:30:26-07:00,2026-08-23,14:30:26,drive_thru,car,CAR 317  (+1:22),,4,In_n_Out_log_2026-09-06_193227.json,2026-09-06,,,,,,,,317.0,0.0,0.0,,,,,,,,,,,,,,,,,,82.0,,,,False,,2026-08-23 14:29:04-07:00,1.3666666666666667,False,17,2026-08-23 14:29:04-07:00,82.0,False
801,28,2026-08-23 14:31:06-07:00,2026-08-23,14:31:06,drive_thru,car,CAR 318  (+0:40),,4,In_n_Out_log_2026-09-06_193227.json,2026-09-06,,,,,,,,318.0,0.0,0.0,,,,,,,,,,,,,,,,,,40.0,,,,False,,2026-08-23 14:30:26-07:00,0.6666666666666666,False,17,2026-08-23 14:30:26-07:00,40.0,False
802,28,2026-08-23 14:31:54-07:00,2026-08-23,14:31:54,drive_thru,car,CAR 319  (+0:48),,4,In_n_Out_log_2026-09-06_193227.json,2026-09-06,,,,,,,,319.0,0.0,0.0,,,,,,,,,,,,,,,,,,48.0,,,,False,,2026-08-23 14:31:06-07:00,0.8,False,17,2026-08-23 14:31:06-07:00,48.0,False
805,28,2026-08-23 14:33:03-07:00,2026-08-23,14:33:03,drive_thru,car,CAR 320  (+1:10),,4,In_n_Out_log_2026-09-06_193227.json,2026-09-06,,,,,,,,320.0,0.0,0.0,,,,,,,,,,,,,,,,,,70.0,,,,False,,2026-08-23 14:31:54-07:00,1.15,False,17,2026-08-23 14:31:54-07:00,69.0,False
806,28,2026-08-23 14:34:40-07:00,2026-08-23,14:34:40,drive_thru,car,CAR 321  (+1:37),,4,In_n_Out_log_2026-09-06_193227.json,2026-09-06,,,,,,,,321.0,0.0,0.0,,,,,,,,,,,,,,,,,,97.0,,,,False,,2026-08-23 14:33:03-07:00,1.6166666666666667,False,17,2026-08-23 14:33:03-07:00,97.0,False
807,28,2026-08-23 14:35:57-07:00,2026-08-23,14:35:57,drive_thru,car,CAR 322  (+1:17),,4,In_n_Out_log_2026-09-06_193227.json,2026-09-06,,,,,,,,322.0,0.0,0.0,,,,,,,,,,,,,,,,,,77.0,,,,False,,2026-08-23 14:34:40-07:00,1.2833333333333334,False,17,2026-08-23 14:34:40-07:00,77.0,False
812,28,2026-08-23 14:38:51-07:00,2026-08-23,14:38:51,drive_thru,car,CAR 323 — BAGS 1 BOXES 2  (+2:53),,4,In_n_Out_log_2026-09-06_193227.json,2026-09-06,,,,,,,,323.0,1.0,2.0,,,,,,,,,,,,,,,,,,173.0,,,,False,,2026-08-23 14:35:57-07:00,2.9,False,17,2026-08-23 14:35:57-07:00,174.0,False
813,28,2026-08-23 14:40:02-07:00,2026-08-23,14:40:02,drive_thru,car,CAR 324  (+1:12),,4,In_n_Out_log_2026-09-06_193227.json,2026-09-06,,,,,,,,324.0,0.0,0.0,,,,,,,,,,,,,,,,,,72.0,,,,False,,2026-08-23 14:38:51-07:00,1.1833333333333333,False,17,2026-08-23 14:38:51-07:00,71.0,False
814,28,2026-08-23 14:41:17-07:00,2026-08-23,14:41:17,drive_thru,car,CAR 325  (+1:15),,4,In_n_Out_log_2026-09-06_193227.json,2026-09-06,,,,,,,,325.0,0.0,0.0,,,,,,,,,,,,,,,,,,75.0,,,,False,,2026-08-23 14:40:02-07:00,1.25,False,17,2026-08-23 14:40:02-07:00,75.0,False
815,28,2026-08-23 14:42:58-07:00,2026-08-23,14:42:58,drive_thru,car,CAR 326  (+1:41),,4,In_n_Out_log_2026-09-06_193227.json,2026-09-06,,,,,,,,326.0,0.0,0.0,,,,,,,,,,,,,,,,,,101.0,,,,False,,2026-08-23 14:41:17-07:00,1.6833333333333333,False,17,2026-08-23 14:41:17-07:00,101.0,False
816,28,2026-08-23 14:44:04-07:00,2026-08-23,14:44:04,drive_thru,car,CAR 327  (+1:06),,4,In_n_Out_log_2026-09-06_193227.json,2026-09-06,,,,,,,,327.0,0.0,0.0,,,,,,,,,,,,,,,,,,66.0,,,,False,,2026-08-23 14:42:58-07:00,1.1,False,17,2026-08-23 14:42:58-07:00,66.0,False
817,28,2026-08-23 14:45:26-07:00,2026-08-23,14:45:26,drive_thru,car,CAR 328  (+1:22),,4,In_n_Out_log_2026-09-06_193227.json,2026-09-06,,,,,,,,328.0,0.0,0.0,,,,,,,,,,,,,,,,,,82.0,,,,False,,2026-08-23 14:44:04-07:00,1.3666666666666667,False,17,2026-08-23 14:44:04-07:00,82.0,False
819,28,2026-08-23 14:47:25-07:00,2026-08-23,14:47:25,drive_thru,car,CAR 329  (+1:59),,4,In_n_Out_log_2026-09-06_193227.json,2026-09-06,,,,,,,,329.0,0.0,0.0,,,,,,,,,,,,,,,,,,119.0,,,,False,,2026-08-23 14:45:26-07:00,1.9833333333333334,False,17,2026-08-23 14:45:26-07:00,119.0,False
820,28,2026-08-23 14:49:47-07:00,2026-08-23,14:49:47,drive_thru,car,CAR 330  (+2:22),,4,In_n_Out_log_2026-09-06_193227.json,2026-09-06,,,,,,,,330.0,0.0,0.0,,,,,,,,,,,,,,,,,,142.0,,,,False,,2026-08-23 14:47:25-07:00,2.3666666666666667,False,17,2026-08-23 14:47:25-07:00,142.0,False
821,28,2026-08-23 14:50:05-07:00,2026-08-23,14:50:05,drive_thru,car,CAR 331  (+0:18),,4,In_n_Out_log_2026-09-06_193227.json,2026-09-06,,,,,,,,331.0,0.0,0.0,,,,,,,,,,,,,,,,,,18.0,,,,False,,2026-08-23 14:49:47-07:00,0.3,False,17,2026-08-23 14:49:47-07:00,18.0,False
822,28,2026-08-23 14:51:42-07:00,2026-08-23,14:51:42,drive_thru,car,CAR 332  (+1:37),,4,In_n_Out_log_2026-09-06_193227.json,2026-09-06,,,,,,,,332.0,0.0,0.0,,,,,,,,,,,,,,,,,,97.0,,,,False,,2026-08-23 14:50:05-07:00,1.6166666666666667,False,17,2026-08-23 14:50:05-07:00,97.0,False
823,28,2026-08-23 14:52:50-07:00,2026-08-23,14:52:50,drive_thru,car,CAR 333  (+1:08),,4,In_n_Out_log_2026-09-06_193227.json,2026-09-06,,,,,,,,333.0,0.0,0.0,,,,,,,,,,,,,,,,,,68.0,,,,False,,2026-08-23 14:51:42-07:00,1.1333333333333333,False,17,2026-08-23 14:51:42-07:00,68.0,False
825,28,2026-08-23 14:53:32-07:00,2026-08-23,14:53:32,drive_thru,car,CAR 334  (+0:43),,4,In_n_Out_log_2026-09-06_193227.json,2026-09-06,,,,,,,,334.0,0.0,0.0,,,,,,,,,,,,,,,,,,43.0,,,,False,,2026-08-23 14:52:50-07:00,0.7,False,17,2026-08-23 14:52:50-07:00,42.0,False
826,28,2026-08-23 14:54:05-07:00,2026-08-23,14:54:05,drive_thru,car,CAR 335  (+0:33),,4,In_n_Out_log_2026-09-06_193227.json,2026-09-06,,,,,,,,335.0,0.0,0.0,,,,,,,,,,,,,,,,,,33.0,,,,False,,2026-08-23 14:53:32-07:00,0.55,False,17,2026-08-23 14:53:32-07:00,33.0,False
827,28,2026-08-23 14:54:41-07:00,2026-08-23,14:54:41,drive_thru,car,CAR 336 — BAGS 1 BOXES 0  (+0:36),,4,In_n_Out_log_2026-09-06_193227.json,2026-09-06,,,,,,,,336.0,1.0,0.0,,,,,,,,,,,,,,,,,,36.0,,,,False,,2026-08-23 14:54:05-07:00,0.6,False,17,2026-08-23 14:54:05-07:00,36.0,False
829,28,2026-08-23 14:55:30-07:00,2026-08-23,14:55:30,drive_thru,car,CAR 337 — BAGS 2 BOXES 0  (+0:49),,4,In_n_Out_log_2026-09-06_193227.json,2026-09-06,,,,,,,,337.0,2.0,0.0,,,,,,,,,,,,,,,,,,49.0,,,,False,,2026-08-23 14:54:41-07:00,0.8166666666666667,False,17,2026-08-23 14:54:41-07:00,49.0,False
832,28,2026-08-23 14:59:19-07:00,2026-08-23,14:59:19,drive_thru,car,CAR 338  (+3:50),,4,In_n_Out_log_2026-09-06_193227.json,2026-09-06,,,,,,,,338.0,0.0,0.0,,,,,,,,,,,,,,,,,,230.0,,,,False,,2026-08-23 14:55:30-07:00,3.816666666666667,False,17,2026-08-23 14:55:30-07:00,229.0,True
833,28,2026-08-23 15:00:09-07:00,2026-08-23,15:00:09,drive_thru,car,CAR 339  (+0:49),,4,In_n_Out_log_2026-09-06_193227.json,2026-09-06,,,,,,,,339.0,0.0,0.0,,,,,,,,,,,,,,,,,,49.0,,,,False,,2026-08-23 14:59:19-07:00,0.8333333333333334,False,17,2026-08-23 14:59:19-07:00,50.0,False
834,28,2026-08-23 15:02:15-07:00,2026-08-23,15:02:15,drive_thru,car,CAR 340  (+2:07),,4,In_n_Out_log_2026-09-06_193227.json,2026-09-06,,,,,,,,340.0,0.0,0.0,,,,,,,,,,,,,,,,,,127.0,,,,False,,2026-08-23 15:00:09-07:00,2.1,False,17,2026-08-23 15:00:09-07:00,126.0,False
835,28,2026-08-23 15:05:03-07:00,2026-08-23,15:05:03,drive_thru,car,CAR 341  (+2:48),,4,In_n_Out_log_2026-09-06_193227.json,2026-09-06,,,,,,,,341.0,0.0,0.0,,,,,,,,,,,,,,,,,,168.0,,,,False,,2026-08-23 15:02:15-07:00,2.8,False,17,2026-08-23 15:02:15-07:00,168.0,False
836,28,2026-08-23 15:07:42-07:00,2026-08-23,15:07:42,drive_thru,car,CAR 342  (+2:39),,4,In_n_Out_log_2026-09-06_193227.json,2026-09-06,,,,,,,,342.0,0.0,0.0,,,,,,,,,,,,,,,,,,159.0,,,,False,,2026-08-23 15:05:03-07:00,2.65,False,17,2026-08-23 15:05:03-07:00,159.0,False
837,28,2026-08-23 15:08:10-07:00,2026-08-23,15:08:10,drive_thru,car,CAR 343  (+0:28),,4,In_n_Out_log_2026-09-06_193227.json,2026-09-06,,,,,,,,343.0,0.0,0.0,,,,,,,,,,,,,,,,,,28.0,,,,False,,2026-08-23 15:07:42-07:00,0.4666666666666667,False,17,2026-08-23 15:07:42-07:00,28.0,False
838,28,2026-08-23 15:08:40-07:00,2026-08-23,15:08:40,drive_thru,car,CAR 344  (+0:30),,4,In_n_Out_log_2026-09-06_193227.json,2026-09-06,,,,,,,,344.0,0.0,0.0,,,,,,,,,,,,,,,,,,30.0,,,,False,,2026-08-23 15:08:10-07:00,0.5,False,17,2026-08-23 15:08:10-07:00,30.0,False
839,28,2026-08-23 15:10:22-07:00,2026-08-23,15:10:22,drive_thru,car,CAR 345  (+1:42),,4,In_n_Out_log_2026-09-06_193227.json,2026-09-06,,,,,,,,345.0,0.0,0.0,,,,,,,,,,,,,,,,,,102.0,,,,False,,2026-08-23 15:08:40-07:00,1.7,False,17,2026-08-23 15:08:40-07:00,102.0,False
840,28,2026-08-23 15:12:47-07:00,2026-08-23,15:12:47,drive_thru,car,CAR 346  (+2:25),,4,In_n_Out_log_2026-09-06_193227.json,2026-09-06,,,,,,,,346.0,0.0,0.0,,,,,,,,,,,,,,,,,,145.0,,,,False,,2026-08-23 15:10:22-07:00,2.4166666666666665,False,17,2026-08-23 15:10:22-07:00,145.0,False
843,28,2026-08-23 15:12:55-07:00,2026-08-23,15:12:55,drive_thru,car,CAR 347  (+0:08),,4,In_n_Out_log_2026-09-06_193227.json,2026-09-06,,,,,,,,347.0,0.0,0.0,,,,,,,,,,,,,,,,,,8.0,,,,False,,2026-08-23 15:12:47-07:00,0.13333333333333333,False,17,2026-08-23 15:12:47-07:00,8.0,True
850,29,2026-08-23 19:06:58-07:00,2026-08-23,19:06:58,drive_thru,car,CAR 349  (+0:47),,4,In_n_Out_log_2026-09-06_193227.json,2026-09-06,,,,,,,,349.0,0.0,0.0,,,,,,,,,,,,,,,,,,47.0,,,,False,,2026-08-23 19:06:11-07:00,0.7833333333333333,False,18,2026-08-23 19:06:11-07:00,47.0,False
851,29,2026-08-23 19:07:36-07:00,2026-08-23,19:07:36,drive_thru,car,CAR 350  (+0:37),,4,In_n_Out_log_2026-09-06_193227.json,2026-09-06,,,,,,,,350.0,0.0,0.0,,,,,,,,,,,,,,,,,,37.0,,,,False,,2026-08-23 19:06:58-07:00,0.6333333333333333,False,18,2026-08-23 19:06:58-07:00,38.0,False
852,29,2026-08-23 19:08:14-07:00,2026-08-23,19:08:14,drive_thru,car,CAR 351  (+0:38),,4,In_n_Out_log_2026-09-06_193227.json,2026-09-06,,,,,,,,351.0,0.0,0.0,,,,,,,,,,,,,,,,,,38.0,,,,False,,2026-08-23 19:07:36-07:00,0.6333333333333333,False,18,2026-08-23 19:07:36-07:00,38.0,False
856,29,2026-08-23 19:12:44-07:00,2026-08-23,19:12:44,drive_thru,car,CAR 352  (+4:31),,4,In_n_Out_log_2026-09-06_193227.json,2026-09-06,,,,,,,,352.0,0.0,0.0,,,,,,,,,,,,,,,,,,271.0,,,,False,,2026-08-23 19:08:14-07:00,4.5,False,18,2026-08-23 19:08:14-07:00,270.0,False
857,29,2026-08-23 19:13:11-07:00,2026-08-23,19:13:11,drive_thru,car,CAR 353  (+0:27),,4,In_n_Out_log_2026-09-06_193227.json,2026-09-06,,,,,,,,353.0,0.0,0.0,,,,,,,,,,,,,,,,,,27.0,,,,False,,2026-08-23 19:12:44-07:00,0.45,False,18,2026-08-23 19:12:44-07:00,27.0,False
858,29,2026-08-23 19:13:33-07:00,2026-08-23,19:13:33,drive_thru,car,CAR 354  (+0:21),,4,In_n_Out_log_2026-09-06_193227.json,2026-09-06,,,,,,,,354.0,0.0,0.0,,,,,,,,,,,,,,,,,,21.0,,,,False,,2026-08-23 19:13:11-07:00,0.36666666666666664,False,18,2026-08-23 19:13:11-07:00,22.0,False
859,29,2026-08-23 19:14:33-07:00,2026-08-23,19:14:33,drive_thru,car,CAR 355  (+1:00),,4,In_n_Out_log_2026-09-06_193227.json,2026-09-06,,,,,,,,355.0,0.0,0.0,,,,,,,,,,,,,,,,,,60.0,,,,False,,2026-08-23 19:13:33-07:00,1.0,False,18,2026-08-23 19:13:33-07:00,60.0,False
860,29,2026-08-23 19:15:43-07:00,2026-08-23,19:15:43,drive_thru,car,CAR 356  (+1:09),,4,In_n_Out_log_2026-09-06_193227.json,2026-09-06,,,,,,,,356.0,0.0,0.0,,,,,,,,,,,,,,,,,,69.0,,,,False,,2026-08-23 19:14:33-07:00,1.1666666666666667,False,18,2026-08-23 19:14:33-07:00,70.0,False
861,29,2026-08-23 19:17:08-07:00,2026-08-23,19:17:08,drive_thru,car,CAR 357  (+1:25),,4,In_n_Out_log_2026-09-06_193227.json,2026-09-06,,,,,,,,357.0,0.0,0.0,,,,,,,,,,,,,,,,,,85.0,,,,False,,2026-08-23 19:15:43-07:00,1.4166666666666667,False,18,2026-08-23 19:15:43-07:00,85.0,False
862,29,2026-08-23 19:20:20-07:00,2026-08-23,19:20:20,drive_thru,car,CAR 358  (+3:12),,4,In_n_Out_log_2026-09-06_193227.json,2026-09-06,,,,,,,,358.0,0.0,0.0,,,,,,,,,,,,,,,,,,192.0,,,,False,,2026-08-23 19:17:08-07:00,3.2,False,18,2026-08-23 19:17:08-07:00,192.0,False
863,29,2026-08-23 19:20:41-07:00,2026-08-23,19:20:41,drive_thru,car,CAR 359  (+0:20),,4,In_n_Out_log_2026-09-06_193227.json,2026-09-06,,,,,,,,359.0,0.0,0.0,,,,,,,,,,,,,,,,,,20.0,,,,False,,2026-08-23 19:20:20-07:00,0.35,False,18,2026-08-23 19:20:20-07:00,21.0,False
864,29,2026-08-23 19:23:22-07:00,2026-08-23,19:23:22,drive_thru,car,CAR 360  (+2:42),,4,In_n_Out_log_2026-09-06_193227.json,2026-09-06,,,,,,,,360.0,0.0,0.0,,,,,,,,,,,,,,,,,,162.0,,,,False,,2026-08-23 19:20:41-07:00,2.683333333333333,False,18,2026-08-23 19:20:41-07:00,161.0,False
865,29,2026-08-23 19:25:34-07:00,2026-08-23,19:25:34,drive_thru,car,CAR 361  (+2:12),,4,In_n_Out_log_2026-09-06_193227.json,2026-09-06,,,,,,,,361.0,0.0,0.0,,,,,,,,,,,,,,,,,,132.0,,,,False,,2026-08-23 19:23:22-07:00,2.2,False,18,2026-08-23 19:23:22-07:00,132.0,False
866,29,2026-08-23 19:26:16-07:00,2026-08-23,19:26:16,drive_thru,car,CAR 362  (+0:42),,4,In_n_Out_log_2026-09-06_193227.json,2026-09-06,,,,,,,,362.0,0.0,0.0,,,,,,,,,,,,,,,,,,42.0,,,,False,,2026-08-23 19:25:34-07:00,0.7,False,18,2026-08-23 19:25:34-07:00,42.0,False
867,29,2026-08-23 19:26:56-07:00,2026-08-23,19:26:56,drive_thru,car,CAR 363  (+0:40),,4,In_n_Out_log_2026-09-06_193227.json,2026-09-06,,,,,,,,363.0,0.0,0.0,,,,,,,,,,,,,,,,,,40.0,,,,False,,2026-08-23 19:26:16-07:00,0.6666666666666666,False,18,2026-08-23 19:26:16-07:00,40.0,False
868,29,2026-08-23 19:27:07-07:00,2026-08-23,19:27:07,drive_thru,car,CAR 364  (+0:11),,4,In_n_Out_log_2026-09-06_193227.json,2026-09-06,,,,,,,,364.0,0.0,0.0,,,,,,,,,,,,,,,,,,11.0,,,,False,,2026-08-23 19:26:56-07:00,0.18333333333333332,False,18,2026-08-23 19:26:56-07:00,11.0,False
871,29,2026-08-23 19:29:01-07:00,2026-08-23,19:29:01,drive_thru,car,CAR 365  (+1:54),,4,In_n_Out_log_2026-09-06_193227.json,2026-09-06,,,,,,,,365.0,0.0,0.0,,,,,,,,,,,,,,,,,,114.0,,,,False,,2026-08-23 19:27:07-07:00,1.9,False,18,2026-08-23 19:27:07-07:00,114.0,True
872,29,2026-08-23 19:30:13-07:00,2026-08-23,19:30:13,drive_thru,car,CAR 366  (+1:12),,4,In_n_Out_log_2026-09-06_193227.json,2026-09-06,,,,,,,,366.0,0.0,0.0,,,,,,,,,,,,,,,,,,72.0,,,,False,,2026-08-23 19:29:01-07:00,1.2,False,18,2026-08-23 19:29:01-07:00,72.0,False
875,29,2026-08-23 19:33:33-07:00,2026-08-23,19:33:33,drive_thru,car,CAR 367  (+3:19),,4,In_n_Out_log_2026-09-06_193227.json,2026-09-06,,,,,,,,367.0,0.0,0.0,,,,,,,,,,,,,,,,,,199.0,,,,False,,2026-08-23 19:30:13-07:00,3.3333333333333335,False,18,2026-08-23 19:30:13-07:00,200.0,False
876,29,2026-08-23 19:35:17-07:00,2026-08-23,19:35:17,drive_thru,car,CAR 368  (+1:44),,4,In_n_Out_log_2026-09-06_193227.json,2026-09-06,,,,,,,,368.0,0.0,0.0,,,,,,,,,,,,,,,,,,104.0,,,,False,,2026-08-23 19:33:33-07:00,1.7333333333333334,False,18,2026-08-23 19:33:33-07:00,104.0,False
878,29,2026-08-23 19:35:22-07:00,2026-08-23,19:35:22,drive_thru,car,CAR 369  (+0:05),,4,In_n_Out_log_2026-09-06_193227.json,2026-09-06,,,,,,,,369.0,0.0,0.0,,,,,,,,,,,,,,,,,,5.0,,,,False,,2026-08-23 19:35:17-07:00,0.08333333333333333,False,18,2026-08-23 19:35:17-07:00,5.0,False
880,29,2026-08-23 19:37:04-07:00,2026-08-23,19:37:04,drive_thru,car,CAR 370  (+1:42),,4,In_n_Out_log_2026-09-06_193227.json,2026-09-06,,,,,,,,370.0,0.0,0.0,,,,,,,,,,,,,,,,,,102.0,,,,False,,2026-08-23 19:35:22-07:00,1.7,False,18,2026-08-23 19:35:22-07:00,102.0,False
881,29,2026-08-23 19:38:02-07:00,2026-08-23,19:38:02,drive_thru,car,CAR 371  (+0:57),,4,In_n_Out_log_2026-09-06_193227.json,2026-09-06,,,,,,,,371.0,0.0,0.0,,,,,,,,,,,,,,,,,,57.0,,,,False,,2026-08-23 19:37:04-07:00,0.9666666666666667,False,18,2026-08-23 19:37:04-07:00,58.0,False
966,33,2026-08-24 10:41:43-07:00,2026-08-24,10:41:43,drive_thru,car,CAR 373,,4,In_n_Out_log_2026-09-06_193227.json,2026-09-06,,,,,,,,373.0,0.0,0.0,,,,,,,,,,,,,,,,,,,,,,False,,2026-08-24 10:37:06-07:00,4.616666666666666,False,19,2026-08-24 10:37:06-07:00,277.0,False
967,33,2026-08-24 10:42:37-07:00,2026-08-24,10:42:37,drive_thru,car,CAR 374  (+0:54),,4,In_n_Out_log_2026-09-06_193227.json,2026-09-06,,,,,,,,374.0,0.0,0.0,,,,,,,,,,,,,,,,,,54.0,,,,False,,2026-08-24 10:41:43-07:00,0.9,False,19,2026-08-24 10:41:43-07:00,54.0,False
968,33,2026-08-24 10:45:00-07:00,2026-08-24,10:45:00,drive_thru,car,CAR 375  (+2:24),,4,In_n_Out_log_2026-09-06_193227.json,2026-09-06,,,,,,,,375.0,0.0,0.0,,,,,,,,,,,,,,,,,,144.0,,,,False,,2026-08-24 10:42:37-07:00,2.3833333333333333,False,19,2026-08-24 10:42:37-07:00,143.0,False
969,33,2026-08-24 10:46:58-07:00,2026-08-24,10:46:58,drive_thru,car,CAR 376  (+1:57),,4,In_n_Out_log_2026-09-06_193227.json,2026-09-06,,,,,,,,376.0,0.0,0.0,,,,,,,,,,,,,,,,,,117.0,,,,False,,2026-08-24 10:45:00-07:00,1.9666666666666666,False,19,2026-08-24 10:45:00-07:00,118.0,False
970,33,2026-08-24 10:48:13-07:00,2026-08-24,10:48:13,drive_thru,car,CAR 377  (+1:15),,4,In_n_Out_log_2026-09-06_193227.json,2026-09-06,,,,,,,,377.0,0.0,0.0,,,,,,,,,,,,,,,,,,75.0,,,,False,,2026-08-24 10:46:58-07:00,1.25,False,19,2026-08-24 10:46:58-07:00,75.0,False
971,33,2026-08-24 10:49:52-07:00,2026-08-24,10:49:52,drive_thru,car,CAR 378  (+1:40),,4,In_n_Out_log_2026-09-06_193227.json,2026-09-06,,,,,,,,378.0,0.0,0.0,,,,,,,,,,,,,,,,,,100.0,,,,False,,2026-08-24 10:48:13-07:00,1.65,False,19,2026-08-24 10:48:13-07:00,99.0,False
972,33,2026-08-24 10:50:13-07:00,2026-08-24,10:50:13,drive_thru,car,CAR 379  (+0:21),,4,In_n_Out_log_2026-09-06_193227.json,2026-09-06,,,,,,,,379.0,0.0,0.0,,,,,,,,,,,,,,,,,,21.0,,,,False,,2026-08-24 10:49:52-07:00,0.35,False,19,2026-08-24 10:49:52-07:00,21.0,False
973,33,2026-08-24 10:53:15-07:00,2026-08-24,10:53:15,drive_thru,car,CAR 380  (+3:02),,4,In_n_Out_log_2026-09-06_193227.json,2026-09-06,,,,,,,,380.0,0.0,0.0,,,,,,,,,,,,,,,,,,182.0,,,,False,,2026-08-24 10:50:13-07:00,3.033333333333333,False,19,2026-08-24 10:50:13-07:00,182.0,False
975,33,2026-08-24 10:53:55-07:00,2026-08-24,10:53:55,drive_thru,car,CAR 381  (+0:40),,4,In_n_Out_log_2026-09-06_193227.json,2026-09-06,,,,,,,,381.0,0.0,0.0,,,,,,,,,,,,,,,,,,40.0,,,,False,,2026-08-24 10:53:15-07:00,0.6666666666666666,False,19,2026-08-24 10:53:15-07:00,40.0,False
976,33,2026-08-24 10:54:25-07:00,2026-08-24,10:54:25,drive_thru,car,CAR 382  (+0:29),,4,In_n_Out_log_2026-09-06_193227.json,2026-09-06,,,,,,,,382.0,0.0,0.0,,,,,,,,,,,,,,,,,,29.0,,,,False,,2026-08-24 10:53:55-07:00,0.5,False,19,2026-08-24 10:53:55-07:00,30.0,True
981,33,2026-08-24 10:56:43-07:00,2026-08-24,10:56:43,drive_thru,car,CAR 383  (+2:18),,4,In_n_Out_log_2026-09-06_193227.json,2026-09-06,,,,,,,,383.0,0.0,0.0,,,,,,,,,,,,,,,,,,138.0,,,,False,,2026-08-24 10:54:25-07:00,2.3,False,19,2026-08-24 10:54:25-07:00,138.0,True
982,33,2026-08-24 10:57:59-07:00,2026-08-24,10:57:59,drive_thru,car,CAR 384  (+1:16),,4,In_n_Out_log_2026-09-06_193227.json,2026-09-06,,,,,,,,384.0,0.0,0.0,,,,,,,,,,,,,,,,,,76.0,,,,False,,2026-08-24 10:56:43-07:00,1.2666666666666666,False,19,2026-08-24 10:56:43-07:00,76.0,False
983,33,2026-08-24 11:02:36-07:00,2026-08-24,11:02:36,drive_thru,car,CAR 385  (+4:37),,4,In_n_Out_log_2026-09-06_193227.json,2026-09-06,,,,,,,,385.0,0.0,0.0,,,,,,,,,,,,,,,,,,277.0,,,,False,,2026-08-24 10:57:59-07:00,4.616666666666666,False,19,2026-08-24 10:57:59-07:00,277.0,False
984,33,2026-08-24 11:03:36-07:00,2026-08-24,11:03:36,drive_thru,car,CAR 386  (+1:00),,4,In_n_Out_log_2026-09-06_193227.json,2026-09-06,,,,,,,,386.0,0.0,0.0,,,,,,,,,,,,,,,,,,60.0,,,,False,,2026-08-24 11:02:36-07:00,1.0,False,19,2026-08-24 11:02:36-07:00,60.0,False
985,33,2026-08-24 11:04:34-07:00,2026-08-24,11:04:34,drive_thru,car,CAR 387  (+0:57),,4,In_n_Out_log_2026-09-06_193227.json,2026-09-06,,,,,,,,387.0,0.0,0.0,,,,,,,,,,,,,,,,,,57.0,,,,False,,2026-08-24 11:03:36-07:00,0.9666666666666667,False,19,2026-08-24 11:03:36-07:00,58.0,False
986,33,2026-08-24 11:04:54-07:00,2026-08-24,11:04:54,drive_thru,car,CAR 388  (+0:20),,4,In_n_Out_log_2026-09-06_193227.json,2026-09-06,,,,,,,,388.0,0.0,0.0,,,,,,,,,,,,,,,,,,20.0,,,,False,,2026-08-24 11:04:34-07:00,0.3333333333333333,False,19,2026-08-24 11:04:34-07:00,20.0,False
987,33,2026-08-24 11:05:36-07:00,2026-08-24,11:05:36,drive_thru,car,CAR 389  (+0:42),,4,In_n_Out_log_2026-09-06_193227.json,2026-09-06,,,,,,,,389.0,0.0,0.0,,,,,,,,,,,,,,,,,,42.0,,,,False,,2026-08-24 11:04:54-07:00,0.7,False,19,2026-08-24 11:04:54-07:00,42.0,False
988,33,2026-08-24 11:10:26-07:00,2026-08-24,11:10:26,drive_thru,car,CAR 390  (+4:50),,4,In_n_Out_log_2026-09-06_193227.json,2026-09-06,,,,,,,,390.0,0.0,0.0,,,,,,,,,,,,,,,,,,290.0,,,,False,,2026-08-24 11:05:36-07:00,4.833333333333333,False,19,2026-08-24 11:05:36-07:00,290.0,False
989,33,2026-08-24 11:10:52-07:00,2026-08-24,11:10:52,drive_thru,car,CAR 391  (+0:26),,4,In_n_Out_log_2026-09-06_193227.json,2026-09-06,,,,,,,,391.0,0.0,0.0,,,,,,,,,,,,,,,,,,26.0,,,,False,,2026-08-24 11:10:26-07:00,0.43333333333333335,False,19,2026-08-24 11:10:26-07:00,26.0,False
990,33,2026-08-24 11:11:38-07:00,2026-08-24,11:11:38,drive_thru,car,CAR 392  (+0:46),,4,In_n_Out_log_2026-09-06_193227.json,2026-09-06,,,,,,,,392.0,0.0,0.0,,,,,,,,,,,,,,,,,,46.0,,,,False,,2026-08-24 11:10:52-07:00,0.7666666666666667,False,19,2026-08-24 11:10:52-07:00,46.0,False
992,33,2026-08-24 11:12:07-07:00,2026-08-24,11:12:07,drive_thru,car,CAR 393  (+0:30),,4,In_n_Out_log_2026-09-06_193227.json,2026-09-06,,,,,,,,393.0,0.0,0.0,,,,,,,,,,,,,,,,,,30.0,,,,False,,2026-08-24 11:11:38-07:00,0.48333333333333334,False,19,2026-08-24 11:11:38-07:00,29.0,False
995,33,2026-08-24 11:13:25-07:00,2026-08-24,11:13:25,drive_thru,car,CAR 394 — BAGS 0 BOXES 1  (+1:18),,4,In_n_Out_log_2026-09-06_193227.json,2026-09-06,,,,,,,,394.0,0.0,1.0,,,,,,,,,,,,,,,,,,78.0,,,,False,,2026-08-24 11:12:07-07:00,1.3,False,19,2026-08-24 11:12:07-07:00,78.0,True
997,33,2026-08-24 11:13:55-07:00,2026-08-24,11:13:55,drive_thru,car,CAR 395  (+0:30),,4,In_n_Out_log_2026-09-06_193227.json,2026-09-06,,,,,,,,395.0,0.0,0.0,,,,,,,,,,,,,,,,,,30.0,,,,False,,2026-08-24 11:13:25-07:00,0.5,False,19,2026-08-24 11:13:25-07:00,30.0,False
998,33,2026-08-24 11:16:33-07:00,2026-08-24,11:16:33,drive_thru,car,CAR 396  (+2:37),,4,In_n_Out_log_2026-09-06_193227.json,2026-09-06,,,,,,,,396.0,0.0,0.0,,,,,,,,,,,,,,,,,,157.0,,,,False,,2026-08-24 11:13:55-07:00,2.6333333333333333,False,19,2026-08-24 11:13:55-07:00,158.0,False
999,33,2026-08-24 11:16:59-07:00,2026-08-24,11:16:59,drive_thru,car,CAR 397  (+0:27),,4,In_n_Out_log_2026-09-06_193227.json,2026-09-06,,,,,,,,397.0,0.0,0.0,,,,,,,,,,,,,,,,,,27.0,,,,False,,2026-08-24 11:16:33-07:00,0.43333333333333335,False,19,2026-08-24 11:16:33-07:00,26.0,False
1000,33,2026-08-24 11:18:07-07:00,2026-08-24,11:18:07,drive_thru,car,CAR 398  (+1:08),,4,In_n_Out_log_2026-09-06_193227.json,2026-09-06,,,,,,,,398.0,0.0,0.0,,,,,,,,,,,,,,,,,,68.0,,,,False,,2026-08-24 11:16:59-07:00,1.1333333333333333,False,19,2026-08-24 11:16:59-07:00,68.0,False
1001,33,2026-08-24 11:19:02-07:00,2026-08-24,11:19:02,drive_thru,car,CAR 399  (+0:55),,4,In_n_Out_log_2026-09-06_193227.json,2026-09-06,,,,,,,,399.0,0.0,0.0,,,,,,,,,,,,,,,,,,55.0,,,,False,,2026-08-24 11:18:07-07:00,0.9166666666666666,False,19,2026-08-24 11:18:07-07:00,55.0,False
1002,33,2026-08-24 11:20:00-07:00,2026-08-24,11:20:00,drive_thru,car,CAR 400  (+0:58),,4,In_n_Out_log_2026-09-06_193227.json,2026-09-06,,,,,,,,400.0,0.0,0.0,,,,,,,,,,,,,,,,,,58.0,,,,False,,2026-08-24 11:19:02-07:00,0.9666666666666667,False,19,2026-08-24 11:19:02-07:00,58.0,False
1003,33,2026-08-24 11:20:26-07:00,2026-08-24,11:20:26,drive_thru,car,CAR 401  (+0:26),,4,In_n_Out_log_2026-09-06_193227.json,2026-09-06,,,,,,,,401.0,0.0,0.0,,,,,,,,,,,,,,,,,,26.0,,,,False,,2026-08-24 11:20:00-07:00,0.43333333333333335,False,19,2026-08-24 11:20:00-07:00,26.0,False
1004,33,2026-08-24 11:21:07-07:00,2026-08-24,11:21:07,drive_thru,car,CAR 402  (+0:41),,4,In_n_Out_log_2026-09-06_193227.json,2026-09-06,,,,,,,,402.0,0.0,0.0,,,,,,,,,,,,,,,,,,41.0,,,,False,,2026-08-24 11:20:26-07:00,0.6833333333333333,False,19,2026-08-24 11:20:26-07:00,41.0,False
1005,33,2026-08-24 11:21:55-07:00,2026-08-24,11:21:55,drive_thru,car,CAR 403  (+0:48),,4,In_n_Out_log_2026-09-06_193227.json,2026-09-06,,,,,,,,403.0,0.0,0.0,,,,,,,,,,,,,,,,,,48.0,,,,False,,2026-08-24 11:21:07-07:00,0.8,False,19,2026-08-24 11:21:07-07:00,48.0,False
1009,33,2026-08-24 11:23:04-07:00,2026-08-24,11:23:04,drive_thru,car,CAR 404  (+1:08),,4,In_n_Out_log_2026-09-06_193227.json,2026-09-06,,,,,,,,404.0,0.0,0.0,,,,,,,,,,,,,,,,,,68.0,,,,False,,2026-08-24 11:21:55-07:00,1.15,False,19,2026-08-24 11:21:55-07:00,69.0,True
1012,33,2026-08-24 11:23:50-07:00,2026-08-24,11:23:50,drive_thru,car,CAR 405  (+0:47),,4,In_n_Out_log_2026-09-06_193227.json,2026-09-06,,,,,,,,405.0,0.0,0.0,,,,,,,,,,,,,,,,,,47.0,,,,False,,2026-08-24 11:23:04-07:00,0.7666666666666667,False,19,2026-08-24 11:23:04-07:00,46.0,True
1015,33,2026-08-24 11:25:13-07:00,2026-08-24,11:25:13,drive_thru,car,CAR 406  (+1:23),,4,In_n_Out_log_2026-09-06_193227.json,2026-09-06,,,,,,,,406.0,0.0,0.0,,,,,,,,,,,,,,,,,,83.0,,,,False,,2026-08-24 11:23:50-07:00,1.3833333333333333,False,19,2026-08-24 11:23:50-07:00,83.0,True
1016,33,2026-08-24 11:27:36-07:00,2026-08-24,11:27:36,drive_thru,car,CAR 407  (+2:23),,4,In_n_Out_log_2026-09-06_193227.json,2026-09-06,,,,,,,,407.0,0.0,0.0,,,,,,,,,,,,,,,,,,143.0,,,,False,,2026-08-24 11:25:13-07:00,2.3833333333333333,False,19,2026-08-24 11:25:13-07:00,143.0,False
1017,33,2026-08-24 11:28:17-07:00,2026-08-24,11:28:17,drive_thru,car,CAR 408  (+0:40),,4,In_n_Out_log_2026-09-06_193227.json,2026-09-06,,,,,,,,408.0,0.0,0.0,,,,,,,,,,,,,,,,,,40.0,,,,False,,2026-08-24 11:27:36-07:00,0.6833333333333333,False,19,2026-08-24 11:27:36-07:00,41.0,False
1019,33,2026-08-24 11:28:57-07:00,2026-08-24,11:28:57,drive_thru,car,CAR 409  (+0:41),,4,In_n_Out_log_2026-09-06_193227.json,2026-09-06,,,,,,,,409.0,0.0,0.0,,,,,,,,,,,,,,,,,,41.0,,,,False,,2026-08-24 11:28:17-07:00,0.6666666666666666,False,19,2026-08-24 11:28:17-07:00,40.0,False
1021,33,2026-08-24 11:29:44-07:00,2026-08-24,11:29:44,drive_thru,car,CAR 410  (+0:46),,4,In_n_Out_log_2026-09-06_193227.json,2026-09-06,,,,,,,,410.0,0.0,0.0,,,,,,,,,,,,,,,,,,46.0,,,,False,,2026-08-24 11:28:57-07:00,0.7833333333333333,False,19,2026-08-24 11:28:57-07:00,47.0,False
1022,33,2026-08-24 11:32:33-07:00,2026-08-24,11:32:33,drive_thru,car,CAR 411  (+2:49),,4,In_n_Out_log_2026-09-06_193227.json,2026-09-06,,,,,,,,411.0,0.0,0.0,,,,,,,,,,,,,,,,,,169.0,,,,False,,2026-08-24 11:29:44-07:00,2.816666666666667,False,19,2026-08-24 11:29:44-07:00,169.0,False
1023,33,2026-08-24 11:33:37-07:00,2026-08-24,11:33:37,drive_thru,car,CAR 412  (+1:05),,4,In_n_Out_log_2026-09-06_193227.json,2026-09-06,,,,,,,,412.0,0.0,0.0,,,,,,,,,,,,,,,,,,65.0,,,,False,,2026-08-24 11:32:33-07:00,1.0666666666666667,False,19,2026-08-24 11:32:33-07:00,64.0,False
1025,33,2026-08-24 11:33:57-07:00,2026-08-24,11:33:57,drive_thru,car,CAR 413  (+0:19),,4,In_n_Out_log_2026-09-06_193227.json,2026-09-06,,,,,,,,413.0,0.0,0.0,,,,,,,,,,,,,,,,,,19.0,,,,False,,2026-08-24 11:33:37-07:00,0.3333333333333333,False,19,2026-08-24 11:33:37-07:00,20.0,False
1029,33,2026-08-24 11:34:54-07:00,2026-08-24,11:34:54,drive_thru,car,CAR 414 — BAGS 0 BOXES 2  (+0:57),,4,In_n_Out_log_2026-09-06_193227.json,2026-09-06,,,,,,,,414.0,0.0,2.0,,,,,,,,,,,,,,,,,,57.0,,,,False,,2026-08-24 11:33:57-07:00,0.95,False,19,2026-08-24 11:33:57-07:00,57.0,True
1030,33,2026-08-24 11:36:19-07:00,2026-08-24,11:36:19,drive_thru,car,CAR 415  (+1:24),,4,In_n_Out_log_2026-09-06_193227.json,2026-09-06,,,,,,,,415.0,0.0,0.0,,,,,,,,,,,,,,,,,,84.0,,,,False,,2026-08-24 11:34:54-07:00,1.4166666666666667,False,19,2026-08-24 11:34:54-07:00,85.0,False
1031,33,2026-08-24 11:37:03-07:00,2026-08-24,11:37:03,drive_thru,car,CAR 416  (+0:44),,4,In_n_Out_log_2026-09-06_193227.json,2026-09-06,,,,,,,,416.0,0.0,0.0,,,,,,,,,,,,,,,,,,44.0,,,,False,,2026-08-24 11:36:19-07:00,0.7333333333333333,False,19,2026-08-24 11:36:19-07:00,44.0,False
1032,33,2026-08-24 11:38:26-07:00,2026-08-24,11:38:26,drive_thru,car,CAR 417  (+1:23),,4,In_n_Out_log_2026-09-06_193227.json,2026-09-06,,,,,,,,417.0,0.0,0.0,,,,,,,,,,,,,,,,,,83.0,,,,False,,2026-08-24 11:37:03-07:00,1.3833333333333333,False,19,2026-08-24 11:37:03-07:00,83.0,False
1033,33,2026-08-24 11:38:49-07:00,2026-08-24,11:38:49,drive_thru,car,CAR 418  (+0:23),,4,In_n_Out_log_2026-09-06_193227.json,2026-09-06,,,,,,,,418.0,0.0,0.0,,,,,,,,,,,,,,,,,,23.0,,,,False,,2026-08-24 11:38:26-07:00,0.38333333333333336,False,19,2026-08-24 11:38:26-07:00,23.0,False
1034,33,2026-08-24 11:40:29-07:00,2026-08-24,11:40:29,drive_thru,car,CAR 419  (+1:40),,4,In_n_Out_log_2026-09-06_193227.json,2026-09-06,,,,,,,,419.0,0.0,0.0,,,,,,,,,,,,,,,,,,100.0,,,,False,,2026-08-24 11:38:49-07:00,1.6666666666666667,False,19,2026-08-24 11:38:49-07:00,100.0,False
1129,38,2026-08-24 20:07:11-07:00,2026-08-24,20:07:11,drive_thru,car,CAR 436  (+1:10),,4,In_n_Out_log_2026-09-06_193227.json,2026-09-06,,,,,,,,436.0,0.0,0.0,,,,,,,,,,,,,,,,,,70.0,,,,False,,2026-08-24 20:06:01-07:00,1.1666666666666667,False,22,2026-08-24 20:06:01-07:00,70.0,False
1133,38,2026-08-24 20:08:52-07:00,2026-08-24,20:08:52,drive_thru,car,CAR 437  (+1:41),,4,In_n_Out_log_2026-09-06_193227.json,2026-09-06,,,,,,,,437.0,0.0,0.0,,,,,,,,,,,,,,,,,,101.0,,,,False,,2026-08-24 20:07:11-07:00,1.6833333333333333,False,22,2026-08-24 20:07:11-07:00,101.0,False
1134,38,2026-08-24 20:09:49-07:00,2026-08-24,20:09:49,drive_thru,car,CAR 438  (+0:57),,4,In_n_Out_log_2026-09-06_193227.json,2026-09-06,,,,,,,,438.0,0.0,0.0,,,,,,,,,,,,,,,,,,57.0,,,,False,,2026-08-24 20:08:52-07:00,0.95,False,22,2026-08-24 20:08:52-07:00,57.0,False
1135,38,2026-08-24 20:10:41-07:00,2026-08-24,20:10:41,drive_thru,car,CAR 439  (+0:52),,4,In_n_Out_log_2026-09-06_193227.json,2026-09-06,,,,,,,,439.0,0.0,0.0,,,,,,,,,,,,,,,,,,52.0,,,,False,,2026-08-24 20:09:49-07:00,0.8666666666666667,False,22,2026-08-24 20:09:49-07:00,52.0,False
1136,38,2026-08-24 20:11:22-07:00,2026-08-24,20:11:22,drive_thru,car,CAR 440  (+0:41),,4,In_n_Out_log_2026-09-06_193227.json,2026-09-06,,,,,,,,440.0,0.0,0.0,,,,,,,,,,,,,,,,,,41.0,,,,False,,2026-08-24 20:10:41-07:00,0.6833333333333333,False,22,2026-08-24 20:10:41-07:00,41.0,False
1137,38,2026-08-24 20:13:41-07:00,2026-08-24,20:13:41,drive_thru,car,CAR 441  (+2:19),,4,In_n_Out_log_2026-09-06_193227.json,2026-09-06,,,,,,,,441.0,0.0,0.0,,,,,,,,,,,,,,,,,,139.0,,,,False,,2026-08-24 20:11:22-07:00,2.316666666666667,False,22,2026-08-24 20:11:22-07:00,139.0,False
1138,38,2026-08-24 20:14:28-07:00,2026-08-24,20:14:28,drive_thru,car,CAR 442  (+0:46),,4,In_n_Out_log_2026-09-06_193227.json,2026-09-06,,,,,,,,442.0,0.0,0.0,,,,,,,,,,,,,,,,,,46.0,,,,False,,2026-08-24 20:13:41-07:00,0.7833333333333333,False,22,2026-08-24 20:13:41-07:00,47.0,False
1139,38,2026-08-24 20:15:06-07:00,2026-08-24,20:15:06,drive_thru,car,CAR 443  (+0:38),,4,In_n_Out_log_2026-09-06_193227.json,2026-09-06,,,,,,,,443.0,0.0,0.0,,,,,,,,,,,,,,,,,,38.0,,,,False,,2026-08-24 20:14:28-07:00,0.6333333333333333,False,22,2026-08-24 20:14:28-07:00,38.0,False
1140,38,2026-08-24 20:15:42-07:00,2026-08-24,20:15:42,drive_thru,car,CAR 444  (+0:36),,4,In_n_Out_log_2026-09-06_193227.json,2026-09-06,,,,,,,,444.0,0.0,0.0,,,,,,,,,,,,,,,,,,36.0,,,,False,,2026-08-24 20:15:06-07:00,0.6,False,22,2026-08-24 20:15:06-07:00,36.0,False
1141,38,2026-08-24 20:16:54-07:00,2026-08-24,20:16:54,drive_thru,car,CAR 445  (+1:13),,4,In_n_Out_log_2026-09-06_193227.json,2026-09-06,,,,,,,,445.0,0.0,0.0,,,,,,,,,,,,,,,,,,73.0,,,,False,,2026-08-24 20:15:42-07:00,1.2,False,22,2026-08-24 20:15:42-07:00,72.0,False
1142,38,2026-08-24 20:17:26-07:00,2026-08-24,20:17:26,drive_thru,car,CAR 446  (+0:32),,4,In_n_Out_log_2026-09-06_193227.json,2026-09-06,,,,,,,,446.0,0.0,0.0,,,,,,,,,,,,,,,,,,32.0,,,,False,,2026-08-24 20:16:54-07:00,0.5333333333333333,False,22,2026-08-24 20:16:54-07:00,32.0,False
1143,38,2026-08-24 20:17:54-07:00,2026-08-24,20:17:54,drive_thru,car,CAR 447  (+0:27),,4,In_n_Out_log_2026-09-06_193227.json,2026-09-06,,,,,,,,447.0,0.0,0.0,,,,,,,,,,,,,,,,,,27.0,,,,False,,2026-08-24 20:17:26-07:00,0.4666666666666667,False,22,2026-08-24 20:17:26-07:00,28.0,False
1144,38,2026-08-24 20:19:28-07:00,2026-08-24,20:19:28,drive_thru,car,CAR 448  (+1:34),,4,In_n_Out_log_2026-09-06_193227.json,2026-09-06,,,,,,,,448.0,0.0,0.0,,,,,,,,,,,,,,,,,,94.0,,,,False,,2026-08-24 20:17:54-07:00,1.5666666666666667,False,22,2026-08-24 20:17:54-07:00,94.0,False
1145,38,2026-08-24 20:19:58-07:00,2026-08-24,20:19:58,drive_thru,car,CAR 449  (+0:30),,4,In_n_Out_log_2026-09-06_193227.json,2026-09-06,,,,,,,,449.0,0.0,0.0,,,,,,,,,,,,,,,,,,30.0,,,,False,,2026-08-24 20:19:28-07:00,0.5,False,22,2026-08-24 20:19:28-07:00,30.0,False
1146,38,2026-08-24 20:20:16-07:00,2026-08-24,20:20:16,drive_thru,car,CAR 450  (+0:18),,4,In_n_Out_log_2026-09-06_193227.json,2026-09-06,,,,,,,,450.0,0.0,0.0,,,,,,,,,,,,,,,,,,18.0,,,,False,,2026-08-24 20:19:58-07:00,0.3,False,22,2026-08-24 20:19:58-07:00,18.0,False
1147,38,2026-08-24 20:20:40-07:00,2026-08-24,20:20:40,drive_thru,car,CAR 451  (+0:24),,4,In_n_Out_log_2026-09-06_193227.json,2026-09-06,,,,,,,,451.0,0.0,0.0,,,,,,,,,,,,,,,,,,24.0,,,,False,,2026-08-24 20:20:16-07:00,0.4,False,22,2026-08-24 20:20:16-07:00,24.0,False
1148,38,2026-08-24 20:21:51-07:00,2026-08-24,20:21:51,drive_thru,car,CAR 452  (+1:12),,4,In_n_Out_log_2026-09-06_193227.json,2026-09-06,,,,,,,,452.0,0.0,0.0,,,,,,,,,,,,,,,,,,72.0,,,,False,,2026-08-24 20:20:40-07:00,1.1833333333333333,False,22,2026-08-24 20:20:40-07:00,71.0,False
1149,38,2026-08-24 20:22:35-07:00,2026-08-24,20:22:35,drive_thru,car,CAR 453  (+0:44),,4,In_n_Out_log_2026-09-06_193227.json,2026-09-06,,,,,,,,453.0,0.0,0.0,,,,,,,,,,,,,,,,,,44.0,,,,False,,2026-08-24 20:21:51-07:00,0.7333333333333333,False,22,2026-08-24 20:21:51-07:00,44.0,False
1150,38,2026-08-24 20:23:50-07:00,2026-08-24,20:23:50,drive_thru,car,CAR 454  (+1:15),,4,In_n_Out_log_2026-09-06_193227.json,2026-09-06,,,,,,,,454.0,0.0,0.0,,,,,,,,,,,,,,,,,,75.0,,,,False,,2026-08-24 20:22:35-07:00,1.25,False,22,2026-08-24 20:22:35-07:00,75.0,False
1151,38,2026-08-24 20:24:42-07:00,2026-08-24,20:24:42,drive_thru,car,CAR 455  (+0:52),,4,In_n_Out_log_2026-09-06_193227.json,2026-09-06,,,,,,,,455.0,0.0,0.0,,,,,,,,,,,,,,,,,,52.0,,,,False,,2026-08-24 20:23:50-07:00,0.8666666666666667,False,22,2026-08-24 20:23:50-07:00,52.0,False
1152,38,2026-08-24 20:26:09-07:00,2026-08-24,20:26:09,drive_thru,car,CAR 456  (+1:27),,4,In_n_Out_log_2026-09-06_193227.json,2026-09-06,,,,,,,,456.0,0.0,0.0,,,,,,,,,,,,,,,,,,87.0,,,,False,,2026-08-24 20:24:42-07:00,1.45,False,22,2026-08-24 20:24:42-07:00,87.0,False
1153,38,2026-08-24 20:27:38-07:00,2026-08-24,20:27:38,drive_thru,car,CAR 457  (+1:29),,4,In_n_Out_log_2026-09-06_193227.json,2026-09-06,,,,,,,,457.0,0.0,0.0,,,,,,,,,,,,,,,,,,89.0,,,,False,,2026-08-24 20:26:09-07:00,1.4833333333333334,False,22,2026-08-24 20:26:09-07:00,89.0,False
1154,38,2026-08-24 20:28:48-07:00,2026-08-24,20:28:48,drive_thru,car,CAR 458  (+1:10),,4,In_n_Out_log_2026-09-06_193227.json,2026-09-06,,,,,,,,458.0,0.0,0.0,,,,,,,,,,,,,,,,,,70.0,,,,False,,2026-08-24 20:27:38-07:00,1.1666666666666667,False,22,2026-08-24 20:27:38-07:00,70.0,False
1155,38,2026-08-24 20:29:27-07:00,2026-08-24,20:29:27,drive_thru,car,CAR 459  (+0:39),,4,In_n_Out_log_2026-09-06_193227.json,2026-09-06,,,,,,,,459.0,0.0,0.0,,,,,,,,,,,,,,,,,,39.0,,,,False,,2026-08-24 20:28:48-07:00,0.65,False,22,2026-08-24 20:28:48-07:00,39.0,False
1156,38,2026-08-24 20:30:00-07:00,2026-08-24,20:30:00,drive_thru,car,CAR 460  (+0:33),,4,In_n_Out_log_2026-09-06_193227.json,2026-09-06,,,,,,,,460.0,0.0,0.0,,,,,,,,,,,,,,,,,,33.0,,,,False,,2026-08-24 20:29:27-07:00,0.55,False,22,2026-08-24 20:29:27-07:00,33.0,False
1157,38,2026-08-24 20:30:46-07:00,2026-08-24,20:30:46,drive_thru,car,CAR 461  (+0:46),,4,In_n_Out_log_2026-09-06_193227.json,2026-09-06,,,,,,,,461.0,0.0,0.0,,,,,,,,,,,,,,,,,,46.0,,,,False,,2026-08-24 20:30:00-07:00,0.7666666666666667,False,22,2026-08-24 20:30:00-07:00,46.0,False
1159,38,2026-08-24 20:31:57-07:00,2026-08-24,20:31:57,drive_thru,car,CAR 462  (+1:11),,4,In_n_Out_log_2026-09-06_193227.json,2026-09-06,,,,,,,,462.0,0.0,0.0,,,,,,,,,,,,,,,,,,71.0,,,,False,,2026-08-24 20:30:46-07:00,1.1833333333333333,False,22,2026-08-24 20:30:46-07:00,71.0,False
1160,38,2026-08-24 20:33:03-07:00,2026-08-24,20:33:03,drive_thru,car,CAR 463  (+1:06),,4,In_n_Out_log_2026-09-06_193227.json,2026-09-06,,,,,,,,463.0,0.0,0.0,,,,,,,,,,,,,,,,,,66.0,,,,False,,2026-08-24 20:31:57-07:00,1.1,False,22,2026-08-24 20:31:57-07:00,66.0,False
1161,38,2026-08-24 20:36:30-07:00,2026-08-24,20:36:30,drive_thru,car,CAR 464  (+3:27),,4,In_n_Out_log_2026-09-06_193227.json,2026-09-06,,,,,,,,464.0,0.0,0.0,,,,,,,,,,,,,,,,,,207.0,,,,False,,2026-08-24 20:33:03-07:00,3.45,False,22,2026-08-24 20:33:03-07:00,207.0,False
1163,38,2026-08-24 20:38:51-07:00,2026-08-24,20:38:51,drive_thru,car,CAR 465  (+2:21),,4,In_n_Out_log_2026-09-06_193227.json,2026-09-06,,,,,,,,465.0,0.0,0.0,,,,,,,,,,,,,,,,,,141.0,,,,False,,2026-08-24 20:36:30-07:00,2.35,False,22,2026-08-24 20:36:30-07:00,141.0,False
1164,38,2026-08-24 20:39:50-07:00,2026-08-24,20:39:50,drive_thru,car,CAR 466  (+0:59),,4,In_n_Out_log_2026-09-06_193227.json,2026-09-06,,,,,,,,466.0,0.0,0.0,,,,,,,,,,,,,,,,,,59.0,,,,False,,2026-08-24 20:38:51-07:00,0.9833333333333333,False,22,2026-08-24 20:38:51-07:00,59.0,False
1166,38,2026-08-24 20:40:53-07:00,2026-08-24,20:40:53,drive_thru,car,CAR 467  (+1:03),,4,In_n_Out_log_2026-09-06_193227.json,2026-09-06,,,,,,,,467.0,0.0,0.0,,,,,,,,,,,,,,,,,,63.0,,,,False,,2026-08-24 20:39:50-07:00,1.05,False,22,2026-08-24 20:39:50-07:00,63.0,False
1167,38,2026-08-24 20:41:43-07:00,2026-08-24,20:41:43,drive_thru,car,CAR 468  (+0:50),,4,In_n_Out_log_2026-09-06_193227.json,2026-09-06,,,,,,,,468.0,0.0,0.0,,,,,,,,,,,,,,,,,,50.0,,,,False,,2026-08-24 20:40:53-07:00,0.8333333333333334,False,22,2026-08-24 20:40:53-07:00,50.0,False
1169,38,2026-08-24 20:44:58-07:00,2026-08-24,20:44:58,drive_thru,car,CAR 469  (+3:15),,4,In_n_Out_log_2026-09-06_193227.json,2026-09-06,,,,,,,,469.0,0.0,0.0,,,,,,,,,,,,,,,,,,195.0,,,,False,,2026-08-24 20:41:43-07:00,3.25,False,22,2026-08-24 20:41:43-07:00,195.0,False
1170,38,2026-08-24 20:45:47-07:00,2026-08-24,20:45:47,drive_thru,car,CAR 470  (+0:49),,4,In_n_Out_log_2026-09-06_193227.json,2026-09-06,,,,,,,,470.0,0.0,0.0,,,,,,,,,,,,,,,,,,49.0,,,,False,,2026-08-24 20:44:58-07:00,0.8166666666666667,False,22,2026-08-24 20:44:58-07:00,49.0,False
1171,38,2026-08-24 20:47:54-07:00,2026-08-24,20:47:54,drive_thru,car,CAR 471  (+2:07),,4,In_n_Out_log_2026-09-06_193227.json,2026-09-06,,,,,,,,471.0,0.0,0.0,,,,,,,,,,,,,,,,,,127.0,,,,False,,2026-08-24 20:45:47-07:00,2.1166666666666667,False,22,2026-08-24 20:45:47-07:00,127.0,False
1172,38,2026-08-24 20:49:13-07:00,2026-08-24,20:49:13,drive_thru,car,CAR 472  (+1:19),,4,In_n_Out_log_2026-09-06_193227.json,2026-09-06,,,,,,,,472.0,0.0,0.0,,,,,,,,,,,,,,,,,,79.0,,,,False,,2026-08-24 20:47:54-07:00,1.3166666666666667,False,22,2026-08-24 20:47:54-07:00,79.0,False
1173,38,2026-08-24 20:49:40-07:00,2026-08-24,20:49:40,drive_thru,car,CAR 473  (+0:27),,4,In_n_Out_log_2026-09-06_193227.json,2026-09-06,,,,,,,,473.0,0.0,0.0,,,,,,,,,,,,,,,,,,27.0,,,,False,,2026-08-24 20:49:13-07:00,0.45,False,22,2026-08-24 20:49:13-07:00,27.0,False
1174,38,2026-08-24 20:50:28-07:00,2026-08-24,20:50:28,drive_thru,car,CAR 474  (+0:48),,4,In_n_Out_log_2026-09-06_193227.json,2026-09-06,,,,,,,,474.0,0.0,0.0,,,,,,,,,,,,,,,,,,48.0,,,,False,,2026-08-24 20:49:40-07:00,0.8,False,22,2026-08-24 20:49:40-07:00,48.0,False
1175,38,2026-08-24 20:51:33-07:00,2026-08-24,20:51:33,drive_thru,car,CAR 475  (+1:05),,4,In_n_Out_log_2026-09-06_193227.json,2026-09-06,,,,,,,,475.0,0.0,0.0,,,,,,,,,,,,,,,,,,65.0,,,,False,,2026-08-24 20:50:28-07:00,1.0833333333333333,False,22,2026-08-24 20:50:28-07:00,65.0,False
1176,38,2026-08-24 20:52:25-07:00,2026-08-24,20:52:25,drive_thru,car,CAR 476  (+0:52),,4,In_n_Out_log_2026-09-06_193227.json,2026-09-06,,,,,,,,476.0,0.0,0.0,,,,,,,,,,,,,,,,,,52.0,,,,False,,2026-08-24 20:51:33-07:00,0.8666666666666667,False,22,2026-08-24 20:51:33-07:00,52.0,False
1177,38,2026-08-24 20:54:34-07:00,2026-08-24,20:54:34,drive_thru,car,CAR 477  (+2:10),,4,In_n_Out_log_2026-09-06_193227.json,2026-09-06,,,,,,,,477.0,0.0,0.0,,,,,,,,,,,,,,,,,,130.0,,,,False,,2026-08-24 20:52:25-07:00,2.15,False,22,2026-08-24 20:52:25-07:00,129.0,False
1178,38,2026-08-24 20:55:27-07:00,2026-08-24,20:55:27,drive_thru,car,CAR 478  (+0:52),,4,In_n_Out_log_2026-09-06_193227.json,2026-09-06,,,,,,,,478.0,0.0,0.0,,,,,,,,,,,,,,,,,,52.0,,,,False,,2026-08-24 20:54:34-07:00,0.8833333333333333,False,22,2026-08-24 20:54:34-07:00,53.0,False
1179,38,2026-08-24 20:58:59-07:00,2026-08-24,20:58:59,drive_thru,car,CAR 479  (+3:32),,4,In_n_Out_log_2026-09-06_193227.json,2026-09-06,,,,,,,,479.0,0.0,0.0,,,,,,,,,,,,,,,,,,212.0,,,,False,,2026-08-24 20:55:27-07:00,3.533333333333333,False,22,2026-08-24 20:55:27-07:00,212.0,False
1180,38,2026-08-24 21:00:16-07:00,2026-08-24,21:00:16,drive_thru,car,CAR 480  (+1:18),,4,In_n_Out_log_2026-09-06_193227.json,2026-09-06,,,,,,,,480.0,0.0,0.0,,,,,,,,,,,,,,,,,,78.0,,,,False,,2026-08-24 20:58:59-07:00,1.2833333333333334,False,22,2026-08-24 20:58:59-07:00,77.0,False
1181,38,2026-08-24 21:02:18-07:00,2026-08-24,21:02:18,drive_thru,car,CAR 481  (+2:01),,4,In_n_Out_log_2026-09-06_193227.json,2026-09-06,,,,,,,,481.0,0.0,0.0,,,,,,,,,,,,,,,,,,121.0,,,,False,,2026-08-24 21:00:16-07:00,2.033333333333333,False,22,2026-08-24 21:00:16-07:00,122.0,False
1182,38,2026-08-24 21:04:29-07:00,2026-08-24,21:04:29,drive_thru,car,CAR 482  (+2:11),,4,In_n_Out_log_2026-09-06_193227.json,2026-09-06,,,,,,,,482.0,0.0,0.0,,,,,,,,,,,,,,,,,,131.0,,,,False,,2026-08-24 21:02:18-07:00,2.183333333333333,False,22,2026-08-24 21:02:18-07:00,131.0,False
1183,38,2026-08-24 21:05:30-07:00,2026-08-24,21:05:30,drive_thru,car,CAR 483  (+1:01),,4,In_n_Out_log_2026-09-06_193227.json,2026-09-06,,,,,,,,483.0,0.0,0.0,,,,,,,,,,,,,,,,,,61.0,,,,False,,2026-08-24 21:04:29-07:00,1.0166666666666666,False,22,2026-08-24 21:04:29-07:00,61.0,False
1184,38,2026-08-24 21:06:52-07:00,2026-08-24,21:06:52,drive_thru,car,CAR 484  (+1:22),,4,In_n_Out_log_2026-09-06_193227.json,2026-09-06,,,,,,,,484.0,0.0,0.0,,,,,,,,,,,,,,,,,,82.0,,,,False,,2026-08-24 21:05:30-07:00,1.3666666666666667,False,22,2026-08-24 21:05:30-07:00,82.0,False
1185,38,2026-08-24 21:07:10-07:00,2026-08-24,21:07:10,drive_thru,car,CAR 485  (+0:19),,4,In_n_Out_log_2026-09-06_193227.json,2026-09-06,,,,,,,,485.0,0.0,0.0,,,,,,,,,,,,,,,,,,19.0,,,,False,,2026-08-24 21:06:52-07:00,0.3,False,22,2026-08-24 21:06:52-07:00,18.0,False
1186,38,2026-08-24 21:09:29-07:00,2026-08-24,21:09:29,drive_thru,car,CAR 486  (+2:19),,4,In_n_Out_log_2026-09-06_193227.json,2026-09-06,,,,,,,,486.0,0.0,0.0,,,,,,,,,,,,,,,,,,139.0,,,,False,,2026-08-24 21:07:10-07:00,2.316666666666667,False,22,2026-08-24 21:07:10-07:00,139.0,False
1187,38,2026-08-24 21:10:51-07:00,2026-08-24,21:10:51,drive_thru,car,CAR 487  (+1:22),,4,In_n_Out_log_2026-09-06_193227.json,2026-09-06,,,,,,,,487.0,0.0,0.0,,,,,,,,,,,,,,,,,,82.0,,,,False,,2026-08-24 21:09:29-07:00,1.3666666666666667,False,22,2026-08-24 21:09:29-07:00,82.0,False
1188,38,2026-08-24 21:14:09-07:00,2026-08-24,21:14:09,drive_thru,car,CAR 488  (+3:18),,4,In_n_Out_log_2026-09-06_193227.json,2026-09-06,,,,,,,,488.0,0.0,0.0,,,,,,,,,,,,,,,,,,198.0,,,,False,,2026-08-24 21:10:51-07:00,3.3,False,22,2026-08-24 21:10:51-07:00,198.0,False
1189,38,2026-08-24 21:14:40-07:00,2026-08-24,21:14:40,drive_thru,car,CAR 489  (+0:32),,4,In_n_Out_log_2026-09-06_193227.json,2026-09-06,,,,,,,,489.0,0.0,0.0,,,,,,,,,,,,,,,,,,32.0,,,,False,,2026-08-24 21:14:09-07:00,0.5166666666666667,False,22,2026-08-24 21:14:09-07:00,31.0,False
1190,38,2026-08-24 21:15:04-07:00,2026-08-24,21:15:04,drive_thru,car,CAR 490  (+0:23),,4,In_n_Out_log_2026-09-06_193227.json,2026-09-06,,,,,,,,490.0,0.0,0.0,,,,,,,,,,,,,,,,,,23.0,,,,False,,2026-08-24 21:14:40-07:00,0.4,False,22,2026-08-24 21:14:40-07:00,24.0,False
1191,38,2026-08-24 21:15:45-07:00,2026-08-24,21:15:45,drive_thru,car,CAR 491  (+0:41),,4,In_n_Out_log_2026-09-06_193227.json,2026-09-06,,,,,,,,491.0,0.0,0.0,,,,,,,,,,,,,,,,,,41.0,,,,False,,2026-08-24 21:15:04-07:00,0.6833333333333333,False,22,2026-08-24 21:15:04-07:00,41.0,False
1192,38,2026-08-24 21:16:13-07:00,2026-08-24,21:16:13,drive_thru,car,CAR 492  (+0:28),,4,In_n_Out_log_2026-09-06_193227.json,2026-09-06,,,,,,,,492.0,0.0,0.0,,,,,,,,,,,,,,,,,,28.0,,,,False,,2026-08-24 21:15:45-07:00,0.4666666666666667,False,22,2026-08-24 21:15:45-07:00,28.0,False
1193,38,2026-08-24 21:16:31-07:00,2026-08-24,21:16:31,drive_thru,car,CAR 493  (+0:18),,4,In_n_Out_log_2026-09-06_193227.json,2026-09-06,,,,,,,,493.0,0.0,0.0,,,,,,,,,,,,,,,,,,18.0,,,,False,,2026-08-24 21:16:13-07:00,0.3,False,22,2026-08-24 21:16:13-07:00,18.0,False
1196,38,2026-08-24 21:18:20-07:00,2026-08-24,21:18:20,drive_thru,car,CAR 494  (+1:49),,4,In_n_Out_log_2026-09-06_193227.json,2026-09-06,,,,,,,,494.0,0.0,0.0,,,,,,,,,,,,,,,,,,109.0,,,,False,,2026-08-24 21:16:31-07:00,1.8166666666666667,False,22,2026-08-24 21:16:31-07:00,109.0,True
1197,38,2026-08-24 21:20:15-07:00,2026-08-24,21:20:15,drive_thru,car,CAR 495  (+1:56),,4,In_n_Out_log_2026-09-06_193227.json,2026-09-06,,,,,,,,495.0,0.0,0.0,,,,,,,,,,,,,,,,,,116.0,,,,False,,2026-08-24 21:18:20-07:00,1.9166666666666667,False,22,2026-08-24 21:18:20-07:00,115.0,False
1198,38,2026-08-24 21:20:52-07:00,2026-08-24,21:20:52,drive_thru,car,CAR 496  (+0:37),,4,In_n_Out_log_2026-09-06_193227.json,2026-09-06,,,,,,,,496.0,0.0,0.0,,,,,,,,,,,,,,,,,,37.0,,,,False,,2026-08-24 21:20:15-07:00,0.6166666666666667,False,22,2026-08-24 21:20:15-07:00,37.0,False
1199,38,2026-08-24 21:24:43-07:00,2026-08-24,21:24:43,drive_thru,car,CAR 497  (+3:51),,4,In_n_Out_log_2026-09-06_193227.json,2026-09-06,,,,,,,,497.0,0.0,0.0,,,,,,,,,,,,,,,,,,231.0,,,,False,,2026-08-24 21:20:52-07:00,3.85,False,22,2026-08-24 21:20:52-07:00,231.0,False
1200,38,2026-08-24 21:25:24-07:00,2026-08-24,21:25:24,drive_thru,car,CAR 498  (+0:40),,4,In_n_Out_log_2026-09-06_193227.json,2026-09-06,,,,,,,,498.0,0.0,0.0,,,,,,,,,,,,,,,,,,40.0,,,,False,,2026-08-24 21:24:43-07:00,0.6833333333333333,False,22,2026-08-24 21:24:43-07:00,41.0,False
1201,38,2026-08-24 21:28:10-07:00,2026-08-24,21:28:10,drive_thru,car,CAR 499  (+2:47),,4,In_n_Out_log_2026-09-06_193227.json,2026-09-06,,,,,,,,499.0,0.0,0.0,,,,,,,,,,,,,,,,,,167.0,,,,False,,2026-08-24 21:25:24-07:00,2.7666666666666666,False,22,2026-08-24 21:25:24-07:00,166.0,False
1202,38,2026-08-24 21:28:46-07:00,2026-08-24,21:28:46,drive_thru,car,CAR 500  (+0:36),,4,In_n_Out_log_2026-09-06_193227.json,2026-09-06,,,,,,,,500.0,0.0,0.0,,,,,,,,,,,,,,,,,,36.0,,,,False,,2026-08-24 21:28:10-07:00,0.6,False,22,2026-08-24 21:28:10-07:00,36.0,False
1203,38,2026-08-24 21:29:22-07:00,2026-08-24,21:29:22,drive_thru,car,CAR 501  (+0:36),,4,In_n_Out_log_2026-09-06_193227.json,2026-09-06,,,,,,,,501.0,0.0,0.0,,,,,,,,,,,,,,,,,,36.0,,,,False,,2026-08-24 21:28:46-07:00,0.6,False,22,2026-08-24 21:28:46-07:00,36.0,False
1204,38,2026-08-24 21:29:43-07:00,2026-08-24,21:29:43,drive_thru,car,CAR 502  (+0:21),,4,In_n_Out_log_2026-09-06_193227.json,2026-09-06,,,,,,,,502.0,0.0,0.0,,,,,,,,,,,,,,,,,,21.0,,,,False,,2026-08-24 21:29:22-07:00,0.35,False,22,2026-08-24 21:29:22-07:00,21.0,False
1205,38,2026-08-24 21:29:55-07:00,2026-08-24,21:29:55,drive_thru,car,CAR 503  (+0:12),,4,In_n_Out_log_2026-09-06_193227.json,2026-09-06,,,,,,,,503.0,0.0,0.0,,,,,,,,,,,,,,,,,,12.0,,,,False,,2026-08-24 21:29:43-07:00,0.2,False,22,2026-08-24 21:29:43-07:00,12.0,False
1206,38,2026-08-24 21:30:44-07:00,2026-08-24,21:30:44,drive_thru,car,CAR 504  (+0:49),,4,In_n_Out_log_2026-09-06_193227.json,2026-09-06,,,,,,,,504.0,0.0,0.0,,,,,,,,,,,,,,,,,,49.0,,,,False,,2026-08-24 21:29:55-07:00,0.8166666666666667,False,22,2026-08-24 21:29:55-07:00,49.0,False
1207,38,2026-08-24 21:31:45-07:00,2026-08-24,21:31:45,drive_thru,car,CAR 505  (+1:01),,4,In_n_Out_log_2026-09-06_193227.json,2026-09-06,,,,,,,,505.0,0.0,0.0,,,,,,,,,,,,,,,,,,61.0,,,,False,,2026-08-24 21:30:44-07:00,1.0166666666666666,False,22,2026-08-24 21:30:44-07:00,61.0,False
1209,38,2026-08-24 21:33:56-07:00,2026-08-24,21:33:56,drive_thru,car,CAR 506  (+2:10),,4,In_n_Out_log_2026-09-06_193227.json,2026-09-06,,,,,,,,506.0,0.0,0.0,,,,,,,,,,,,,,,,,,130.0,,,,False,,2026-08-24 21:31:45-07:00,2.183333333333333,False,22,2026-08-24 21:31:45-07:00,131.0,False
1210,38,2026-08-24 21:34:28-07:00,2026-08-24,21:34:28,drive_thru,car,CAR 507  (+0:33),,4,In_n_Out_log_2026-09-06_193227.json,2026-09-06,,,,,,,,507.0,0.0,0.0,,,,,,,,,,,,,,,,,,33.0,,,,False,,2026-08-24 21:33:56-07:00,0.5333333333333333,False,22,2026-08-24 21:33:56-07:00,32.0,False
1211,38,2026-08-24 21:34:52-07:00,2026-08-24,21:34:52,drive_thru,car,CAR 508  (+0:24),,4,In_n_Out_log_2026-09-06_193227.json,2026-09-06,,,,,,,,508.0,0.0,0.0,,,,,,,,,,,,,,,,,,24.0,,,,False,,2026-08-24 21:34:28-07:00,0.4,False,22,2026-08-24 21:34:28-07:00,24.0,False
1214,38,2026-08-24 21:36:39-07:00,2026-08-24,21:36:39,drive_thru,car,CAR 509  (+1:48),,4,In_n_Out_log_2026-09-06_193227.json,2026-09-06,,,,,,,,509.0,0.0,0.0,,,,,,,,,,,,,,,,,,108.0,,,,False,,2026-08-24 21:34:52-07:00,1.7833333333333334,False,22,2026-08-24 21:34:52-07:00,107.0,True
1215,38,2026-08-24 21:37:05-07:00,2026-08-24,21:37:05,drive_thru,car,CAR 510  (+0:25),,4,In_n_Out_log_2026-09-06_193227.json,2026-09-06,,,,,,,,510.0,0.0,0.0,,,,,,,,,,,,,,,,,,25.0,,,,False,,2026-08-24 21:36:39-07:00,0.43333333333333335,False,22,2026-08-24 21:36:39-07:00,26.0,False
1216,38,2026-08-24 21:37:42-07:00,2026-08-24,21:37:42,drive_thru,car,CAR 511  (+0:37),,4,In_n_Out_log_2026-09-06_193227.json,2026-09-06,,,,,,,,511.0,0.0,0.0,,,,,,,,,,,,,,,,,,37.0,,,,False,,2026-08-24 21:37:05-07:00,0.6166666666666667,False,22,2026-08-24 21:37:05-07:00,37.0,False
1217,38,2026-08-24 21:38:38-07:00,2026-08-24,21:38:38,drive_thru,car,CAR 512  (+0:57),,4,In_n_Out_log_2026-09-06_193227.json,2026-09-06,,,,,,,,512.0,0.0,0.0,,,,,,,,,,,,,,,,,,57.0,,,,False,,2026-08-24 21:37:42-07:00,0.9333333333333333,False,22,2026-08-24 21:37:42-07:00,56.0,False
1218,38,2026-08-24 21:39:39-07:00,2026-08-24,21:39:39,drive_thru,car,CAR 513  (+1:01),,4,In_n_Out_log_2026-09-06_193227.json,2026-09-06,,,,,,,,513.0,0.0,0.0,,,,,,,,,,,,,,,,,,61.0,,,,False,,2026-08-24 21:38:38-07:00,1.0166666666666666,False,22,2026-08-24 21:38:38-07:00,61.0,False
1219,38,2026-08-24 21:40:26-07:00,2026-08-24,21:40:26,drive_thru,car,CAR 514  (+0:46),,4,In_n_Out_log_2026-09-06_193227.json,2026-09-06,,,,,,,,514.0,0.0,0.0,,,,,,,,,,,,,,,,,,46.0,,,,False,,2026-08-24 21:39:39-07:00,0.7833333333333333,False,22,2026-08-24 21:39:39-07:00,47.0,False
1220,38,2026-08-24 21:41:55-07:00,2026-08-24,21:41:55,drive_thru,car,CAR 515  (+1:29),,4,In_n_Out_log_2026-09-06_193227.json,2026-09-06,,,,,,,,515.0,0.0,0.0,,,,,,,,,,,,,,,,,,89.0,,,,False,,2026-08-24 21:40:26-07:00,1.4833333333333334,False,22,2026-08-24 21:40:26-07:00,89.0,False
1226,39,2026-08-25 11:07:10-07:00,2026-08-25,11:07:10,drive_thru,car,CAR 517  (+0:13),,4,In_n_Out_log_2026-09-06_193227.json,2026-09-06,,,,,,,,517.0,0.0,0.0,,,,,,,,,,,,,,,,,,13.0,,,,False,,2026-08-25 11:06:57-07:00,0.21666666666666667,False,23,2026-08-25 11:06:57-07:00,13.0,False
1227,39,2026-08-25 11:07:53-07:00,2026-08-25,11:07:53,drive_thru,car,CAR 518  (+0:43),,4,In_n_Out_log_2026-09-06_193227.json,2026-09-06,,,,,,,,518.0,0.0,0.0,,,,,,,,,,,,,,,,,,43.0,,,,False,,2026-08-25 11:07:10-07:00,0.7166666666666667,False,23,2026-08-25 11:07:10-07:00,43.0,False
1228,39,2026-08-25 11:09:57-07:00,2026-08-25,11:09:57,drive_thru,car,CAR 519  (+2:04),,4,In_n_Out_log_2026-09-06_193227.json,2026-09-06,,,,,,,,519.0,0.0,0.0,,,,,,,,,,,,,,,,,,124.0,,,,False,,2026-08-25 11:07:53-07:00,2.066666666666667,False,23,2026-08-25 11:07:53-07:00,124.0,False
1229,39,2026-08-25 11:10:26-07:00,2026-08-25,11:10:26,drive_thru,car,CAR 520  (+0:29),,4,In_n_Out_log_2026-09-06_193227.json,2026-09-06,,,,,,,,520.0,0.0,0.0,,,,,,,,,,,,,,,,,,29.0,,,,False,,2026-08-25 11:09:57-07:00,0.48333333333333334,False,23,2026-08-25 11:09:57-07:00,29.0,False
1230,39,2026-08-25 11:11:43-07:00,2026-08-25,11:11:43,drive_thru,car,CAR 521  (+1:17),,4,In_n_Out_log_2026-09-06_193227.json,2026-09-06,,,,,,,,521.0,0.0,0.0,,,,,,,,,,,,,,,,,,77.0,,,,False,,2026-08-25 11:10:26-07:00,1.2833333333333334,False,23,2026-08-25 11:10:26-07:00,77.0,False
1232,39,2026-08-25 11:12:08-07:00,2026-08-25,11:12:08,drive_thru,car,CAR 522  (+0:25),,4,In_n_Out_log_2026-09-06_193227.json,2026-09-06,,,,,,,,522.0,0.0,0.0,,,,,,,,,,,,,,,,,,25.0,,,,False,,2026-08-25 11:11:43-07:00,0.4166666666666667,False,23,2026-08-25 11:11:43-07:00,25.0,False
1233,39,2026-08-25 11:12:43-07:00,2026-08-25,11:12:43,drive_thru,car,CAR 523  (+0:35),,4,In_n_Out_log_2026-09-06_193227.json,2026-09-06,,,,,,,,523.0,0.0,0.0,,,,,,,,,,,,,,,,,,35.0,,,,False,,2026-08-25 11:12:08-07:00,0.5833333333333334,False,23,2026-08-25 11:12:08-07:00,35.0,False
1234,39,2026-08-25 11:13:11-07:00,2026-08-25,11:13:11,drive_thru,car,CAR 524  (+0:28),,4,In_n_Out_log_2026-09-06_193227.json,2026-09-06,,,,,,,,524.0,0.0,0.0,,,,,,,,,,,,,,,,,,28.0,,,,False,,2026-08-25 11:12:43-07:00,0.4666666666666667,False,23,2026-08-25 11:12:43-07:00,28.0,False
1235,39,2026-08-25 11:13:41-07:00,2026-08-25,11:13:41,drive_thru,car,CAR 525  (+0:29),,4,In_n_Out_log_2026-09-06_193227.json,2026-09-06,,,,,,,,525.0,0.0,0.0,,,,,,,,,,,,,,,,,,29.0,,,,False,,2026-08-25 11:13:11-07:00,0.5,False,23,2026-08-25 11:13:11-07:00,30.0,False
1236,39,2026-08-25 11:14:40-07:00,2026-08-25,11:14:40,drive_thru,car,CAR 526  (+0:59),,4,In_n_Out_log_2026-09-06_193227.json,2026-09-06,,,,,,,,526.0,0.0,0.0,,,,,,,,,,,,,,,,,,59.0,,,,False,,2026-08-25 11:13:41-07:00,0.9833333333333333,False,23,2026-08-25 11:13:41-07:00,59.0,False
1237,39,2026-08-25 11:16:32-07:00,2026-08-25,11:16:32,drive_thru,car,CAR 527  (+1:52),,4,In_n_Out_log_2026-09-06_193227.json,2026-09-06,,,,,,,,527.0,0.0,0.0,,,,,,,,,,,,,,,,,,112.0,,,,False,,2026-08-25 11:14:40-07:00,1.8666666666666667,False,23,2026-08-25 11:14:40-07:00,112.0,False
1238,39,2026-08-25 11:16:57-07:00,2026-08-25,11:16:57,drive_thru,car,CAR 528  (+0:25),,4,In_n_Out_log_2026-09-06_193227.json,2026-09-06,,,,,,,,528.0,0.0,0.0,,,,,,,,,,,,,,,,,,25.0,,,,False,,2026-08-25 11:16:32-07:00,0.4166666666666667,False,23,2026-08-25 11:16:32-07:00,25.0,False
1241,39,2026-08-25 11:17:51-07:00,2026-08-25,11:17:51,drive_thru,car,CAR 529  (+0:54),,4,In_n_Out_log_2026-09-06_193227.json,2026-09-06,,,,,,,,529.0,0.0,0.0,,,,,,,,,,,,,,,,,,54.0,,,,False,,2026-08-25 11:16:57-07:00,0.9,False,23,2026-08-25 11:16:57-07:00,54.0,False
1242,39,2026-08-25 11:19:56-07:00,2026-08-25,11:19:56,drive_thru,car,CAR 530  (+2:05),,4,In_n_Out_log_2026-09-06_193227.json,2026-09-06,,,,,,,,530.0,0.0,0.0,,,,,,,,,,,,,,,,,,125.0,,,,False,,2026-08-25 11:17:51-07:00,2.0833333333333335,False,23,2026-08-25 11:17:51-07:00,125.0,False
1244,39,2026-08-25 11:20:23-07:00,2026-08-25,11:20:23,drive_thru,car,CAR 531  (+0:27),,4,In_n_Out_log_2026-09-06_193227.json,2026-09-06,,,,,,,,531.0,0.0,0.0,,,,,,,,,,,,,,,,,,27.0,,,,False,,2026-08-25 11:19:56-07:00,0.45,False,23,2026-08-25 11:19:56-07:00,27.0,False
1245,39,2026-08-25 11:21:09-07:00,2026-08-25,11:21:09,drive_thru,car,CAR 532  (+0:46),,4,In_n_Out_log_2026-09-06_193227.json,2026-09-06,,,,,,,,532.0,0.0,0.0,,,,,,,,,,,,,,,,,,46.0,,,,False,,2026-08-25 11:20:23-07:00,0.7666666666666667,False,23,2026-08-25 11:20:23-07:00,46.0,False
1246,39,2026-08-25 11:21:22-07:00,2026-08-25,11:21:22,drive_thru,car,CAR 533  (+0:13),,4,In_n_Out_log_2026-09-06_193227.json,2026-09-06,,,,,,,,533.0,0.0,0.0,,,,,,,,,,,,,,,,,,13.0,,,,False,,2026-08-25 11:21:09-07:00,0.21666666666666667,False,23,2026-08-25 11:21:09-07:00,13.0,False
1247,39,2026-08-25 11:24:05-07:00,2026-08-25,11:24:05,drive_thru,car,CAR 534  (+2:43),,4,In_n_Out_log_2026-09-06_193227.json,2026-09-06,,,,,,,,534.0,0.0,0.0,,,,,,,,,,,,,,,,,,163.0,,,,False,,2026-08-25 11:21:22-07:00,2.716666666666667,False,23,2026-08-25 11:21:22-07:00,163.0,False
1248,39,2026-08-25 11:24:28-07:00,2026-08-25,11:24:28,drive_thru,car,CAR 535  (+0:23),,4,In_n_Out_log_2026-09-06_193227.json,2026-09-06,,,,,,,,535.0,0.0,0.0,,,,,,,,,,,,,,,,,,23.0,,,,False,,2026-08-25 11:24:05-07:00,0.38333333333333336,False,23,2026-08-25 11:24:05-07:00,23.0,False
1249,39,2026-08-25 11:25:05-07:00,2026-08-25,11:25:05,drive_thru,car,CAR 536  (+0:37),,4,In_n_Out_log_2026-09-06_193227.json,2026-09-06,,,,,,,,536.0,0.0,0.0,,,,,,,,,,,,,,,,,,37.0,,,,False,,2026-08-25 11:24:28-07:00,0.6166666666666667,False,23,2026-08-25 11:24:28-07:00,37.0,False
1250,39,2026-08-25 11:25:26-07:00,2026-08-25,11:25:26,drive_thru,car,CAR 537  (+0:21),,4,In_n_Out_log_2026-09-06_193227.json,2026-09-06,,,,,,,,537.0,0.0,0.0,,,,,,,,,,,,,,,,,,21.0,,,,False,,2026-08-25 11:25:05-07:00,0.35,False,23,2026-08-25 11:25:05-07:00,21.0,False
1251,39,2026-08-25 11:25:49-07:00,2026-08-25,11:25:49,drive_thru,car,CAR 538  (+0:22),,4,In_n_Out_log_2026-09-06_193227.json,2026-09-06,,,,,,,,538.0,0.0,0.0,,,,,,,,,,,,,,,,,,22.0,,,,False,,2026-08-25 11:25:26-07:00,0.38333333333333336,False,23,2026-08-25 11:25:26-07:00,23.0,False
1252,39,2026-08-25 11:28:43-07:00,2026-08-25,11:28:43,drive_thru,car,CAR 539  (+2:54),,4,In_n_Out_log_2026-09-06_193227.json,2026-09-06,,,,,,,,539.0,0.0,0.0,,,,,,,,,,,,,,,,,,174.0,,,,False,,2026-08-25 11:25:49-07:00,2.9,False,23,2026-08-25 11:25:49-07:00,174.0,False
1253,39,2026-08-25 11:32:09-07:00,2026-08-25,11:32:09,drive_thru,car,CAR 540  (+3:26),,4,In_n_Out_log_2026-09-06_193227.json,2026-09-06,,,,,,,,540.0,0.0,0.0,,,,,,,,,,,,,,,,,,206.0,,,,False,,2026-08-25 11:28:43-07:00,3.433333333333333,False,23,2026-08-25 11:28:43-07:00,206.0,False
1254,39,2026-08-25 11:35:01-07:00,2026-08-25,11:35:01,drive_thru,car,CAR 541  (+2:53),,4,In_n_Out_log_2026-09-06_193227.json,2026-09-06,,,,,,,,541.0,0.0,0.0,,,,,,,,,,,,,,,,,,173.0,,,,False,,2026-08-25 11:32:09-07:00,2.8666666666666667,False,23,2026-08-25 11:32:09-07:00,172.0,False
1255,39,2026-08-25 11:35:23-07:00,2026-08-25,11:35:23,drive_thru,car,CAR 542 — BAGS 0 BOXES 1  (+0:21),,4,In_n_Out_log_2026-09-06_193227.json,2026-09-06,,,,,,,,542.0,0.0,1.0,,,,,,,,,,,,,,,,,,21.0,,,,False,,2026-08-25 11:35:01-07:00,0.36666666666666664,False,23,2026-08-25 11:35:01-07:00,22.0,False
1256,39,2026-08-25 11:36:24-07:00,2026-08-25,11:36:24,drive_thru,car,CAR 543  (+1:01),,4,In_n_Out_log_2026-09-06_193227.json,2026-09-06,,,,,,,,543.0,0.0,0.0,,,,,,,,,,,,,,,,,,61.0,,,,False,,2026-08-25 11:35:23-07:00,1.0166666666666666,False,23,2026-08-25 11:35:23-07:00,61.0,False
1257,39,2026-08-25 11:36:45-07:00,2026-08-25,11:36:45,drive_thru,car,CAR 544 — BAGS 1 BOXES 0  (+0:21),,4,In_n_Out_log_2026-09-06_193227.json,2026-09-06,,,,,,,,544.0,1.0,0.0,,,,,,,,,,,,,,,,,,21.0,,,,False,,2026-08-25 11:36:24-07:00,0.35,False,23,2026-08-25 11:36:24-07:00,21.0,False
1259,39,2026-08-25 11:40:07-07:00,2026-08-25,11:40:07,drive_thru,car,CAR 545  (+3:22),,4,In_n_Out_log_2026-09-06_193227.json,2026-09-06,,,,,,,,545.0,0.0,0.0,,,,,,,,,,,,,,,,,,202.0,,,,False,,2026-08-25 11:36:45-07:00,3.3666666666666667,False,23,2026-08-25 11:36:45-07:00,202.0,False
1260,39,2026-08-25 11:40:18-07:00,2026-08-25,11:40:18,drive_thru,car,CAR 546  (+0:10),,4,In_n_Out_log_2026-09-06_193227.json,2026-09-06,,,,,,,,546.0,0.0,0.0,,,,,,,,,,,,,,,,,,10.0,,,,False,,2026-08-25 11:40:07-07:00,0.18333333333333332,False,23,2026-08-25 11:40:07-07:00,11.0,False
1261,39,2026-08-25 11:41:25-07:00,2026-08-25,11:41:25,drive_thru,car,CAR 547  (+1:07),,4,In_n_Out_log_2026-09-06_193227.json,2026-09-06,,,,,,,,547.0,0.0,0.0,,,,,,,,,,,,,,,,,,67.0,,,,False,,2026-08-25 11:40:18-07:00,1.1166666666666667,False,23,2026-08-25 11:40:18-07:00,67.0,False
1262,39,2026-08-25 11:42:02-07:00,2026-08-25,11:42:02,drive_thru,car,CAR 548  (+0:38),,4,In_n_Out_log_2026-09-06_193227.json,2026-09-06,,,,,,,,548.0,0.0,0.0,,,,,,,,,,,,,,,,,,38.0,,,,False,,2026-08-25 11:41:25-07:00,0.6166666666666667,False,23,2026-08-25 11:41:25-07:00,37.0,False
1263,39,2026-08-25 11:42:21-07:00,2026-08-25,11:42:21,drive_thru,car,CAR 549  (+0:19),,4,In_n_Out_log_2026-09-06_193227.json,2026-09-06,,,,,,,,549.0,0.0,0.0,,,,,,,,,,,,,,,,,,19.0,,,,False,,2026-08-25 11:42:02-07:00,0.31666666666666665,False,23,2026-08-25 11:42:02-07:00,19.0,False
1264,39,2026-08-25 11:46:41-07:00,2026-08-25,11:46:41,drive_thru,car,CAR 550  (+4:20),,4,In_n_Out_log_2026-09-06_193227.json,2026-09-06,,,,,,,,550.0,0.0,0.0,,,,,,,,,,,,,,,,,,260.0,,,,False,,2026-08-25 11:42:21-07:00,4.333333333333333,False,23,2026-08-25 11:42:21-07:00,260.0,False
1265,39,2026-08-25 11:47:34-07:00,2026-08-25,11:47:34,drive_thru,car,CAR 551  (+0:52),,4,In_n_Out_log_2026-09-06_193227.json,2026-09-06,,,,,,,,551.0,0.0,0.0,,,,,,,,,,,,,,,,,,52.0,,,,False,,2026-08-25 11:46:41-07:00,0.8833333333333333,False,23,2026-08-25 11:46:41-07:00,53.0,False
1266,39,2026-08-25 11:48:02-07:00,2026-08-25,11:48:02,drive_thru,car,CAR 552  (+0:28),,4,In_n_Out_log_2026-09-06_193227.json,2026-09-06,,,,,,,,552.0,0.0,0.0,,,,,,,,,,,,,,,,,,28.0,,,,False,,2026-08-25 11:47:34-07:00,0.4666666666666667,False,23,2026-08-25 11:47:34-07:00,28.0,False
1267,39,2026-08-25 11:50:39-07:00,2026-08-25,11:50:39,drive_thru,car,CAR 553  (+2:37),,4,In_n_Out_log_2026-09-06_193227.json,2026-09-06,,,,,,,,553.0,0.0,0.0,,,,,,,,,,,,,,,,,,157.0,,,,False,,2026-08-25 11:48:02-07:00,2.6166666666666667,False,23,2026-08-25 11:48:02-07:00,157.0,False
1268,39,2026-08-25 11:51:21-07:00,2026-08-25,11:51:21,drive_thru,car,CAR 554  (+0:42),,4,In_n_Out_log_2026-09-06_193227.json,2026-09-06,,,,,,,,554.0,0.0,0.0,,,,,,,,,,,,,,,,,,42.0,,,,False,,2026-08-25 11:50:39-07:00,0.7,False,23,2026-08-25 11:50:39-07:00,42.0,False
1269,39,2026-08-25 11:51:40-07:00,2026-08-25,11:51:40,drive_thru,car,CAR 555  (+0:19),,4,In_n_Out_log_2026-09-06_193227.json,2026-09-06,,,,,,,,555.0,0.0,0.0,,,,,,,,,,,,,,,,,,19.0,,,,False,,2026-08-25 11:51:21-07:00,0.31666666666666665,False,23,2026-08-25 11:51:21-07:00,19.0,False
1272,39,2026-08-25 11:53:06-07:00,2026-08-25,11:53:06,drive_thru,car,CAR 556  (+1:26),,4,In_n_Out_log_2026-09-06_193227.json,2026-09-06,,,,,,,,556.0,0.0,0.0,,,,,,,,,,,,,,,,,,86.0,,,,False,,2026-08-25 11:51:40-07:00,1.4333333333333333,False,23,2026-08-25 11:51:40-07:00,86.0,True
1348,44,2026-08-29 14:59:40-07:00,2026-08-29,14:59:40,drive_thru,car,CAR 606  (+0:26),,4,In_n_Out_log_2026-09-06_193227.json,2026-09-06,,,,,,,,606.0,0.0,0.0,,,,,,,,,,,,,,,,,,26.0,,,,False,,2026-08-29 14:59:14-07:00,0.43333333333333335,False,27,2026-08-29 14:59:14-07:00,26.0,False
1349,44,2026-08-29 15:01:20-07:00,2026-08-29,15:01:20,drive_thru,car,CAR 607  (+1:40),,4,In_n_Out_log_2026-09-06_193227.json,2026-09-06,,,,,,,,607.0,0.0,0.0,,,,,,,,,,,,,,,,,,100.0,,,,False,,2026-08-29 14:59:40-07:00,1.6666666666666667,False,27,2026-08-29 14:59:40-07:00,100.0,False
1350,44,2026-08-29 15:01:56-07:00,2026-08-29,15:01:56,drive_thru,car,CAR 608  (+0:36),,4,In_n_Out_log_2026-09-06_193227.json,2026-09-06,,,,,,,,608.0,0.0,0.0,,,,,,,,,,,,,,,,,,36.0,,,,False,,2026-08-29 15:01:20-07:00,0.6,False,27,2026-08-29 15:01:20-07:00,36.0,False
1351,44,2026-08-29 15:02:48-07:00,2026-08-29,15:02:48,drive_thru,car,CAR 609  (+0:52),,4,In_n_Out_log_2026-09-06_193227.json,2026-09-06,,,,,,,,609.0,0.0,0.0,,,,,,,,,,,,,,,,,,52.0,,,,False,,2026-08-29 15:01:56-07:00,0.8666666666666667,False,27,2026-08-29 15:01:56-07:00,52.0,False
1352,44,2026-08-29 15:03:52-07:00,2026-08-29,15:03:52,drive_thru,car,CAR 610  (+1:04),,4,In_n_Out_log_2026-09-06_193227.json,2026-09-06,,,,,,,,610.0,0.0,0.0,,,,,,,,,,,,,,,,,,64.0,,,,False,,2026-08-29 15:02:48-07:00,1.0666666666666667,False,27,2026-08-29 15:02:48-07:00,64.0,False
1353,44,2026-08-29 15:07:15-07:00,2026-08-29,15:07:15,drive_thru,car,CAR 611  (+3:24),,4,In_n_Out_log_2026-09-06_193227.json,2026-09-06,,,,,,,,611.0,0.0,0.0,,,,,,,,,,,,,,,,,,204.0,,,,False,,2026-08-29 15:03:52-07:00,3.3833333333333333,False,27,2026-08-29 15:03:52-07:00,203.0,False
1354,44,2026-08-29 15:08:12-07:00,2026-08-29,15:08:12,drive_thru,car,CAR 612  (+0:57),,4,In_n_Out_log_2026-09-06_193227.json,2026-09-06,,,,,,,,612.0,0.0,0.0,,,,,,,,,,,,,,,,,,57.0,,,,False,,2026-08-29 15:07:15-07:00,0.95,False,27,2026-08-29 15:07:15-07:00,57.0,False
1355,44,2026-08-29 15:09:08-07:00,2026-08-29,15:09:08,drive_thru,car,CAR 613  (+0:56),,4,In_n_Out_log_2026-09-06_193227.json,2026-09-06,,,,,,,,613.0,0.0,0.0,,,,,,,,,,,,,,,,,,56.0,,,,False,,2026-08-29 15:08:12-07:00,0.9333333333333333,False,27,2026-08-29 15:08:12-07:00,56.0,False
1356,44,2026-08-29 15:10:23-07:00,2026-08-29,15:10:23,drive_thru,car,CAR 614  (+1:15),,4,In_n_Out_log_2026-09-06_193227.json,2026-09-06,,,,,,,,614.0,0.0,0.0,,,,,,,,,,,,,,,,,,75.0,,,,False,,2026-08-29 15:09:08-07:00,1.25,False,27,2026-08-29 15:09:08-07:00,75.0,False
1357,44,2026-08-29 15:11:33-07:00,2026-08-29,15:11:33,drive_thru,car,CAR 615  (+1:10),,4,In_n_Out_log_2026-09-06_193227.json,2026-09-06,,,,,,,,615.0,0.0,0.0,,,,,,,,,,,,,,,,,,70.0,,,,False,,2026-08-29 15:10:23-07:00,1.1666666666666667,False,27,2026-08-29 15:10:23-07:00,70.0,False
1358,44,2026-08-29 15:13:44-07:00,2026-08-29,15:13:44,drive_thru,car,CAR 616  (+2:11),,4,In_n_Out_log_2026-09-06_193227.json,2026-09-06,,,,,,,,616.0,0.0,0.0,,,,,,,,,,,,,,,,,,131.0,,,,False,,2026-08-29 15:11:33-07:00,2.183333333333333,False,27,2026-08-29 15:11:33-07:00,131.0,False
1360,44,2026-08-29 15:14:43-07:00,2026-08-29,15:14:43,drive_thru,car,CAR 617  (+0:59),,4,In_n_Out_log_2026-09-06_193227.json,2026-09-06,,,,,,,,617.0,0.0,0.0,,,,,,,,,,,,,,,,,,59.0,,,,False,,2026-08-29 15:13:44-07:00,0.9833333333333333,False,27,2026-08-29 15:13:44-07:00,59.0,False
1361,44,2026-08-29 15:16:51-07:00,2026-08-29,15:16:51,drive_thru,car,CAR 618  (+2:08),,4,In_n_Out_log_2026-09-06_193227.json,2026-09-06,,,,,,,,618.0,0.0,0.0,,,,,,,,,,,,,,,,,,128.0,,,,False,,2026-08-29 15:14:43-07:00,2.1333333333333333,False,27,2026-08-29 15:14:43-07:00,128.0,False
1362,44,2026-08-29 15:17:43-07:00,2026-08-29,15:17:43,drive_thru,car,CAR 619  (+0:52),,4,In_n_Out_log_2026-09-06_193227.json,2026-09-06,,,,,,,,619.0,0.0,0.0,,,,,,,,,,,,,,,,,,52.0,,,,False,,2026-08-29 15:16:51-07:00,0.8666666666666667,False,27,2026-08-29 15:16:51-07:00,52.0,False
1363,44,2026-08-29 15:19:01-07:00,2026-08-29,15:19:01,drive_thru,car,CAR 620  (+1:18),,4,In_n_Out_log_2026-09-06_193227.json,2026-09-06,,,,,,,,620.0,0.0,0.0,,,,,,,,,,,,,,,,,,78.0,,,,False,,2026-08-29 15:17:43-07:00,1.3,False,27,2026-08-29 15:17:43-07:00,78.0,False
1365,44,2026-08-29 15:21:22-07:00,2026-08-29,15:21:22,drive_thru,car,CAR 621  (+2:21),,4,In_n_Out_log_2026-09-06_193227.json,2026-09-06,,,,,,,,621.0,0.0,0.0,,,,,,,,,,,,,,,,,,141.0,,,,False,,2026-08-29 15:19:01-07:00,2.35,False,27,2026-08-29 15:19:01-07:00,141.0,False
1366,44,2026-08-29 15:21:50-07:00,2026-08-29,15:21:50,drive_thru,car,CAR 622  (+0:28),,4,In_n_Out_log_2026-09-06_193227.json,2026-09-06,,,,,,,,622.0,0.0,0.0,,,,,,,,,,,,,,,,,,28.0,,,,False,,2026-08-29 15:21:22-07:00,0.4666666666666667,False,27,2026-08-29 15:21:22-07:00,28.0,False
1367,44,2026-08-29 15:22:16-07:00,2026-08-29,15:22:16,drive_thru,car,CAR 623  (+0:26),,4,In_n_Out_log_2026-09-06_193227.json,2026-09-06,,,,,,,,623.0,0.0,0.0,,,,,,,,,,,,,,,,,,26.0,,,,False,,2026-08-29 15:21:50-07:00,0.43333333333333335,False,27,2026-08-29 15:21:50-07:00,26.0,False
1368,44,2026-08-29 15:24:00-07:00,2026-08-29,15:24:00,drive_thru,car,CAR 624  (+1:44),,4,In_n_Out_log_2026-09-06_193227.json,2026-09-06,,,,,,,,624.0,0.0,0.0,,,,,,,,,,,,,,,,,,104.0,,,,False,,2026-08-29 15:22:16-07:00,1.7333333333333334,False,27,2026-08-29 15:22:16-07:00,104.0,False
1369,44,2026-08-29 15:25:02-07:00,2026-08-29,15:25:02,drive_thru,car,CAR 625  (+1:03),,4,In_n_Out_log_2026-09-06_193227.json,2026-09-06,,,,,,,,625.0,0.0,0.0,,,,,,,,,,,,,,,,,,63.0,,,,False,,2026-08-29 15:24:00-07:00,1.0333333333333334,False,27,2026-08-29 15:24:00-07:00,62.0,False
1370,44,2026-08-29 15:25:27-07:00,2026-08-29,15:25:27,drive_thru,car,CAR 626  (+0:24),,4,In_n_Out_log_2026-09-06_193227.json,2026-09-06,,,,,,,,626.0,0.0,0.0,,,,,,,,,,,,,,,,,,24.0,,,,False,,2026-08-29 15:25:02-07:00,0.4166666666666667,False,27,2026-08-29 15:25:02-07:00,25.0,False
1373,44,2026-08-29 15:26:32-07:00,2026-08-29,15:26:32,drive_thru,car,CAR 627  (+1:05),,4,In_n_Out_log_2026-09-06_193227.json,2026-09-06,,,,,,,,627.0,0.0,0.0,,,,,,,,,,,,,,,,,,65.0,,,,False,,2026-08-29 15:25:27-07:00,1.0833333333333333,False,27,2026-08-29 15:25:27-07:00,65.0,True
1376,44,2026-08-29 15:27:58-07:00,2026-08-29,15:27:58,drive_thru,car,CAR 628  (+1:26),,4,In_n_Out_log_2026-09-06_193227.json,2026-09-06,,,,,,,,628.0,0.0,0.0,,,,,,,,,,,,,,,,,,86.0,,,,False,,2026-08-29 15:26:32-07:00,1.4333333333333333,False,27,2026-08-29 15:26:32-07:00,86.0,True
1377,44,2026-08-29 15:28:26-07:00,2026-08-29,15:28:26,drive_thru,car,CAR 629  (+0:29),,4,In_n_Out_log_2026-09-06_193227.json,2026-09-06,,,,,,,,629.0,0.0,0.0,,,,,,,,,,,,,,,,,,29.0,,,,False,,2026-08-29 15:27:58-07:00,0.4666666666666667,False,27,2026-08-29 15:27:58-07:00,28.0,False
1378,44,2026-08-29 15:29:10-07:00,2026-08-29,15:29:10,drive_thru,car,CAR 630  (+0:43),,4,In_n_Out_log_2026-09-06_193227.json,2026-09-06,,,,,,,,630.0,0.0,0.0,,,,,,,,,,,,,,,,,,43.0,,,,False,,2026-08-29 15:28:26-07:00,0.7333333333333333,False,27,2026-08-29 15:28:26-07:00,44.0,False
1379,44,2026-08-29 15:30:18-07:00,2026-08-29,15:30:18,drive_thru,car,CAR 631  (+1:09),,4,In_n_Out_log_2026-09-06_193227.json,2026-09-06,,,,,,,,631.0,0.0,0.0,,,,,,,,,,,,,,,,,,69.0,,,,False,,2026-08-29 15:29:10-07:00,1.1333333333333333,False,27,2026-08-29 15:29:10-07:00,68.0,False
1380,44,2026-08-29 15:32:37-07:00,2026-08-29,15:32:37,drive_thru,car,CAR 632  (+2:19),,4,In_n_Out_log_2026-09-06_193227.json,2026-09-06,,,,,,,,632.0,0.0,0.0,,,,,,,,,,,,,,,,,,139.0,,,,False,,2026-08-29 15:30:18-07:00,2.316666666666667,False,27,2026-08-29 15:30:18-07:00,139.0,False
1381,44,2026-08-29 15:33:14-07:00,2026-08-29,15:33:14,drive_thru,car,CAR 633  (+0:37),,4,In_n_Out_log_2026-09-06_193227.json,2026-09-06,,,,,,,,633.0,0.0,0.0,,,,,,,,,,,,,,,,,,37.0,,,,False,,2026-08-29 15:32:37-07:00,0.6166666666666667,False,27,2026-08-29 15:32:37-07:00,37.0,False
1382,44,2026-08-29 15:33:48-07:00,2026-08-29,15:33:48,drive_thru,car,CAR 634  (+0:34),,4,In_n_Out_log_2026-09-06_193227.json,2026-09-06,,,,,,,,634.0,0.0,0.0,,,,,,,,,,,,,,,,,,34.0,,,,False,,2026-08-29 15:33:14-07:00,0.5666666666666667,False,27,2026-08-29 15:33:14-07:00,34.0,False
1442,48,2026-08-30 11:50:13-07:00,2026-08-30,11:50:13,drive_thru,car,CAR 667  (+0:52),,4,In_n_Out_log_2026-09-06_193227.json,2026-09-06,,,,,,,,667.0,0.0,0.0,,,,,,,,,,,,,,,,,,52.0,,,,False,,2026-08-30 11:49:21-07:00,0.8666666666666667,False,29,2026-08-30 11:49:21-07:00,52.0,False
1443,48,2026-08-30 11:50:53-07:00,2026-08-30,11:50:53,drive_thru,car,CAR 668  (+0:40),,4,In_n_Out_log_2026-09-06_193227.json,2026-09-06,,,,,,,,668.0,0.0,0.0,,,,,,,,,,,,,,,,,,40.0,,,,False,,2026-08-30 11:50:13-07:00,0.6666666666666666,False,29,2026-08-30 11:50:13-07:00,40.0,False
1448,49,2026-08-30 11:52:25-07:00,2026-08-30,11:52:25,drive_thru,car,CAR 669,,4,In_n_Out_log_2026-09-06_193227.json,2026-09-06,,,,,,,,669.0,0.0,0.0,,,,,,,,,,,,,,,,,,,,,,False,,2026-08-30 11:50:53-07:00,1.5333333333333334,False,29,2026-08-30 11:50:53-07:00,92.0,False
1451,49,2026-08-30 11:54:31-07:00,2026-08-30,11:54:31,drive_thru,car,CAR 670  (+2:06),,4,In_n_Out_log_2026-09-06_193227.json,2026-09-06,,,,,,,,670.0,0.0,0.0,,,,,,,,,,,,,,,,,,126.0,,,,False,,2026-08-30 11:52:25-07:00,2.1,False,29,2026-08-30 11:52:25-07:00,126.0,False
1454,49,2026-08-30 11:55:29-07:00,2026-08-30,11:55:29,drive_thru,car,CAR 671  (+0:58),,4,In_n_Out_log_2026-09-06_193227.json,2026-09-06,,,,,,,,671.0,0.0,0.0,,,,,,,,,,,,,,,,,,58.0,,,,False,,2026-08-30 11:54:31-07:00,0.9666666666666667,False,29,2026-08-30 11:54:31-07:00,58.0,False
1455,49,2026-08-30 11:56:15-07:00,2026-08-30,11:56:15,drive_thru,car,CAR 672  (+0:46),,4,In_n_Out_log_2026-09-06_193227.json,2026-09-06,,,,,,,,672.0,0.0,0.0,,,,,,,,,,,,,,,,,,46.0,,,,False,,2026-08-30 11:55:29-07:00,0.7666666666666667,False,29,2026-08-30 11:55:29-07:00,46.0,False
1458,49,2026-08-30 11:57:32-07:00,2026-08-30,11:57:32,drive_thru,car,CAR 673  (+1:17),,4,In_n_Out_log_2026-09-06_193227.json,2026-09-06,,,,,,,,673.0,0.0,0.0,,,,,,,,,,,,,,,,,,77.0,,,,False,,2026-08-30 11:56:15-07:00,1.2833333333333334,False,29,2026-08-30 11:56:15-07:00,77.0,False
1460,49,2026-08-30 11:59:43-07:00,2026-08-30,11:59:43,drive_thru,car,CAR 674  (+2:11),,4,In_n_Out_log_2026-09-06_193227.json,2026-09-06,,,,,,,,674.0,0.0,0.0,,,,,,,,,,,,,,,,,,131.0,,,,False,,2026-08-30 11:57:32-07:00,2.183333333333333,False,29,2026-08-30 11:57:32-07:00,131.0,False
1464,49,2026-08-30 12:02:19-07:00,2026-08-30,12:02:19,drive_thru,car,CAR 675  (+2:36),,4,In_n_Out_log_2026-09-06_193227.json,2026-09-06,,,,,,,,675.0,0.0,0.0,,,,,,,,,,,,,,,,,,156.0,,,,False,,2026-08-30 11:59:43-07:00,2.6,False,29,2026-08-30 11:59:43-07:00,156.0,False
1466,49,2026-08-30 12:03:07-07:00,2026-08-30,12:03:07,drive_thru,car,CAR 676  (+0:48),,4,In_n_Out_log_2026-09-06_193227.json,2026-09-06,,,,,,,,676.0,0.0,0.0,,,,,,,,,,,,,,,,,,48.0,,,,False,,2026-08-30 12:02:19-07:00,0.8,False,29,2026-08-30 12:02:19-07:00,48.0,False
1468,49,2026-08-30 12:03:23-07:00,2026-08-30,12:03:23,drive_thru,car,CAR 677  (+0:16),,4,In_n_Out_log_2026-09-06_193227.json,2026-09-06,,,,,,,,677.0,0.0,0.0,,,,,,,,,,,,,,,,,,16.0,,,,False,,2026-08-30 12:03:07-07:00,0.26666666666666666,False,29,2026-08-30 12:03:07-07:00,16.0,False
1470,49,2026-08-30 12:03:44-07:00,2026-08-30,12:03:44,drive_thru,car,CAR 678  (+0:21),,4,In_n_Out_log_2026-09-06_193227.json,2026-09-06,,,,,,,,678.0,0.0,0.0,,,,,,,,,,,,,,,,,,21.0,,,,False,,2026-08-30 12:03:23-07:00,0.35,False,29,2026-08-30 12:03:23-07:00,21.0,False
1476,49,2026-08-30 12:05:03-07:00,2026-08-30,12:05:03,drive_thru,car,CAR 679  (+1:19),,4,In_n_Out_log_2026-09-06_193227.json,2026-09-06,,,,,,,,679.0,0.0,0.0,,,,,,,,,,,,,,,,,,79.0,,,,False,,2026-08-30 12:03:44-07:00,1.3166666666666667,False,29,2026-08-30 12:03:44-07:00,79.0,True
1477,49,2026-08-30 12:06:02-07:00,2026-08-30,12:06:02,drive_thru,car,CAR 680  (+0:59),,4,In_n_Out_log_2026-09-06_193227.json,2026-09-06,,,,,,,,680.0,0.0,0.0,,,,,,,,,,,,,,,,,,59.0,,,,False,,2026-08-30 12:05:03-07:00,0.9833333333333333,False,29,2026-08-30 12:05:03-07:00,59.0,False
1478,49,2026-08-30 12:06:45-07:00,2026-08-30,12:06:45,drive_thru,car,CAR 681  (+0:44),,4,In_n_Out_log_2026-09-06_193227.json,2026-09-06,,,,,,,,681.0,0.0,0.0,,,,,,,,,,,,,,,,,,44.0,,,,False,,2026-08-30 12:06:02-07:00,0.7166666666666667,False,29,2026-08-30 12:06:02-07:00,43.0,False
1480,49,2026-08-30 12:07:22-07:00,2026-08-30,12:07:22,drive_thru,car,CAR 682  (+0:36),,4,In_n_Out_log_2026-09-06_193227.json,2026-09-06,,,,,,,,682.0,0.0,0.0,,,,,,,,,,,,,,,,,,36.0,,,,False,,2026-08-30 12:06:45-07:00,0.6166666666666667,False,29,2026-08-30 12:06:45-07:00,37.0,False
1484,49,2026-08-30 12:07:57-07:00,2026-08-30,12:07:57,drive_thru,car,CAR 683  (+0:35),,4,In_n_Out_log_2026-09-06_193227.json,2026-09-06,,,,,,,,683.0,0.0,0.0,,,,,,,,,,,,,,,,,,35.0,,,,False,,2026-08-30 12:07:22-07:00,0.5833333333333334,False,29,2026-08-30 12:07:22-07:00,35.0,True
1489,49,2026-08-30 12:09:21-07:00,2026-08-30,12:09:21,drive_thru,car,CAR 684  (+1:25),,4,In_n_Out_log_2026-09-06_193227.json,2026-09-06,,,,,,,,684.0,0.0,0.0,,,,,,,,,,,,,,,,,,85.0,,,,False,,2026-08-30 12:07:57-07:00,1.4,False,29,2026-08-30 12:07:57-07:00,84.0,True
1492,49,2026-08-30 12:10:08-07:00,2026-08-30,12:10:08,drive_thru,car,CAR 685  (+0:47),,4,In_n_Out_log_2026-09-06_193227.json,2026-09-06,,,,,,,,685.0,0.0,0.0,,,,,,,,,,,,,,,,,,47.0,,,,False,,2026-08-30 12:09:21-07:00,0.7833333333333333,False,29,2026-08-30 12:09:21-07:00,47.0,True
1496,49,2026-08-30 12:11:28-07:00,2026-08-30,12:11:28,drive_thru,car,CAR 686  (+1:20),,4,In_n_Out_log_2026-09-06_193227.json,2026-09-06,,,,,,,,686.0,0.0,0.0,,,,,,,,,,,,,,,,,,80.0,,,,False,,2026-08-30 12:10:08-07:00,1.3333333333333333,False,29,2026-08-30 12:10:08-07:00,80.0,True
1498,49,2026-08-30 12:12:10-07:00,2026-08-30,12:12:10,drive_thru,car,CAR 687  (+0:42),,4,In_n_Out_log_2026-09-06_193227.json,2026-09-06,,,,,,,,687.0,0.0,0.0,,,,,,,,,,,,,,,,,,42.0,,,,False,,2026-08-30 12:11:28-07:00,0.7,False,29,2026-08-30 12:11:28-07:00,42.0,False
1499,49,2026-08-30 12:13:07-07:00,2026-08-30,12:13:07,drive_thru,car,CAR 688  (+0:57),,4,In_n_Out_log_2026-09-06_193227.json,2026-09-06,,,,,,,,688.0,0.0,0.0,,,,,,,,,,,,,,,,,,57.0,,,,False,,2026-08-30 12:12:10-07:00,0.95,False,29,2026-08-30 12:12:10-07:00,57.0,False
1500,49,2026-08-30 12:13:40-07:00,2026-08-30,12:13:40,drive_thru,car,CAR 689  (+0:33),,4,In_n_Out_log_2026-09-06_193227.json,2026-09-06,,,,,,,,689.0,0.0,0.0,,,,,,,,,,,,,,,,,,33.0,,,,False,,2026-08-30 12:13:07-07:00,0.55,False,29,2026-08-30 12:13:07-07:00,33.0,False
1501,49,2026-08-30 12:14:14-07:00,2026-08-30,12:14:14,drive_thru,car,CAR 690  (+0:34),,4,In_n_Out_log_2026-09-06_193227.json,2026-09-06,,,,,,,,690.0,0.0,0.0,,,,,,,,,,,,,,,,,,34.0,,,,False,,2026-08-30 12:13:40-07:00,0.5666666666666667,False,29,2026-08-30 12:13:40-07:00,34.0,False
1503,49,2026-08-30 12:14:51-07:00,2026-08-30,12:14:51,drive_thru,car,CAR 691  (+0:37),,4,In_n_Out_log_2026-09-06_193227.json,2026-09-06,,,,,,,,691.0,0.0,0.0,,,,,,,,,,,,,,,,,,37.0,,,,False,,2026-08-30 12:14:14-07:00,0.6166666666666667,False,29,2026-08-30 12:14:14-07:00,37.0,False
1504,49,2026-08-30 12:15:25-07:00,2026-08-30,12:15:25,drive_thru,car,CAR 692  (+0:34),,4,In_n_Out_log_2026-09-06_193227.json,2026-09-06,,,,,,,,692.0,0.0,0.0,,,,,,,,,,,,,,,,,,34.0,,,,False,,2026-08-30 12:14:51-07:00,0.5666666666666667,False,29,2026-08-30 12:14:51-07:00,34.0,False
1505,49,2026-08-30 12:15:26-07:00,2026-08-30,12:15:26,drive_thru,car,CAR 693  (+0:02),,4,In_n_Out_log_2026-09-06_193227.json,2026-09-06,,,,,,,,693.0,0.0,0.0,,,,,,,,,,,,,,,,,,2.0,,,,False,,2026-08-30 12:15:25-07:00,0.016666666666666666,False,29,2026-08-30 12:15:25-07:00,1.0,False
1506,49,2026-08-30 12:15:44-07:00,2026-08-30,12:15:44,drive_thru,car,CAR 694  (+0:18),,4,In_n_Out_log_2026-09-06_193227.json,2026-09-06,,,,,,,,694.0,0.0,0.0,,,,,,,,,,,,,,,,,,18.0,,,,False,,2026-08-30 12:15:26-07:00,0.3,False,29,2026-08-30 12:15:26-07:00,18.0,False
1510,49,2026-08-30 12:16:31-07:00,2026-08-30,12:16:31,drive_thru,car,CAR 695  (+0:47),,4,In_n_Out_log_2026-09-06_193227.json,2026-09-06,,,,,,,,695.0,0.0,0.0,,,,,,,,,,,,,,,,,,47.0,,,,False,,2026-08-30 12:15:44-07:00,0.7833333333333333,False,29,2026-08-30 12:15:44-07:00,47.0,True
1513,49,2026-08-30 12:17:37-07:00,2026-08-30,12:17:37,drive_thru,car,CAR 696  (+1:05),,4,In_n_Out_log_2026-09-06_193227.json,2026-09-06,,,,,,,,696.0,0.0,0.0,,,,,,,,,,,,,,,,,,65.0,,,,False,,2026-08-30 12:16:31-07:00,1.1,False,29,2026-08-30 12:16:31-07:00,66.0,False
1516,49,2026-08-30 12:18:04-07:00,2026-08-30,12:18:04,drive_thru,car,CAR 697  (+0:28),,4,In_n_Out_log_2026-09-06_193227.json,2026-09-06,,,,,,,,697.0,0.0,0.0,,,,,,,,,,,,,,,,,,28.0,,,,False,,2026-08-30 12:17:37-07:00,0.45,False,29,2026-08-30 12:17:37-07:00,27.0,False
1517,49,2026-08-30 12:18:28-07:00,2026-08-30,12:18:28,drive_thru,car,CAR 698  (+0:23),,4,In_n_Out_log_2026-09-06_193227.json,2026-09-06,,,,,,,,698.0,0.0,0.0,,,,,,,,,,,,,,,,,,23.0,,,,False,,2026-08-30 12:18:04-07:00,0.4,False,29,2026-08-30 12:18:04-07:00,24.0,False
1518,49,2026-08-30 12:19:50-07:00,2026-08-30,12:19:50,drive_thru,car,CAR 699  (+1:22),,4,In_n_Out_log_2026-09-06_193227.json,2026-09-06,,,,,,,,699.0,0.0,0.0,,,,,,,,,,,,,,,,,,82.0,,,,False,,2026-08-30 12:18:28-07:00,1.3666666666666667,False,29,2026-08-30 12:18:28-07:00,82.0,False
1520,49,2026-08-30 12:21:24-07:00,2026-08-30,12:21:24,drive_thru,car,CAR 700  (+1:34),,4,In_n_Out_log_2026-09-06_193227.json,2026-09-06,,,,,,,,700.0,0.0,0.0,,,,,,,,,,,,,,,,,,94.0,,,,False,,2026-08-30 12:19:50-07:00,1.5666666666666667,False,29,2026-08-30 12:19:50-07:00,94.0,False
1522,49,2026-08-30 12:22:03-07:00,2026-08-30,12:22:03,drive_thru,car,CAR 701  (+0:39),,4,In_n_Out_log_2026-09-06_193227.json,2026-09-06,,,,,,,,701.0,0.0,0.0,,,,,,,,,,,,,,,,,,39.0,,,,False,,2026-08-30 12:21:24-07:00,0.65,False,29,2026-08-30 12:21:24-07:00,39.0,False
1523,49,2026-08-30 12:22:32-07:00,2026-08-30,12:22:32,drive_thru,car,CAR 702  (+0:29),,4,In_n_Out_log_2026-09-06_193227.json,2026-09-06,,,,,,,,702.0,0.0,0.0,,,,,,,,,,,,,,,,,,29.0,,,,False,,2026-08-30 12:22:03-07:00,0.48333333333333334,False,29,2026-08-30 12:22:03-07:00,29.0,False
1525,49,2026-08-30 12:24:00-07:00,2026-08-30,12:24:00,drive_thru,car,CAR 703  (+1:28),,4,In_n_Out_log_2026-09-06_193227.json,2026-09-06,,,,,,,,703.0,0.0,0.0,,,,,,,,,,,,,,,,,,88.0,,,,False,,2026-08-30 12:22:32-07:00,1.4666666666666666,False,29,2026-08-30 12:22:32-07:00,88.0,False
1526,49,2026-08-30 12:24:44-07:00,2026-08-30,12:24:44,drive_thru,car,CAR 704  (+0:43),,4,In_n_Out_log_2026-09-06_193227.json,2026-09-06,,,,,,,,704.0,0.0,0.0,,,,,,,,,,,,,,,,,,43.0,,,,False,,2026-08-30 12:24:00-07:00,0.7333333333333333,False,29,2026-08-30 12:24:00-07:00,44.0,False
1527,49,2026-08-30 12:25:06-07:00,2026-08-30,12:25:06,drive_thru,car,CAR 705  (+0:23),,4,In_n_Out_log_2026-09-06_193227.json,2026-09-06,,,,,,,,705.0,0.0,0.0,,,,,,,,,,,,,,,,,,23.0,,,,False,,2026-08-30 12:24:44-07:00,0.36666666666666664,False,29,2026-08-30 12:24:44-07:00,22.0,False
1533,49,2026-08-30 12:26:32-07:00,2026-08-30,12:26:32,drive_thru,car,CAR 706  (+1:26),,4,In_n_Out_log_2026-09-06_193227.json,2026-09-06,,,,,,,,706.0,0.0,0.0,,,,,,,,,,,,,,,,,,86.0,,,,False,,2026-08-30 12:25:06-07:00,1.4333333333333333,False,29,2026-08-30 12:25:06-07:00,86.0,True
1534,49,2026-08-30 12:27:06-07:00,2026-08-30,12:27:06,drive_thru,car,CAR 707  (+0:34),,4,In_n_Out_log_2026-09-06_193227.json,2026-09-06,,,,,,,,707.0,0.0,0.0,,,,,,,,,,,,,,,,,,34.0,,,,False,,2026-08-30 12:26:32-07:00,0.5666666666666667,False,29,2026-08-30 12:26:32-07:00,34.0,False
1535,49,2026-08-30 12:27:08-07:00,2026-08-30,12:27:08,drive_thru,car,CAR 708  (+0:02),,4,In_n_Out_log_2026-09-06_193227.json,2026-09-06,,,,,,,,708.0,0.0,0.0,,,,,,,,,,,,,,,,,,2.0,,,,False,,2026-08-30 12:27:06-07:00,0.03333333333333333,False,29,2026-08-30 12:27:06-07:00,2.0,False
1540,49,2026-08-30 12:29:47-07:00,2026-08-30,12:29:47,drive_thru,car,CAR 709  (+2:40),,4,In_n_Out_log_2026-09-06_193227.json,2026-09-06,,,,,,,,709.0,0.0,0.0,,,,,,,,,,,,,,,,,,160.0,,,,False,,2026-08-30 12:27:08-07:00,2.65,False,29,2026-08-30 12:27:08-07:00,159.0,True
1546,49,2026-08-30 12:31:57-07:00,2026-08-30,12:31:57,drive_thru,car,CAR 710  (+2:09),,4,In_n_Out_log_2026-09-06_193227.json,2026-09-06,,,,,,,,710.0,0.0,0.0,,,,,,,,,,,,,,,,,,129.0,,,,False,,2026-08-30 12:29:47-07:00,2.1666666666666665,False,29,2026-08-30 12:29:47-07:00,130.0,True
1548,49,2026-08-30 12:32:31-07:00,2026-08-30,12:32:31,drive_thru,car,CAR 711  (+0:34),,4,In_n_Out_log_2026-09-06_193227.json,2026-09-06,,,,,,,,711.0,0.0,0.0,,,,,,,,,,,,,,,,,,34.0,,,,False,,2026-08-30 12:31:57-07:00,0.5666666666666667,False,29,2026-08-30 12:31:57-07:00,34.0,False
1551,49,2026-08-30 12:33:39-07:00,2026-08-30,12:33:39,drive_thru,car,CAR 712  (+1:08),,4,In_n_Out_log_2026-09-06_193227.json,2026-09-06,,,,,,,,712.0,0.0,0.0,,,,,,,,,,,,,,,,,,68.0,,,,False,,2026-08-30 12:32:31-07:00,1.1333333333333333,False,29,2026-08-30 12:32:31-07:00,68.0,False
1552,49,2026-08-30 12:33:59-07:00,2026-08-30,12:33:59,drive_thru,car,CAR 713  (+0:20),,4,In_n_Out_log_2026-09-06_193227.json,2026-09-06,,,,,,,,713.0,0.0,0.0,,,,,,,,,,,,,,,,,,20.0,,,,False,,2026-08-30 12:33:39-07:00,0.3333333333333333,False,29,2026-08-30 12:33:39-07:00,20.0,False
1553,49,2026-08-30 12:34:12-07:00,2026-08-30,12:34:12,drive_thru,car,CAR 714  (+0:13),,4,In_n_Out_log_2026-09-06_193227.json,2026-09-06,,,,,,,,714.0,0.0,0.0,,,,,,,,,,,,,,,,,,13.0,,,,False,,2026-08-30 12:33:59-07:00,0.21666666666666667,False,29,2026-08-30 12:33:59-07:00,13.0,False
1558,49,2026-08-30 12:35:37-07:00,2026-08-30,12:35:37,drive_thru,car,CAR 715  (+1:25),,4,In_n_Out_log_2026-09-06_193227.json,2026-09-06,,,,,,,,715.0,0.0,0.0,,,,,,,,,,,,,,,,,,85.0,,,,False,,2026-08-30 12:34:12-07:00,1.4166666666666667,False,29,2026-08-30 12:34:12-07:00,85.0,True
1559,49,2026-08-30 12:36:40-07:00,2026-08-30,12:36:40,drive_thru,car,CAR 716  (+1:03),,4,In_n_Out_log_2026-09-06_193227.json,2026-09-06,,,,,,,,716.0,0.0,0.0,,,,,,,,,,,,,,,,,,63.0,,,,False,,2026-08-30 12:35:37-07:00,1.05,False,29,2026-08-30 12:35:37-07:00,63.0,False
1560,49,2026-08-30 12:37:11-07:00,2026-08-30,12:37:11,drive_thru,car,CAR 717  (+0:31),,4,In_n_Out_log_2026-09-06_193227.json,2026-09-06,,,,,,,,717.0,0.0,0.0,,,,,,,,,,,,,,,,,,31.0,,,,False,,2026-08-30 12:36:40-07:00,0.5166666666666667,False,29,2026-08-30 12:36:40-07:00,31.0,False
1563,49,2026-08-30 12:38:06-07:00,2026-08-30,12:38:06,drive_thru,car,CAR 718  (+0:55),,4,In_n_Out_log_2026-09-06_193227.json,2026-09-06,,,,,,,,718.0,0.0,0.0,,,,,,,,,,,,,,,,,,55.0,,,,False,,2026-08-30 12:37:11-07:00,0.9166666666666666,False,29,2026-08-30 12:37:11-07:00,55.0,False
1564,49,2026-08-30 12:39:08-07:00,2026-08-30,12:39:08,drive_thru,car,CAR 719  (+1:03),,4,In_n_Out_log_2026-09-06_193227.json,2026-09-06,,,,,,,,719.0,0.0,0.0,,,,,,,,,,,,,,,,,,63.0,,,,False,,2026-08-30 12:38:06-07:00,1.0333333333333334,False,29,2026-08-30 12:38:06-07:00,62.0,False
1569,49,2026-08-30 12:41:39-07:00,2026-08-30,12:41:39,drive_thru,car,CAR 720  (+2:31),,4,In_n_Out_log_2026-09-06_193227.json,2026-09-06,,,,,,,,720.0,0.0,0.0,,,,,,,,,,,,,,,,,,151.0,,,,False,,2026-08-30 12:39:08-07:00,2.5166666666666666,False,29,2026-08-30 12:39:08-07:00,151.0,True
1570,49,2026-08-30 12:42:11-07:00,2026-08-30,12:42:11,drive_thru,car,CAR 721  (+0:33),,4,In_n_Out_log_2026-09-06_193227.json,2026-09-06,,,,,,,,721.0,0.0,0.0,,,,,,,,,,,,,,,,,,33.0,,,,False,,2026-08-30 12:41:39-07:00,0.5333333333333333,False,29,2026-08-30 12:41:39-07:00,32.0,False
1571,49,2026-08-30 12:42:50-07:00,2026-08-30,12:42:50,drive_thru,car,CAR 722  (+0:38),,4,In_n_Out_log_2026-09-06_193227.json,2026-09-06,,,,,,,,722.0,0.0,0.0,,,,,,,,,,,,,,,,,,38.0,,,,False,,2026-08-30 12:42:11-07:00,0.65,False,29,2026-08-30 12:42:11-07:00,39.0,False
1572,49,2026-08-30 12:43:22-07:00,2026-08-30,12:43:22,drive_thru,car,CAR 723  (+0:32),,4,In_n_Out_log_2026-09-06_193227.json,2026-09-06,,,,,,,,723.0,0.0,0.0,,,,,,,,,,,,,,,,,,32.0,,,,False,,2026-08-30 12:42:50-07:00,0.5333333333333333,False,29,2026-08-30 12:42:50-07:00,32.0,False
1575,49,2026-08-30 12:44:52-07:00,2026-08-30,12:44:52,drive_thru,car,CAR 724  (+1:29),,4,In_n_Out_log_2026-09-06_193227.json,2026-09-06,,,,,,,,724.0,0.0,0.0,,,,,,,,,,,,,,,,,,89.0,,,,False,,2026-08-30 12:43:22-07:00,1.5,False,29,2026-08-30 12:43:22-07:00,90.0,False
1582,49,2026-08-30 12:45:57-07:00,2026-08-30,12:45:57,drive_thru,car,CAR 725  (+1:06),,4,In_n_Out_log_2026-09-06_193227.json,2026-09-06,,,,,,,,725.0,0.0,0.0,,,,,,,,,,,,,,,,,,66.0,,,,False,,2026-08-30 12:44:52-07:00,1.0833333333333333,False,29,2026-08-30 12:44:52-07:00,65.0,False
1584,49,2026-08-30 12:46:21-07:00,2026-08-30,12:46:21,drive_thru,car,CAR 726  (+0:24),,4,In_n_Out_log_2026-09-06_193227.json,2026-09-06,,,,,,,,726.0,0.0,0.0,,,,,,,,,,,,,,,,,,24.0,,,,False,,2026-08-30 12:45:57-07:00,0.4,False,29,2026-08-30 12:45:57-07:00,24.0,False
1588,49,2026-08-30 12:47:58-07:00,2026-08-30,12:47:58,drive_thru,car,CAR 727  (+1:37),,4,In_n_Out_log_2026-09-06_193227.json,2026-09-06,,,,,,,,727.0,0.0,0.0,,,,,,,,,,,,,,,,,,97.0,,,,False,,2026-08-30 12:46:21-07:00,1.6166666666666667,False,29,2026-08-30 12:46:21-07:00,97.0,False
1589,49,2026-08-30 12:48:30-07:00,2026-08-30,12:48:30,drive_thru,car,CAR 728  (+0:32),,4,In_n_Out_log_2026-09-06_193227.json,2026-09-06,,,,,,,,728.0,0.0,0.0,,,,,,,,,,,,,,,,,,32.0,,,,False,,2026-08-30 12:47:58-07:00,0.5333333333333333,False,29,2026-08-30 12:47:58-07:00,32.0,False
1590,49,2026-08-30 12:48:53-07:00,2026-08-30,12:48:53,drive_thru,car,CAR 729  (+0:23),,4,In_n_Out_log_2026-09-06_193227.json,2026-09-06,,,,,,,,729.0,0.0,0.0,,,,,,,,,,,,,,,,,,23.0,,,,False,,2026-08-30 12:48:30-07:00,0.38333333333333336,False,29,2026-08-30 12:48:30-07:00,23.0,False
1591,49,2026-08-30 12:49:14-07:00,2026-08-30,12:49:14,drive_thru,car,CAR 730  (+0:20),,4,In_n_Out_log_2026-09-06_193227.json,2026-09-06,,,,,,,,730.0,0.0,0.0,,,,,,,,,,,,,,,,,,20.0,,,,False,,2026-08-30 12:48:53-07:00,0.35,False,29,2026-08-30 12:48:53-07:00,21.0,False
1592,49,2026-08-30 12:49:52-07:00,2026-08-30,12:49:52,drive_thru,car,CAR 731  (+0:38),,4,In_n_Out_log_2026-09-06_193227.json,2026-09-06,,,,,,,,731.0,0.0,0.0,,,,,,,,,,,,,,,,,,38.0,,,,False,,2026-08-30 12:49:14-07:00,0.6333333333333333,False,29,2026-08-30 12:49:14-07:00,38.0,False
1593,49,2026-08-30 12:50:11-07:00,2026-08-30,12:50:11,drive_thru,car,CAR 732  (+0:19),,4,In_n_Out_log_2026-09-06_193227.json,2026-09-06,,,,,,,,732.0,0.0,0.0,,,,,,,,,,,,,,,,,,19.0,,,,False,,2026-08-30 12:49:52-07:00,0.31666666666666665,False,29,2026-08-30 12:49:52-07:00,19.0,False
1595,49,2026-08-30 12:51:40-07:00,2026-08-30,12:51:40,drive_thru,car,CAR 733  (+1:29),,4,In_n_Out_log_2026-09-06_193227.json,2026-09-06,,,,,,,,733.0,0.0,0.0,,,,,,,,,,,,,,,,,,89.0,,,,False,,2026-08-30 12:50:11-07:00,1.4833333333333334,False,29,2026-08-30 12:50:11-07:00,89.0,True
1599,49,2026-08-30 12:54:28-07:00,2026-08-30,12:54:28,drive_thru,car,CAR 734  (+2:49),,4,In_n_Out_log_2026-09-06_193227.json,2026-09-06,,,,,,,,734.0,0.0,0.0,,,,,,,,,,,,,,,,,,169.0,,,,False,,2026-08-30 12:51:40-07:00,2.8,False,29,2026-08-30 12:51:40-07:00,168.0,True
1600,49,2026-08-30 12:54:53-07:00,2026-08-30,12:54:53,drive_thru,car,CAR 735  (+0:24),,4,In_n_Out_log_2026-09-06_193227.json,2026-09-06,,,,,,,,735.0,0.0,0.0,,,,,,,,,,,,,,,,,,24.0,,,,False,,2026-08-30 12:54:28-07:00,0.4166666666666667,False,29,2026-08-30 12:54:28-07:00,25.0,False
1602,49,2026-08-30 12:55:53-07:00,2026-08-30,12:55:53,drive_thru,car,CAR 736  (+1:01),,4,In_n_Out_log_2026-09-06_193227.json,2026-09-06,,,,,,,,736.0,0.0,0.0,,,,,,,,,,,,,,,,,,61.0,,,,False,,2026-08-30 12:54:53-07:00,1.0,False,29,2026-08-30 12:54:53-07:00,60.0,False
1604,49,2026-08-30 12:56:26-07:00,2026-08-30,12:56:26,drive_thru,car,CAR 737  (+0:33),,4,In_n_Out_log_2026-09-06_193227.json,2026-09-06,,,,,,,,737.0,0.0,0.0,,,,,,,,,,,,,,,,,,33.0,,,,False,,2026-08-30 12:55:53-07:00,0.55,False,29,2026-08-30 12:55:53-07:00,33.0,False
1606,49,2026-08-30 12:57:18-07:00,2026-08-30,12:57:18,drive_thru,car,CAR 738  (+0:51),,4,In_n_Out_log_2026-09-06_193227.json,2026-09-06,,,,,,,,738.0,0.0,0.0,,,,,,,,,,,,,,,,,,51.0,,,,False,,2026-08-30 12:56:26-07:00,0.8666666666666667,False,29,2026-08-30 12:56:26-07:00,52.0,False
1609,49,2026-08-30 12:58:01-07:00,2026-08-30,12:58:01,drive_thru,car,CAR 739  (+0:43),,4,In_n_Out_log_2026-09-06_193227.json,2026-09-06,,,,,,,,739.0,0.0,0.0,,,,,,,,,,,,,,,,,,43.0,,,,False,,2026-08-30 12:57:18-07:00,0.7166666666666667,False,29,2026-08-30 12:57:18-07:00,43.0,False
1613,49,2026-08-30 12:59:14-07:00,2026-08-30,12:59:14,drive_thru,car,CAR 740  (+1:13),,4,In_n_Out_log_2026-09-06_193227.json,2026-09-06,,,,,,,,740.0,0.0,0.0,,,,,,,,,,,,,,,,,,73.0,,,,False,,2026-08-30 12:58:01-07:00,1.2166666666666666,False,29,2026-08-30 12:58:01-07:00,73.0,False
1615,49,2026-08-30 12:59:45-07:00,2026-08-30,12:59:45,drive_thru,car,CAR 741  (+0:31),,4,In_n_Out_log_2026-09-06_193227.json,2026-09-06,,,,,,,,741.0,0.0,0.0,,,,,,,,,,,,,,,,,,31.0,,,,False,,2026-08-30 12:59:14-07:00,0.5166666666666667,False,29,2026-08-30 12:59:14-07:00,31.0,False
1616,49,2026-08-30 13:00:18-07:00,2026-08-30,13:00:18,drive_thru,car,CAR 742  (+0:33),,4,In_n_Out_log_2026-09-06_193227.json,2026-09-06,,,,,,,,742.0,0.0,0.0,,,,,,,,,,,,,,,,,,33.0,,,,False,,2026-08-30 12:59:45-07:00,0.55,False,29,2026-08-30 12:59:45-07:00,33.0,False
1619,49,2026-08-30 13:01:13-07:00,2026-08-30,13:01:13,drive_thru,car,CAR 743  (+0:56),,4,In_n_Out_log_2026-09-06_193227.json,2026-09-06,,,,,,,,743.0,0.0,0.0,,,,,,,,,,,,,,,,,,56.0,,,,False,,2026-08-30 13:00:18-07:00,0.9166666666666666,False,29,2026-08-30 13:00:18-07:00,55.0,False
1621,49,2026-08-30 13:01:32-07:00,2026-08-30,13:01:32,drive_thru,car,CAR 744  (+0:19),,4,In_n_Out_log_2026-09-06_193227.json,2026-09-06,,,,,,,,744.0,0.0,0.0,,,,,,,,,,,,,,,,,,19.0,,,,False,,2026-08-30 13:01:13-07:00,0.31666666666666665,False,29,2026-08-30 13:01:13-07:00,19.0,False
1624,49,2026-08-30 13:02:49-07:00,2026-08-30,13:02:49,drive_thru,car,CAR 745  (+1:17),,4,In_n_Out_log_2026-09-06_193227.json,2026-09-06,,,,,,,,745.0,0.0,0.0,,,,,,,,,,,,,,,,,,77.0,,,,False,,2026-08-30 13:01:32-07:00,1.2833333333333334,False,29,2026-08-30 13:01:32-07:00,77.0,False
1626,49,2026-08-30 13:03:28-07:00,2026-08-30,13:03:28,drive_thru,car,CAR 746  (+0:40),,4,In_n_Out_log_2026-09-06_193227.json,2026-09-06,,,,,,,,746.0,0.0,0.0,,,,,,,,,,,,,,,,,,40.0,,,,False,,2026-08-30 13:02:49-07:00,0.65,False,29,2026-08-30 13:02:49-07:00,39.0,False
1627,49,2026-08-30 13:04:01-07:00,2026-08-30,13:04:01,drive_thru,car,CAR 747  (+0:32),,4,In_n_Out_log_2026-09-06_193227.json,2026-09-06,,,,,,,,747.0,0.0,0.0,,,,,,,,,,,,,,,,,,32.0,,,,False,,2026-08-30 13:03:28-07:00,0.55,False,29,2026-08-30 13:03:28-07:00,33.0,False
1629,49,2026-08-30 13:04:32-07:00,2026-08-30,13:04:32,drive_thru,car,CAR 748  (+0:31),,4,In_n_Out_log_2026-09-06_193227.json,2026-09-06,,,,,,,,748.0,0.0,0.0,,,,,,,,,,,,,,,,,,31.0,,,,False,,2026-08-30 13:04:01-07:00,0.5166666666666667,False,29,2026-08-30 13:04:01-07:00,31.0,False
1631,49,2026-08-30 13:05:37-07:00,2026-08-30,13:05:37,drive_thru,car,CAR 749  (+1:05),,4,In_n_Out_log_2026-09-06_193227.json,2026-09-06,,,,,,,,749.0,0.0,0.0,,,,,,,,,,,,,,,,,,65.0,,,,False,,2026-08-30 13:04:32-07:00,1.0833333333333333,False,29,2026-08-30 13:04:32-07:00,65.0,False
1633,49,2026-08-30 13:06:04-07:00,2026-08-30,13:06:04,drive_thru,car,CAR 750  (+0:27),,4,In_n_Out_log_2026-09-06_193227.json,2026-09-06,,,,,,,,750.0,0.0,0.0,,,,,,,,,,,,,,,,,,27.0,,,,False,,2026-08-30 13:05:37-07:00,0.45,False,29,2026-08-30 13:05:37-07:00,27.0,False
1635,49,2026-08-30 13:06:22-07:00,2026-08-30,13:06:22,drive_thru,car,CAR 751  (+0:18),,4,In_n_Out_log_2026-09-06_193227.json,2026-09-06,,,,,,,,751.0,0.0,0.0,,,,,,,,,,,,,,,,,,18.0,,,,False,,2026-08-30 13:06:04-07:00,0.3,False,29,2026-08-30 13:06:04-07:00,18.0,False
1637,49,2026-08-30 13:07:09-07:00,2026-08-30,13:07:09,drive_thru,car,CAR 752  (+0:47),,4,In_n_Out_log_2026-09-06_193227.json,2026-09-06,,,,,,,,752.0,0.0,0.0,,,,,,,,,,,,,,,,,,47.0,,,,False,,2026-08-30 13:06:22-07:00,0.7833333333333333,False,29,2026-08-30 13:06:22-07:00,47.0,False
1639,49,2026-08-30 13:07:50-07:00,2026-08-30,13:07:50,drive_thru,car,CAR 753  (+0:41),,4,In_n_Out_log_2026-09-06_193227.json,2026-09-06,,,,,,,,753.0,0.0,0.0,,,,,,,,,,,,,,,,,,41.0,,,,False,,2026-08-30 13:07:09-07:00,0.6833333333333333,False,29,2026-08-30 13:07:09-07:00,41.0,False
1641,49,2026-08-30 13:08:56-07:00,2026-08-30,13:08:56,drive_thru,car,CAR 754  (+1:06),,4,In_n_Out_log_2026-09-06_193227.json,2026-09-06,,,,,,,,754.0,0.0,0.0,,,,,,,,,,,,,,,,,,66.0,,,,False,,2026-08-30 13:07:50-07:00,1.1,False,29,2026-08-30 13:07:50-07:00,66.0,False
1646,49,2026-08-30 13:10:00-07:00,2026-08-30,13:10:00,drive_thru,car,CAR 755  (+1:04),,4,In_n_Out_log_2026-09-06_193227.json,2026-09-06,,,,,,,,755.0,0.0,0.0,,,,,,,,,,,,,,,,,,64.0,,,,False,,2026-08-30 13:08:56-07:00,1.0666666666666667,False,29,2026-08-30 13:08:56-07:00,64.0,False
1648,49,2026-08-30 13:12:01-07:00,2026-08-30,13:12:01,drive_thru,car,CAR 756  (+2:01),,4,In_n_Out_log_2026-09-06_193227.json,2026-09-06,,,,,,,,756.0,0.0,0.0,,,,,,,,,,,,,,,,,,121.0,,,,False,,2026-08-30 13:10:00-07:00,2.0166666666666666,False,29,2026-08-30 13:10:00-07:00,121.0,False
1649,49,2026-08-30 13:12:21-07:00,2026-08-30,13:12:21,drive_thru,car,CAR 757  (+0:20),,4,In_n_Out_log_2026-09-06_193227.json,2026-09-06,,,,,,,,757.0,0.0,0.0,,,,,,,,,,,,,,,,,,20.0,,,,False,,2026-08-30 13:12:01-07:00,0.3333333333333333,False,29,2026-08-30 13:12:01-07:00,20.0,False
1654,49,2026-08-30 13:14:25-07:00,2026-08-30,13:14:25,drive_thru,car,CAR 758  (+2:04),,4,In_n_Out_log_2026-09-06_193227.json,2026-09-06,,,,,,,,758.0,0.0,0.0,,,,,,,,,,,,,,,,,,124.0,,,,False,,2026-08-30 13:12:21-07:00,2.066666666666667,False,29,2026-08-30 13:12:21-07:00,124.0,False
1658,49,2026-08-30 13:15:11-07:00,2026-08-30,13:15:11,drive_thru,car,CAR 759  (+0:46),,4,In_n_Out_log_2026-09-06_193227.json,2026-09-06,,,,,,,,759.0,0.0,0.0,,,,,,,,,,,,,,,,,,46.0,,,,False,,2026-08-30 13:14:25-07:00,0.7666666666666667,False,29,2026-08-30 13:14:25-07:00,46.0,False
1661,49,2026-08-30 13:17:47-07:00,2026-08-30,13:17:47,drive_thru,car,CAR 760  (+2:36),,4,In_n_Out_log_2026-09-06_193227.json,2026-09-06,,,,,,,,760.0,0.0,0.0,,,,,,,,,,,,,,,,,,156.0,,,,False,,2026-08-30 13:15:11-07:00,2.6,False,29,2026-08-30 13:15:11-07:00,156.0,False
1663,49,2026-08-30 13:18:28-07:00,2026-08-30,13:18:28,drive_thru,car,CAR 761  (+0:41),,4,In_n_Out_log_2026-09-06_193227.json,2026-09-06,,,,,,,,761.0,0.0,0.0,,,,,,,,,,,,,,,,,,41.0,,,,False,,2026-08-30 13:17:47-07:00,0.6833333333333333,False,29,2026-08-30 13:17:47-07:00,41.0,False
1676,49,2026-08-30 13:24:04-07:00,2026-08-30,13:24:04,drive_thru,car,CAR 763  (+2:10),,4,In_n_Out_log_2026-09-06_193227.json,2026-09-06,,,,,,,,763.0,0.0,0.0,,,,,,,,,,,,,,,,,,130.0,,,,False,,2026-08-30 13:21:54-07:00,2.1666666666666665,False,29,2026-08-30 13:21:54-07:00,130.0,False
1679,49,2026-08-30 13:24:54-07:00,2026-08-30,13:24:54,drive_thru,car,CAR 764  (+0:50),,4,In_n_Out_log_2026-09-06_193227.json,2026-09-06,,,,,,,,764.0,0.0,0.0,,,,,,,,,,,,,,,,,,50.0,,,,False,,2026-08-30 13:24:04-07:00,0.8333333333333334,False,29,2026-08-30 13:24:04-07:00,50.0,False
1682,49,2026-08-30 13:26:07-07:00,2026-08-30,13:26:07,drive_thru,car,CAR 765  (+1:13),,4,In_n_Out_log_2026-09-06_193227.json,2026-09-06,,,,,,,,765.0,0.0,0.0,,,,,,,,,,,,,,,,,,73.0,,,,False,,2026-08-30 13:24:54-07:00,1.2166666666666666,False,29,2026-08-30 13:24:54-07:00,73.0,False
1685,49,2026-08-30 13:27:55-07:00,2026-08-30,13:27:55,drive_thru,car,CAR 766  (+1:48),,4,In_n_Out_log_2026-09-06_193227.json,2026-09-06,,,,,,,,766.0,0.0,0.0,,,,,,,,,,,,,,,,,,108.0,,,,False,,2026-08-30 13:26:07-07:00,1.8,False,29,2026-08-30 13:26:07-07:00,108.0,False
1689,49,2026-08-30 13:30:47-07:00,2026-08-30,13:30:47,drive_thru,car,CAR 767  (+2:52),,4,In_n_Out_log_2026-09-06_193227.json,2026-09-06,,,,,,,,767.0,0.0,0.0,,,,,,,,,,,,,,,,,,172.0,,,,False,,2026-08-30 13:27:55-07:00,2.8666666666666667,False,29,2026-08-30 13:27:55-07:00,172.0,False
1692,49,2026-08-30 13:32:06-07:00,2026-08-30,13:32:06,drive_thru,car,CAR 768  (+1:19),,4,In_n_Out_log_2026-09-06_193227.json,2026-09-06,,,,,,,,768.0,0.0,0.0,,,,,,,,,,,,,,,,,,79.0,,,,False,,2026-08-30 13:30:47-07:00,1.3166666666666667,False,29,2026-08-30 13:30:47-07:00,79.0,False
1693,49,2026-08-30 13:33:03-07:00,2026-08-30,13:33:03,drive_thru,car,CAR 769  (+0:57),,4,In_n_Out_log_2026-09-06_193227.json,2026-09-06,,,,,,,,769.0,0.0,0.0,,,,,,,,,,,,,,,,,,57.0,,,,False,,2026-08-30 13:32:06-07:00,0.95,False,29,2026-08-30 13:32:06-07:00,57.0,False
1694,49,2026-08-30 13:33:39-07:00,2026-08-30,13:33:39,drive_thru,car,CAR 770  (+0:36),,4,In_n_Out_log_2026-09-06_193227.json,2026-09-06,,,,,,,,770.0,0.0,0.0,,,,,,,,,,,,,,,,,,36.0,,,,False,,2026-08-30 13:33:03-07:00,0.6,False,29,2026-08-30 13:33:03-07:00,36.0,False
1695,49,2026-08-30 13:34:00-07:00,2026-08-30,13:34:00,drive_thru,car,CAR 771  (+0:21),,4,In_n_Out_log_2026-09-06_193227.json,2026-09-06,,,,,,,,771.0,0.0,0.0,,,,,,,,,,,,,,,,,,21.0,,,,False,,2026-08-30 13:33:39-07:00,0.35,False,29,2026-08-30 13:33:39-07:00,21.0,False
1697,49,2026-08-30 13:34:24-07:00,2026-08-30,13:34:24,drive_thru,car,CAR 772  (+0:25),,4,In_n_Out_log_2026-09-06_193227.json,2026-09-06,,,,,,,,772.0,0.0,0.0,,,,,,,,,,,,,,,,,,25.0,,,,False,,2026-08-30 13:34:00-07:00,0.4,False,29,2026-08-30 13:34:00-07:00,24.0,False
1698,49,2026-08-30 13:35:08-07:00,2026-08-30,13:35:08,drive_thru,car,CAR 773  (+0:44),,4,In_n_Out_log_2026-09-06_193227.json,2026-09-06,,,,,,,,773.0,0.0,0.0,,,,,,,,,,,,,,,,,,44.0,,,,False,,2026-08-30 13:34:24-07:00,0.7333333333333333,False,29,2026-08-30 13:34:24-07:00,44.0,False
1699,49,2026-08-30 13:36:52-07:00,2026-08-30,13:36:52,drive_thru,car,CAR 774  (+1:43),,4,In_n_Out_log_2026-09-06_193227.json,2026-09-06,,,,,,,,774.0,0.0,0.0,,,,,,,,,,,,,,,,,,103.0,,,,False,,2026-08-30 13:35:08-07:00,1.7333333333333334,False,29,2026-08-30 13:35:08-07:00,104.0,False
1703,49,2026-08-30 13:39:57-07:00,2026-08-30,13:39:57,drive_thru,car,CAR 775  (+3:06),,4,In_n_Out_log_2026-09-06_193227.json,2026-09-06,,,,,,,,775.0,0.0,0.0,,,,,,,,,,,,,,,,,,186.0,,,,False,,2026-08-30 13:36:52-07:00,3.0833333333333335,False,29,2026-08-30 13:36:52-07:00,185.0,False
1705,49,2026-08-30 13:40:30-07:00,2026-08-30,13:40:30,drive_thru,car,CAR 776  (+0:33),,4,In_n_Out_log_2026-09-06_193227.json,2026-09-06,,,,,,,,776.0,0.0,0.0,,,,,,,,,,,,,,,,,,33.0,,,,False,,2026-08-30 13:39:57-07:00,0.55,False,29,2026-08-30 13:39:57-07:00,33.0,False
1706,49,2026-08-30 13:41:20-07:00,2026-08-30,13:41:20,drive_thru,car,CAR 777  (+0:50),,4,In_n_Out_log_2026-09-06_193227.json,2026-09-06,,,,,,,,777.0,0.0,0.0,,,,,,,,,,,,,,,,,,50.0,,,,False,,2026-08-30 13:40:30-07:00,0.8333333333333334,False,29,2026-08-30 13:40:30-07:00,50.0,False
1707,49,2026-08-30 13:41:49-07:00,2026-08-30,13:41:49,drive_thru,car,CAR 778  (+0:29),,4,In_n_Out_log_2026-09-06_193227.json,2026-09-06,,,,,,,,778.0,0.0,0.0,,,,,,,,,,,,,,,,,,29.0,,,,False,,2026-08-30 13:41:20-07:00,0.48333333333333334,False,29,2026-08-30 13:41:20-07:00,29.0,False
1708,49,2026-08-30 13:42:35-07:00,2026-08-30,13:42:35,drive_thru,car,CAR 779  (+0:46),,4,In_n_Out_log_2026-09-06_193227.json,2026-09-06,,,,,,,,779.0,0.0,0.0,,,,,,,,,,,,,,,,,,46.0,,,,False,,2026-08-30 13:41:49-07:00,0.7666666666666667,False,29,2026-08-30 13:41:49-07:00,46.0,False
1712,49,2026-08-30 13:44:23-07:00,2026-08-30,13:44:23,drive_thru,car,CAR 780  (+1:48),,4,In_n_Out_log_2026-09-06_193227.json,2026-09-06,,,,,,,,780.0,0.0,0.0,,,,,,,,,,,,,,,,,,108.0,,,,False,,2026-08-30 13:42:35-07:00,1.8,False,29,2026-08-30 13:42:35-07:00,108.0,True
1713,49,2026-08-30 13:45:05-07:00,2026-08-30,13:45:05,drive_thru,car,CAR 781  (+0:43),,4,In_n_Out_log_2026-09-06_193227.json,2026-09-06,,,,,,,,781.0,0.0,0.0,,,,,,,,,,,,,,,,,,43.0,,,,False,,2026-08-30 13:44:23-07:00,0.7,False,29,2026-08-30 13:44:23-07:00,42.0,False
1715,49,2026-08-30 13:45:31-07:00,2026-08-30,13:45:31,drive_thru,car,CAR 782  (+0:26),,4,In_n_Out_log_2026-09-06_193227.json,2026-09-06,,,,,,,,782.0,0.0,0.0,,,,,,,,,,,,,,,,,,26.0,,,,False,,2026-08-30 13:45:05-07:00,0.43333333333333335,False,29,2026-08-30 13:45:05-07:00,26.0,False
1716,49,2026-08-30 13:46:08-07:00,2026-08-30,13:46:08,drive_thru,car,CAR 783  (+0:37),,4,In_n_Out_log_2026-09-06_193227.json,2026-09-06,,,,,,,,783.0,0.0,0.0,,,,,,,,,,,,,,,,,,37.0,,,,False,,2026-08-30 13:45:31-07:00,0.6166666666666667,False,29,2026-08-30 13:45:31-07:00,37.0,False
1717,49,2026-08-30 13:47:07-07:00,2026-08-30,13:47:07,drive_thru,car,CAR 784  (+0:59),,4,In_n_Out_log_2026-09-06_193227.json,2026-09-06,,,,,,,,784.0,0.0,0.0,,,,,,,,,,,,,,,,,,59.0,,,,False,,2026-08-30 13:46:08-07:00,0.9833333333333333,False,29,2026-08-30 13:46:08-07:00,59.0,False
1719,49,2026-08-30 13:47:40-07:00,2026-08-30,13:47:40,drive_thru,car,CAR 785  (+0:33),,4,In_n_Out_log_2026-09-06_193227.json,2026-09-06,,,,,,,,785.0,0.0,0.0,,,,,,,,,,,,,,,,,,33.0,,,,False,,2026-08-30 13:47:07-07:00,0.55,False,29,2026-08-30 13:47:07-07:00,33.0,False
1721,49,2026-08-30 13:48:24-07:00,2026-08-30,13:48:24,drive_thru,car,CAR 786  (+0:44),,4,In_n_Out_log_2026-09-06_193227.json,2026-09-06,,,,,,,,786.0,0.0,0.0,,,,,,,,,,,,,,,,,,44.0,,,,False,,2026-08-30 13:47:40-07:00,0.7333333333333333,False,29,2026-08-30 13:47:40-07:00,44.0,False
1722,49,2026-08-30 13:48:41-07:00,2026-08-30,13:48:41,drive_thru,car,CAR 787  (+0:18),,4,In_n_Out_log_2026-09-06_193227.json,2026-09-06,,,,,,,,787.0,0.0,0.0,,,,,,,,,,,,,,,,,,18.0,,,,False,,2026-08-30 13:48:24-07:00,0.2833333333333333,False,29,2026-08-30 13:48:24-07:00,17.0,False
1726,49,2026-08-30 13:50:26-07:00,2026-08-30,13:50:26,drive_thru,car,CAR 788  (+1:45),,4,In_n_Out_log_2026-09-06_193227.json,2026-09-06,,,,,,,,788.0,0.0,0.0,,,,,,,,,,,,,,,,,,105.0,,,,False,,2026-08-30 13:48:41-07:00,1.75,False,29,2026-08-30 13:48:41-07:00,105.0,False
1727,49,2026-08-30 13:51:01-07:00,2026-08-30,13:51:01,drive_thru,car,CAR 789  (+0:35),,4,In_n_Out_log_2026-09-06_193227.json,2026-09-06,,,,,,,,789.0,0.0,0.0,,,,,,,,,,,,,,,,,,35.0,,,,False,,2026-08-30 13:50:26-07:00,0.5833333333333334,False,29,2026-08-30 13:50:26-07:00,35.0,False
1728,49,2026-08-30 13:51:43-07:00,2026-08-30,13:51:43,drive_thru,car,CAR 790  (+0:42),,4,In_n_Out_log_2026-09-06_193227.json,2026-09-06,,,,,,,,790.0,0.0,0.0,,,,,,,,,,,,,,,,,,42.0,,,,False,,2026-08-30 13:51:01-07:00,0.7,False,29,2026-08-30 13:51:01-07:00,42.0,False
1729,49,2026-08-30 13:52:42-07:00,2026-08-30,13:52:42,drive_thru,car,CAR 791  (+0:59),,4,In_n_Out_log_2026-09-06_193227.json,2026-09-06,,,,,,,,791.0,0.0,0.0,,,,,,,,,,,,,,,,,,59.0,,,,False,,2026-08-30 13:51:43-07:00,0.9833333333333333,False,29,2026-08-30 13:51:43-07:00,59.0,False
1731,49,2026-08-30 13:53:18-07:00,2026-08-30,13:53:18,drive_thru,car,CAR 792  (+0:36),,4,In_n_Out_log_2026-09-06_193227.json,2026-09-06,,,,,,,,792.0,0.0,0.0,,,,,,,,,,,,,,,,,,36.0,,,,False,,2026-08-30 13:52:42-07:00,0.6,False,29,2026-08-30 13:52:42-07:00,36.0,False
1732,49,2026-08-30 13:54:02-07:00,2026-08-30,13:54:02,drive_thru,car,CAR 793  (+0:44),,4,In_n_Out_log_2026-09-06_193227.json,2026-09-06,,,,,,,,793.0,0.0,0.0,,,,,,,,,,,,,,,,,,44.0,,,,False,,2026-08-30 13:53:18-07:00,0.7333333333333333,False,29,2026-08-30 13:53:18-07:00,44.0,False
1733,49,2026-08-30 13:54:24-07:00,2026-08-30,13:54:24,drive_thru,car,CAR 794  (+0:22),,4,In_n_Out_log_2026-09-06_193227.json,2026-09-06,,,,,,,,794.0,0.0,0.0,,,,,,,,,,,,,,,,,,22.0,,,,False,,2026-08-30 13:54:02-07:00,0.36666666666666664,False,29,2026-08-30 13:54:02-07:00,22.0,False
1746,50,2026-08-30 19:32:20-07:00,2026-08-30,19:32:20,drive_thru,car,CAR 796  (+2:01),,4,In_n_Out_log_2026-09-06_193227.json,2026-09-06,,,,,,,,796.0,0.0,0.0,,,,,,,,,,,,,,,,,,121.0,,,,False,,2026-08-30 19:30:19-07:00,2.0166666666666666,False,30,2026-08-30 19:30:19-07:00,121.0,False
1749,50,2026-08-30 19:33:46-07:00,2026-08-30,19:33:46,drive_thru,car,CAR 797  (+1:26),,4,In_n_Out_log_2026-09-06_193227.json,2026-09-06,,,,,,,,797.0,0.0,0.0,,,,,,,,,,,,,,,,,,86.0,,,,False,,2026-08-30 19:32:20-07:00,1.4333333333333333,False,30,2026-08-30 19:32:20-07:00,86.0,False
1752,50,2026-08-30 19:35:00-07:00,2026-08-30,19:35:00,drive_thru,car,CAR 798  (+1:14),,4,In_n_Out_log_2026-09-06_193227.json,2026-09-06,,,,,,,,798.0,0.0,0.0,,,,,,,,,,,,,,,,,,74.0,,,,False,,2026-08-30 19:33:46-07:00,1.2333333333333334,False,30,2026-08-30 19:33:46-07:00,74.0,False
1754,50,2026-08-30 19:35:45-07:00,2026-08-30,19:35:45,drive_thru,car,CAR 799  (+0:45),,4,In_n_Out_log_2026-09-06_193227.json,2026-09-06,,,,,,,,799.0,0.0,0.0,,,,,,,,,,,,,,,,,,45.0,,,,False,,2026-08-30 19:35:00-07:00,0.75,False,30,2026-08-30 19:35:00-07:00,45.0,False
1756,50,2026-08-30 19:36:32-07:00,2026-08-30,19:36:32,drive_thru,car,CAR 800  (+0:47),,4,In_n_Out_log_2026-09-06_193227.json,2026-09-06,,,,,,,,800.0,0.0,0.0,,,,,,,,,,,,,,,,,,47.0,,,,False,,2026-08-30 19:35:45-07:00,0.7833333333333333,False,30,2026-08-30 19:35:45-07:00,47.0,False
1758,50,2026-08-30 19:37:15-07:00,2026-08-30,19:37:15,drive_thru,car,CAR 801  (+0:43),,4,In_n_Out_log_2026-09-06_193227.json,2026-09-06,,,,,,,,801.0,0.0,0.0,,,,,,,,,,,,,,,,,,43.0,,,,False,,2026-08-30 19:36:32-07:00,0.7166666666666667,False,30,2026-08-30 19:36:32-07:00,43.0,False
1761,50,2026-08-30 19:38:18-07:00,2026-08-30,19:38:18,drive_thru,car,CAR 802  (+1:04),,4,In_n_Out_log_2026-09-06_193227.json,2026-09-06,,,,,,,,802.0,0.0,0.0,,,,,,,,,,,,,,,,,,64.0,,,,False,,2026-08-30 19:37:15-07:00,1.05,False,30,2026-08-30 19:37:15-07:00,63.0,False
1762,50,2026-08-30 19:39:43-07:00,2026-08-30,19:39:43,drive_thru,car,CAR 803  (+1:25),,4,In_n_Out_log_2026-09-06_193227.json,2026-09-06,,,,,,,,803.0,0.0,0.0,,,,,,,,,,,,,,,,,,85.0,,,,False,,2026-08-30 19:38:18-07:00,1.4166666666666667,False,30,2026-08-30 19:38:18-07:00,85.0,False
1763,50,2026-08-30 19:40:09-07:00,2026-08-30,19:40:09,drive_thru,car,CAR 804  (+0:26),,4,In_n_Out_log_2026-09-06_193227.json,2026-09-06,,,,,,,,804.0,0.0,0.0,,,,,,,,,,,,,,,,,,26.0,,,,False,,2026-08-30 19:39:43-07:00,0.43333333333333335,False,30,2026-08-30 19:39:43-07:00,26.0,False
1766,50,2026-08-30 19:41:39-07:00,2026-08-30,19:41:39,drive_thru,car,CAR 805  (+1:30),,4,In_n_Out_log_2026-09-06_193227.json,2026-09-06,,,,,,,,805.0,0.0,0.0,,,,,,,,,,,,,,,,,,90.0,,,,False,,2026-08-30 19:40:09-07:00,1.5,False,30,2026-08-30 19:40:09-07:00,90.0,True
1767,50,2026-08-30 19:43:34-07:00,2026-08-30,19:43:34,drive_thru,car,CAR 806  (+1:55),,4,In_n_Out_log_2026-09-06_193227.json,2026-09-06,,,,,,,,806.0,0.0,0.0,,,,,,,,,,,,,,,,,,115.0,,,,False,,2026-08-30 19:41:39-07:00,1.9166666666666667,False,30,2026-08-30 19:41:39-07:00,115.0,False
1773,50,2026-08-30 19:44:51-07:00,2026-08-30,19:44:51,drive_thru,car,CAR 807  (+1:17),,4,In_n_Out_log_2026-09-06_193227.json,2026-09-06,,,,,,,,807.0,0.0,0.0,,,,,,,,,,,,,,,,,,77.0,,,,False,,2026-08-30 19:43:34-07:00,1.2833333333333334,False,30,2026-08-30 19:43:34-07:00,77.0,True
1775,50,2026-08-30 19:45:21-07:00,2026-08-30,19:45:21,drive_thru,car,CAR 808  (+0:29),,4,In_n_Out_log_2026-09-06_193227.json,2026-09-06,,,,,,,,808.0,0.0,0.0,,,,,,,,,,,,,,,,,,29.0,,,,False,,2026-08-30 19:44:51-07:00,0.5,False,30,2026-08-30 19:44:51-07:00,30.0,False
1780,50,2026-08-30 19:46:30-07:00,2026-08-30,19:46:30,drive_thru,car,CAR 809  (+1:10),,4,In_n_Out_log_2026-09-06_193227.json,2026-09-06,,,,,,,,809.0,0.0,0.0,,,,,,,,,,,,,,,,,,70.0,,,,False,,2026-08-30 19:45:21-07:00,1.15,False,30,2026-08-30 19:45:21-07:00,69.0,True
1785,50,2026-08-30 19:47:48-07:00,2026-08-30,19:47:48,drive_thru,car,CAR 810  (+1:18),,4,In_n_Out_log_2026-09-06_193227.json,2026-09-06,,,,,,,,810.0,0.0,0.0,,,,,,,,,,,,,,,,,,78.0,,,,False,,2026-08-30 19:46:30-07:00,1.3,False,30,2026-08-30 19:46:30-07:00,78.0,True
1786,50,2026-08-30 19:47:50-07:00,2026-08-30,19:47:50,drive_thru,car,CAR 811  (+0:01),,4,In_n_Out_log_2026-09-06_193227.json,2026-09-06,,,,,,,,811.0,0.0,0.0,,,,,,,,,,,,,,,,,,1.0,,,,False,,2026-08-30 19:47:48-07:00,0.03333333333333333,False,30,2026-08-30 19:47:48-07:00,2.0,False
1789,50,2026-08-30 19:48:37-07:00,2026-08-30,19:48:37,drive_thru,car,CAR 812  (+0:47),,4,In_n_Out_log_2026-09-06_193227.json,2026-09-06,,,,,,,,812.0,0.0,0.0,,,,,,,,,,,,,,,,,,47.0,,,,False,,2026-08-30 19:47:50-07:00,0.7833333333333333,False,30,2026-08-30 19:47:50-07:00,47.0,False
1791,50,2026-08-30 19:49:05-07:00,2026-08-30,19:49:05,drive_thru,car,CAR 813  (+0:28),,4,In_n_Out_log_2026-09-06_193227.json,2026-09-06,,,,,,,,813.0,0.0,0.0,,,,,,,,,,,,,,,,,,28.0,,,,False,,2026-08-30 19:48:37-07:00,0.4666666666666667,False,30,2026-08-30 19:48:37-07:00,28.0,False
1792,50,2026-08-30 19:49:32-07:00,2026-08-30,19:49:32,drive_thru,car,CAR 814  (+0:26),,4,In_n_Out_log_2026-09-06_193227.json,2026-09-06,,,,,,,,814.0,0.0,0.0,,,,,,,,,,,,,,,,,,26.0,,,,False,,2026-08-30 19:49:05-07:00,0.45,False,30,2026-08-30 19:49:05-07:00,27.0,False
1795,50,2026-08-30 19:50:39-07:00,2026-08-30,19:50:39,drive_thru,car,CAR 815  (+1:07),,4,In_n_Out_log_2026-09-06_193227.json,2026-09-06,,,,,,,,815.0,0.0,0.0,,,,,,,,,,,,,,,,,,67.0,,,,False,,2026-08-30 19:49:32-07:00,1.1166666666666667,False,30,2026-08-30 19:49:32-07:00,67.0,False
1796,50,2026-08-30 19:51:00-07:00,2026-08-30,19:51:00,drive_thru,car,CAR 816  (+0:21),,4,In_n_Out_log_2026-09-06_193227.json,2026-09-06,,,,,,,,816.0,0.0,0.0,,,,,,,,,,,,,,,,,,21.0,,,,False,,2026-08-30 19:50:39-07:00,0.35,False,30,2026-08-30 19:50:39-07:00,21.0,False
1800,50,2026-08-30 19:53:12-07:00,2026-08-30,19:53:12,drive_thru,car,CAR 817  (+2:12),,4,In_n_Out_log_2026-09-06_193227.json,2026-09-06,,,,,,,,817.0,0.0,0.0,,,,,,,,,,,,,,,,,,132.0,,,,False,,2026-08-30 19:51:00-07:00,2.2,False,30,2026-08-30 19:51:00-07:00,132.0,True
1805,50,2026-08-30 19:54:49-07:00,2026-08-30,19:54:49,drive_thru,car,CAR 818  (+1:37),,4,In_n_Out_log_2026-09-06_193227.json,2026-09-06,,,,,,,,818.0,0.0,0.0,,,,,,,,,,,,,,,,,,97.0,,,,False,,2026-08-30 19:53:12-07:00,1.6166666666666667,False,30,2026-08-30 19:53:12-07:00,97.0,True
1807,50,2026-08-30 19:55:31-07:00,2026-08-30,19:55:31,drive_thru,car,CAR 819  (+0:42),,4,In_n_Out_log_2026-09-06_193227.json,2026-09-06,,,,,,,,819.0,0.0,0.0,,,,,,,,,,,,,,,,,,42.0,,,,False,,2026-08-30 19:54:49-07:00,0.7,False,30,2026-08-30 19:54:49-07:00,42.0,False
1809,50,2026-08-30 19:56:00-07:00,2026-08-30,19:56:00,drive_thru,car,CAR 820  (+0:30),,4,In_n_Out_log_2026-09-06_193227.json,2026-09-06,,,,,,,,820.0,0.0,0.0,,,,,,,,,,,,,,,,,,30.0,,,,False,,2026-08-30 19:55:31-07:00,0.48333333333333334,False,30,2026-08-30 19:55:31-07:00,29.0,False
1813,50,2026-08-30 19:56:48-07:00,2026-08-30,19:56:48,drive_thru,car,CAR 821  (+0:48),,4,In_n_Out_log_2026-09-06_193227.json,2026-09-06,,,,,,,,821.0,0.0,0.0,,,,,,,,,,,,,,,,,,48.0,,,,False,,2026-08-30 19:56:00-07:00,0.8,False,30,2026-08-30 19:56:00-07:00,48.0,False
1818,50,2026-08-30 19:57:47-07:00,2026-08-30,19:57:47,drive_thru,car,CAR 822  (+0:58),,4,In_n_Out_log_2026-09-06_193227.json,2026-09-06,,,,,,,,822.0,0.0,0.0,,,,,,,,,,,,,,,,,,58.0,,,,False,,2026-08-30 19:56:48-07:00,0.9833333333333333,False,30,2026-08-30 19:56:48-07:00,59.0,False
1819,50,2026-08-30 19:58:20-07:00,2026-08-30,19:58:20,drive_thru,car,CAR 823  (+0:33),,4,In_n_Out_log_2026-09-06_193227.json,2026-09-06,,,,,,,,823.0,0.0,0.0,,,,,,,,,,,,,,,,,,33.0,,,,False,,2026-08-30 19:57:47-07:00,0.55,False,30,2026-08-30 19:57:47-07:00,33.0,False
1826,50,2026-08-30 20:00:01-07:00,2026-08-30,20:00:01,drive_thru,car,CAR 824  (+1:42),,4,In_n_Out_log_2026-09-06_193227.json,2026-09-06,,,,,,,,824.0,0.0,0.0,,,,,,,,,,,,,,,,,,102.0,,,,False,,2026-08-30 19:58:20-07:00,1.6833333333333333,False,30,2026-08-30 19:58:20-07:00,101.0,True
1828,50,2026-08-30 20:00:36-07:00,2026-08-30,20:00:36,drive_thru,car,CAR 825  (+0:35),,4,In_n_Out_log_2026-09-06_193227.json,2026-09-06,,,,,,,,825.0,0.0,0.0,,,,,,,,,,,,,,,,,,35.0,,,,False,,2026-08-30 20:00:01-07:00,0.5833333333333334,False,30,2026-08-30 20:00:01-07:00,35.0,False
1836,50,2026-08-30 20:02:43-07:00,2026-08-30,20:02:43,drive_thru,car,CAR 826  (+2:07),,4,In_n_Out_log_2026-09-06_193227.json,2026-09-06,,,,,,,,826.0,0.0,0.0,,,,,,,,,,,,,,,,,,127.0,,,,False,,2026-08-30 20:00:36-07:00,2.1166666666666667,False,30,2026-08-30 20:00:36-07:00,127.0,True
1839,50,2026-08-30 20:04:32-07:00,2026-08-30,20:04:32,drive_thru,car,CAR 827  (+1:48),,4,In_n_Out_log_2026-09-06_193227.json,2026-09-06,,,,,,,,827.0,0.0,0.0,,,,,,,,,,,,,,,,,,108.0,,,,False,,2026-08-30 20:02:43-07:00,1.8166666666666667,False,30,2026-08-30 20:02:43-07:00,109.0,False
1841,50,2026-08-30 20:05:20-07:00,2026-08-30,20:05:20,drive_thru,car,CAR 828  (+0:48),,4,In_n_Out_log_2026-09-06_193227.json,2026-09-06,,,,,,,,828.0,0.0,0.0,,,,,,,,,,,,,,,,,,48.0,,,,False,,2026-08-30 20:04:32-07:00,0.8,False,30,2026-08-30 20:04:32-07:00,48.0,False
1843,50,2026-08-30 20:05:57-07:00,2026-08-30,20:05:57,drive_thru,car,CAR 829  (+0:37),,4,In_n_Out_log_2026-09-06_193227.json,2026-09-06,,,,,,,,829.0,0.0,0.0,,,,,,,,,,,,,,,,,,37.0,,,,False,,2026-08-30 20:05:20-07:00,0.6166666666666667,False,30,2026-08-30 20:05:20-07:00,37.0,False
1849,50,2026-08-30 20:08:27-07:00,2026-08-30,20:08:27,drive_thru,car,CAR 830  (+2:30),,4,In_n_Out_log_2026-09-06_193227.json,2026-09-06,,,,,,,,830.0,0.0,0.0,,,,,,,,,,,,,,,,,,150.0,,,,False,,2026-08-30 20:05:57-07:00,2.5,False,30,2026-08-30 20:05:57-07:00,150.0,False
1851,50,2026-08-30 20:08:48-07:00,2026-08-30,20:08:48,drive_thru,car,CAR 831  (+0:21),,4,In_n_Out_log_2026-09-06_193227.json,2026-09-06,,,,,,,,831.0,0.0,0.0,,,,,,,,,,,,,,,,,,21.0,,,,False,,2026-08-30 20:08:27-07:00,0.35,False,30,2026-08-30 20:08:27-07:00,21.0,False
1854,50,2026-08-30 20:09:34-07:00,2026-08-30,20:09:34,drive_thru,car,CAR 832  (+0:46),,4,In_n_Out_log_2026-09-06_193227.json,2026-09-06,,,,,,,,832.0,0.0,0.0,,,,,,,,,,,,,,,,,,46.0,,,,False,,2026-08-30 20:08:48-07:00,0.7666666666666667,False,30,2026-08-30 20:08:48-07:00,46.0,False
1860,50,2026-08-30 20:12:43-07:00,2026-08-30,20:12:43,drive_thru,car,CAR 833  (+3:09),,4,In_n_Out_log_2026-09-06_193227.json,2026-09-06,,,,,,,,833.0,0.0,0.0,,,,,,,,,,,,,,,,,,189.0,,,,False,,2026-08-30 20:09:34-07:00,3.15,False,30,2026-08-30 20:09:34-07:00,189.0,True
1863,50,2026-08-30 20:13:17-07:00,2026-08-30,20:13:17,drive_thru,car,CAR 834  (+0:34),,4,In_n_Out_log_2026-09-06_193227.json,2026-09-06,,,,,,,,834.0,0.0,0.0,,,,,,,,,,,,,,,,,,34.0,,,,False,,2026-08-30 20:12:43-07:00,0.5666666666666667,False,30,2026-08-30 20:12:43-07:00,34.0,False
1865,50,2026-08-30 20:15:08-07:00,2026-08-30,20:15:08,drive_thru,car,CAR 835  (+1:51),,4,In_n_Out_log_2026-09-06_193227.json,2026-09-06,,,,,,,,835.0,0.0,0.0,,,,,,,,,,,,,,,,,,111.0,,,,False,,2026-08-30 20:13:17-07:00,1.85,False,30,2026-08-30 20:13:17-07:00,111.0,False
1866,50,2026-08-30 20:15:53-07:00,2026-08-30,20:15:53,drive_thru,car,CAR 836  (+0:45),,4,In_n_Out_log_2026-09-06_193227.json,2026-09-06,,,,,,,,836.0,0.0,0.0,,,,,,,,,,,,,,,,,,45.0,,,,False,,2026-08-30 20:15:08-07:00,0.75,False,30,2026-08-30 20:15:08-07:00,45.0,False
1868,50,2026-08-30 20:16:17-07:00,2026-08-30,20:16:17,drive_thru,car,CAR 837  (+0:24),,4,In_n_Out_log_2026-09-06_193227.json,2026-09-06,,,,,,,,837.0,0.0,0.0,,,,,,,,,,,,,,,,,,24.0,,,,False,,2026-08-30 20:15:53-07:00,0.4,False,30,2026-08-30 20:15:53-07:00,24.0,False
1869,50,2026-08-30 20:17:17-07:00,2026-08-30,20:17:17,drive_thru,car,CAR 838  (+1:00),,4,In_n_Out_log_2026-09-06_193227.json,2026-09-06,,,,,,,,838.0,0.0,0.0,,,,,,,,,,,,,,,,,,60.0,,,,False,,2026-08-30 20:16:17-07:00,1.0,False,30,2026-08-30 20:16:17-07:00,60.0,False
1871,50,2026-08-30 20:17:41-07:00,2026-08-30,20:17:41,drive_thru,car,CAR 839  (+0:25),,4,In_n_Out_log_2026-09-06_193227.json,2026-09-06,,,,,,,,839.0,0.0,0.0,,,,,,,,,,,,,,,,,,25.0,,,,False,,2026-08-30 20:17:17-07:00,0.4,False,30,2026-08-30 20:17:17-07:00,24.0,False
1874,50,2026-08-30 20:18:49-07:00,2026-08-30,20:18:49,drive_thru,car,CAR 840  (+1:08),,4,In_n_Out_log_2026-09-06_193227.json,2026-09-06,,,,,,,,840.0,0.0,0.0,,,,,,,,,,,,,,,,,,68.0,,,,False,,2026-08-30 20:17:41-07:00,1.1333333333333333,False,30,2026-08-30 20:17:41-07:00,68.0,False
1876,50,2026-08-30 20:19:31-07:00,2026-08-30,20:19:31,drive_thru,car,CAR 841  (+0:42),,4,In_n_Out_log_2026-09-06_193227.json,2026-09-06,,,,,,,,841.0,0.0,0.0,,,,,,,,,,,,,,,,,,42.0,,,,False,,2026-08-30 20:18:49-07:00,0.7,False,30,2026-08-30 20:18:49-07:00,42.0,False
1879,50,2026-08-30 20:20:42-07:00,2026-08-30,20:20:42,drive_thru,car,CAR 842  (+1:10),,4,In_n_Out_log_2026-09-06_193227.json,2026-09-06,,,,,,,,842.0,0.0,0.0,,,,,,,,,,,,,,,,,,70.0,,,,False,,2026-08-30 20:19:31-07:00,1.1833333333333333,False,30,2026-08-30 20:19:31-07:00,71.0,False
1882,50,2026-08-30 20:21:05-07:00,2026-08-30,20:21:05,drive_thru,car,CAR 843  (+0:23),,4,In_n_Out_log_2026-09-06_193227.json,2026-09-06,,,,,,,,843.0,0.0,0.0,,,,,,,,,,,,,,,,,,23.0,,,,False,,2026-08-30 20:20:42-07:00,0.38333333333333336,False,30,2026-08-30 20:20:42-07:00,23.0,False
1883,50,2026-08-30 20:21:48-07:00,2026-08-30,20:21:48,drive_thru,car,CAR 844  (+0:43),,4,In_n_Out_log_2026-09-06_193227.json,2026-09-06,,,,,,,,844.0,0.0,0.0,,,,,,,,,,,,,,,,,,43.0,,,,False,,2026-08-30 20:21:05-07:00,0.7166666666666667,False,30,2026-08-30 20:21:05-07:00,43.0,False
1891,50,2026-08-30 20:23:57-07:00,2026-08-30,20:23:57,drive_thru,car,CAR 845  (+2:10),,4,In_n_Out_log_2026-09-06_193227.json,2026-09-06,,,,,,,,845.0,0.0,0.0,,,,,,,,,,,,,,,,,,130.0,,,,False,,2026-08-30 20:21:48-07:00,2.15,False,30,2026-08-30 20:21:48-07:00,129.0,True
1894,50,2026-08-30 20:24:41-07:00,2026-08-30,20:24:41,drive_thru,car,CAR 846  (+0:44),,4,In_n_Out_log_2026-09-06_193227.json,2026-09-06,,,,,,,,846.0,0.0,0.0,,,,,,,,,,,,,,,,,,44.0,,,,False,,2026-08-30 20:23:57-07:00,0.7333333333333333,False,30,2026-08-30 20:23:57-07:00,44.0,False
1897,50,2026-08-30 20:25:31-07:00,2026-08-30,20:25:31,drive_thru,car,CAR 847  (+0:50),,4,In_n_Out_log_2026-09-06_193227.json,2026-09-06,,,,,,,,847.0,0.0,0.0,,,,,,,,,,,,,,,,,,50.0,,,,False,,2026-08-30 20:24:41-07:00,0.8333333333333334,False,30,2026-08-30 20:24:41-07:00,50.0,False
1898,50,2026-08-30 20:26:23-07:00,2026-08-30,20:26:23,drive_thru,car,CAR 848  (+0:52),,4,In_n_Out_log_2026-09-06_193227.json,2026-09-06,,,,,,,,848.0,0.0,0.0,,,,,,,,,,,,,,,,,,52.0,,,,False,,2026-08-30 20:25:31-07:00,0.8666666666666667,False,30,2026-08-30 20:25:31-07:00,52.0,False
1902,50,2026-08-30 20:27:05-07:00,2026-08-30,20:27:05,drive_thru,car,CAR 849  (+0:42),,4,In_n_Out_log_2026-09-06_193227.json,2026-09-06,,,,,,,,849.0,0.0,0.0,,,,,,,,,,,,,,,,,,42.0,,,,False,,2026-08-30 20:26:23-07:00,0.7,False,30,2026-08-30 20:26:23-07:00,42.0,False
1908,50,2026-08-30 20:29:47-07:00,2026-08-30,20:29:47,drive_thru,car,CAR 850  (+2:43),,4,In_n_Out_log_2026-09-06_193227.json,2026-09-06,,,,,,,,850.0,0.0,0.0,,,,,,,,,,,,,,,,,,163.0,,,,False,,2026-08-30 20:27:05-07:00,2.7,False,30,2026-08-30 20:27:05-07:00,162.0,False
1920,52,2026-08-31 21:42:21-07:00,2026-08-31,21:42:21,drive_thru,car,CAR 852  (+1:10),,4,In_n_Out_log_2026-09-06_193227.json,2026-09-06,,,,,,,,852.0,0.0,0.0,,,,,,,,,,,,,,,,,,70.0,,,,False,,2026-08-31 21:41:12-07:00,1.15,False,31,2026-08-31 21:41:12-07:00,69.0,False
1923,52,2026-08-31 21:43:53-07:00,2026-08-31,21:43:53,drive_thru,car,CAR 853  (+1:31),,4,In_n_Out_log_2026-09-06_193227.json,2026-09-06,,,,,,,,853.0,0.0,0.0,,,,,,,,,,,,,,,,,,91.0,,,,False,,2026-08-31 21:42:21-07:00,1.5333333333333334,False,31,2026-08-31 21:42:21-07:00,92.0,False
1925,52,2026-08-31 21:44:22-07:00,2026-08-31,21:44:22,drive_thru,car,CAR 854  (+0:29),,4,In_n_Out_log_2026-09-06_193227.json,2026-09-06,,,,,,,,854.0,0.0,0.0,,,,,,,,,,,,,,,,,,29.0,,,,False,,2026-08-31 21:43:53-07:00,0.48333333333333334,False,31,2026-08-31 21:43:53-07:00,29.0,False
1926,52,2026-08-31 21:45:48-07:00,2026-08-31,21:45:48,drive_thru,car,CAR 855  (+1:27),,4,In_n_Out_log_2026-09-06_193227.json,2026-09-06,,,,,,,,855.0,0.0,0.0,,,,,,,,,,,,,,,,,,87.0,,,,False,,2026-08-31 21:44:22-07:00,1.4333333333333333,False,31,2026-08-31 21:44:22-07:00,86.0,False
1927,52,2026-08-31 21:46:29-07:00,2026-08-31,21:46:29,drive_thru,car,CAR 856  (+0:40),,4,In_n_Out_log_2026-09-06_193227.json,2026-09-06,,,,,,,,856.0,0.0,0.0,,,,,,,,,,,,,,,,,,40.0,,,,False,,2026-08-31 21:45:48-07:00,0.6833333333333333,False,31,2026-08-31 21:45:48-07:00,41.0,False
1931,52,2026-08-31 21:48:08-07:00,2026-08-31,21:48:08,drive_thru,car,CAR 857  (+1:39),,4,In_n_Out_log_2026-09-06_193227.json,2026-09-06,,,,,,,,857.0,0.0,0.0,,,,,,,,,,,,,,,,,,99.0,,,,False,,2026-08-31 21:46:29-07:00,1.65,False,31,2026-08-31 21:46:29-07:00,99.0,False
1932,52,2026-08-31 21:48:58-07:00,2026-08-31,21:48:58,drive_thru,car,CAR 858  (+0:51),,4,In_n_Out_log_2026-09-06_193227.json,2026-09-06,,,,,,,,858.0,0.0,0.0,,,,,,,,,,,,,,,,,,51.0,,,,False,,2026-08-31 21:48:08-07:00,0.8333333333333334,False,31,2026-08-31 21:48:08-07:00,50.0,False
1934,52,2026-08-31 21:49:39-07:00,2026-08-31,21:49:39,drive_thru,car,CAR 859  (+0:41),,4,In_n_Out_log_2026-09-06_193227.json,2026-09-06,,,,,,,,859.0,0.0,0.0,,,,,,,,,,,,,,,,,,41.0,,,,False,,2026-08-31 21:48:58-07:00,0.6833333333333333,False,31,2026-08-31 21:48:58-07:00,41.0,False
1935,52,2026-08-31 21:50:02-07:00,2026-08-31,21:50:02,drive_thru,car,CAR 860  (+0:22),,4,In_n_Out_log_2026-09-06_193227.json,2026-09-06,,,,,,,,860.0,0.0,0.0,,,,,,,,,,,,,,,,,,22.0,,,,False,,2026-08-31 21:49:39-07:00,0.38333333333333336,False,31,2026-08-31 21:49:39-07:00,23.0,False
1938,52,2026-08-31 21:53:42-07:00,2026-08-31,21:53:42,drive_thru,car,CAR 861  (+3:41),,4,In_n_Out_log_2026-09-06_193227.json,2026-09-06,,,,,,,,861.0,0.0,0.0,,,,,,,,,,,,,,,,,,221.0,,,,False,,2026-08-31 21:50:02-07:00,3.6666666666666665,False,31,2026-08-31 21:50:02-07:00,220.0,False
1944,52,2026-08-31 21:56:32-07:00,2026-08-31,21:56:32,drive_thru,car,CAR 862  (+2:50),,4,In_n_Out_log_2026-09-06_193227.json,2026-09-06,,,,,,,,862.0,0.0,0.0,,,,,,,,,,,,,,,,,,170.0,,,,False,,2026-08-31 21:53:42-07:00,2.8333333333333335,False,31,2026-08-31 21:53:42-07:00,170.0,False
1945,52,2026-08-31 21:57:11-07:00,2026-08-31,21:57:11,drive_thru,car,CAR 863  (+0:39),,4,In_n_Out_log_2026-09-06_193227.json,2026-09-06,,,,,,,,863.0,0.0,0.0,,,,,,,,,,,,,,,,,,39.0,,,,False,,2026-08-31 21:56:32-07:00,0.65,False,31,2026-08-31 21:56:32-07:00,39.0,False
1946,52,2026-08-31 22:00:45-07:00,2026-08-31,22:00:45,drive_thru,car,CAR 864  (+3:34),,4,In_n_Out_log_2026-09-06_193227.json,2026-09-06,,,,,,,,864.0,0.0,0.0,,,,,,,,,,,,,,,,,,214.0,,,,False,,2026-08-31 21:57:11-07:00,3.566666666666667,False,31,2026-08-31 21:57:11-07:00,214.0,False
1950,52,2026-08-31 22:01:40-07:00,2026-08-31,22:01:40,drive_thru,car,CAR 865  (+0:55),,4,In_n_Out_log_2026-09-06_193227.json,2026-09-06,,,,,,,,865.0,0.0,0.0,,,,,,,,,,,,,,,,,,55.0,,,,False,,2026-08-31 22:00:45-07:00,0.9166666666666666,False,31,2026-08-31 22:00:45-07:00,55.0,False
1952,52,2026-08-31 22:02:28-07:00,2026-08-31,22:02:28,drive_thru,car,CAR 866  (+0:48),,4,In_n_Out_log_2026-09-06_193227.json,2026-09-06,,,,,,,,866.0,0.0,0.0,,,,,,,,,,,,,,,,,,48.0,,,,False,,2026-08-31 22:01:40-07:00,0.8,False,31,2026-08-31 22:01:40-07:00,48.0,False
1953,52,2026-08-31 22:02:55-07:00,2026-08-31,22:02:55,drive_thru,car,CAR 867  (+0:27),,4,In_n_Out_log_2026-09-06_193227.json,2026-09-06,,,,,,,,867.0,0.0,0.0,,,,,,,,,,,,,,,,,,27.0,,,,False,,2026-08-31 22:02:28-07:00,0.45,False,31,2026-08-31 22:02:28-07:00,27.0,False
1954,52,2026-08-31 22:03:40-07:00,2026-08-31,22:03:40,drive_thru,car,CAR 868  (+0:45),,4,In_n_Out_log_2026-09-06_193227.json,2026-09-06,,,,,,,,868.0,0.0,0.0,,,,,,,,,,,,,,,,,,45.0,,,,False,,2026-08-31 22:02:55-07:00,0.75,False,31,2026-08-31 22:02:55-07:00,45.0,False
1955,52,2026-08-31 22:04:02-07:00,2026-08-31,22:04:02,drive_thru,car,CAR 869  (+0:22),,4,In_n_Out_log_2026-09-06_193227.json,2026-09-06,,,,,,,,869.0,0.0,0.0,,,,,,,,,,,,,,,,,,22.0,,,,False,,2026-08-31 22:03:40-07:00,0.36666666666666664,False,31,2026-08-31 22:03:40-07:00,22.0,False
1956,52,2026-08-31 22:04:23-07:00,2026-08-31,22:04:23,drive_thru,car,CAR 870  (+0:21),,4,In_n_Out_log_2026-09-06_193227.json,2026-09-06,,,,,,,,870.0,0.0,0.0,,,,,,,,,,,,,,,,,,21.0,,,,False,,2026-08-31 22:04:02-07:00,0.35,False,31,2026-08-31 22:04:02-07:00,21.0,False
1958,52,2026-08-31 22:04:57-07:00,2026-08-31,22:04:57,drive_thru,car,CAR 871  (+0:34),,4,In_n_Out_log_2026-09-06_193227.json,2026-09-06,,,,,,,,871.0,0.0,0.0,,,,,,,,,,,,,,,,,,34.0,,,,False,,2026-08-31 22:04:23-07:00,0.5666666666666667,False,31,2026-08-31 22:04:23-07:00,34.0,False
1960,52,2026-08-31 22:06:23-07:00,2026-08-31,22:06:23,drive_thru,car,CAR 872  (+1:26),,4,In_n_Out_log_2026-09-06_193227.json,2026-09-06,,,,,,,,872.0,0.0,0.0,,,,,,,,,,,,,,,,,,86.0,,,,False,,2026-08-31 22:04:57-07:00,1.4333333333333333,False,31,2026-08-31 22:04:57-07:00,86.0,False
1961,52,2026-08-31 22:06:55-07:00,2026-08-31,22:06:55,drive_thru,car,CAR 873  (+0:31),,4,In_n_Out_log_2026-09-06_193227.json,2026-09-06,,,,,,,,873.0,0.0,0.0,,,,,,,,,,,,,,,,,,31.0,,,,False,,2026-08-31 22:06:23-07:00,0.5333333333333333,False,31,2026-08-31 22:06:23-07:00,32.0,False
1962,52,2026-08-31 22:07:47-07:00,2026-08-31,22:07:47,drive_thru,car,CAR 874  (+0:53),,4,In_n_Out_log_2026-09-06_193227.json,2026-09-06,,,,,,,,874.0,0.0,0.0,,,,,,,,,,,,,,,,,,53.0,,,,False,,2026-08-31 22:06:55-07:00,0.8666666666666667,False,31,2026-08-31 22:06:55-07:00,52.0,False
1963,52,2026-08-31 22:08:30-07:00,2026-08-31,22:08:30,drive_thru,car,CAR 875  (+0:43),,4,In_n_Out_log_2026-09-06_193227.json,2026-09-06,,,,,,,,875.0,0.0,0.0,,,,,,,,,,,,,,,,,,43.0,,,,False,,2026-08-31 22:07:47-07:00,0.7166666666666667,False,31,2026-08-31 22:07:47-07:00,43.0,False
1966,52,2026-08-31 22:09:34-07:00,2026-08-31,22:09:34,drive_thru,car,CAR 876  (+1:03),,4,In_n_Out_log_2026-09-06_193227.json,2026-09-06,,,,,,,,876.0,0.0,0.0,,,,,,,,,,,,,,,,,,63.0,,,,False,,2026-08-31 22:08:30-07:00,1.0666666666666667,False,31,2026-08-31 22:08:30-07:00,64.0,False
1968,52,2026-08-31 22:10:40-07:00,2026-08-31,22:10:40,drive_thru,car,CAR 877  (+1:06),,4,In_n_Out_log_2026-09-06_193227.json,2026-09-06,,,,,,,,877.0,0.0,0.0,,,,,,,,,,,,,,,,,,66.0,,,,False,,2026-08-31 22:09:34-07:00,1.1,False,31,2026-08-31 22:09:34-07:00,66.0,False
1969,52,2026-08-31 22:11:16-07:00,2026-08-31,22:11:16,drive_thru,car,CAR 878  (+0:36),,4,In_n_Out_log_2026-09-06_193227.json,2026-09-06,,,,,,,,878.0,0.0,0.0,,,,,,,,,,,,,,,,,,36.0,,,,False,,2026-08-31 22:10:40-07:00,0.6,False,31,2026-08-31 22:10:40-07:00,36.0,False
1973,52,2026-08-31 22:12:49-07:00,2026-08-31,22:12:49,drive_thru,car,CAR 879  (+1:33),,4,In_n_Out_log_2026-09-06_193227.json,2026-09-06,,,,,,,,879.0,0.0,0.0,,,,,,,,,,,,,,,,,,93.0,,,,False,,2026-08-31 22:11:16-07:00,1.55,False,31,2026-08-31 22:11:16-07:00,93.0,False
1974,52,2026-08-31 22:13:35-07:00,2026-08-31,22:13:35,drive_thru,car,CAR 880  (+0:46),,4,In_n_Out_log_2026-09-06_193227.json,2026-09-06,,,,,,,,880.0,0.0,0.0,,,,,,,,,,,,,,,,,,46.0,,,,False,,2026-08-31 22:12:49-07:00,0.7666666666666667,False,31,2026-08-31 22:12:49-07:00,46.0,False
1975,52,2026-08-31 22:14:31-07:00,2026-08-31,22:14:31,drive_thru,car,CAR 881  (+0:55),,4,In_n_Out_log_2026-09-06_193227.json,2026-09-06,,,,,,,,881.0,0.0,0.0,,,,,,,,,,,,,,,,,,55.0,,,,False,,2026-08-31 22:13:35-07:00,0.9333333333333333,False,31,2026-08-31 22:13:35-07:00,56.0,False
1976,52,2026-08-31 22:15:03-07:00,2026-08-31,22:15:03,drive_thru,car,CAR 882  (+0:33),,4,In_n_Out_log_2026-09-06_193227.json,2026-09-06,,,,,,,,882.0,0.0,0.0,,,,,,,,,,,,,,,,,,33.0,,,,False,,2026-08-31 22:14:31-07:00,0.5333333333333333,False,31,2026-08-31 22:14:31-07:00,32.0,False
1977,52,2026-08-31 22:15:48-07:00,2026-08-31,22:15:48,drive_thru,car,CAR 883  (+0:45),,4,In_n_Out_log_2026-09-06_193227.json,2026-09-06,,,,,,,,883.0,0.0,0.0,,,,,,,,,,,,,,,,,,45.0,,,,False,,2026-08-31 22:15:03-07:00,0.75,False,31,2026-08-31 22:15:03-07:00,45.0,False
1979,52,2026-08-31 22:17:28-07:00,2026-08-31,22:17:28,drive_thru,car,CAR 884  (+1:40),,4,In_n_Out_log_2026-09-06_193227.json,2026-09-06,,,,,,,,884.0,0.0,0.0,,,,,,,,,,,,,,,,,,100.0,,,,False,,2026-08-31 22:15:48-07:00,1.6666666666666667,False,31,2026-08-31 22:15:48-07:00,100.0,False
1981,52,2026-08-31 22:17:53-07:00,2026-08-31,22:17:53,drive_thru,car,CAR 885  (+0:26),,4,In_n_Out_log_2026-09-06_193227.json,2026-09-06,,,,,,,,885.0,0.0,0.0,,,,,,,,,,,,,,,,,,26.0,,,,False,,2026-08-31 22:17:28-07:00,0.4166666666666667,False,31,2026-08-31 22:17:28-07:00,25.0,False
1982,52,2026-08-31 22:18:17-07:00,2026-08-31,22:18:17,drive_thru,car,CAR 886  (+0:24),,4,In_n_Out_log_2026-09-06_193227.json,2026-09-06,,,,,,,,886.0,0.0,0.0,,,,,,,,,,,,,,,,,,24.0,,,,False,,2026-08-31 22:17:53-07:00,0.4,False,31,2026-08-31 22:17:53-07:00,24.0,False
1984,52,2026-08-31 22:19:09-07:00,2026-08-31,22:19:09,drive_thru,car,CAR 887  (+0:51),,4,In_n_Out_log_2026-09-06_193227.json,2026-09-06,,,,,,,,887.0,0.0,0.0,,,,,,,,,,,,,,,,,,51.0,,,,False,,2026-08-31 22:18:17-07:00,0.8666666666666667,False,31,2026-08-31 22:18:17-07:00,52.0,False
1986,52,2026-08-31 22:20:50-07:00,2026-08-31,22:20:50,drive_thru,car,CAR 888  (+1:41),,4,In_n_Out_log_2026-09-06_193227.json,2026-09-06,,,,,,,,888.0,0.0,0.0,,,,,,,,,,,,,,,,,,101.0,,,,False,,2026-08-31 22:19:09-07:00,1.6833333333333333,False,31,2026-08-31 22:19:09-07:00,101.0,False
1987,52,2026-08-31 22:21:10-07:00,2026-08-31,22:21:10,drive_thru,car,CAR 889  (+0:20),,4,In_n_Out_log_2026-09-06_193227.json,2026-09-06,,,,,,,,889.0,0.0,0.0,,,,,,,,,,,,,,,,,,20.0,,,,False,,2026-08-31 22:20:50-07:00,0.3333333333333333,False,31,2026-08-31 22:20:50-07:00,20.0,False
1989,52,2026-08-31 22:22:30-07:00,2026-08-31,22:22:30,drive_thru,car,CAR 890  (+1:20),,4,In_n_Out_log_2026-09-06_193227.json,2026-09-06,,,,,,,,890.0,0.0,0.0,,,,,,,,,,,,,,,,,,80.0,,,,False,,2026-08-31 22:21:10-07:00,1.3333333333333333,False,31,2026-08-31 22:21:10-07:00,80.0,False
1990,52,2026-08-31 22:23:10-07:00,2026-08-31,22:23:10,drive_thru,car,CAR 891  (+0:40),,4,In_n_Out_log_2026-09-06_193227.json,2026-09-06,,,,,,,,891.0,0.0,0.0,,,,,,,,,,,,,,,,,,40.0,,,,False,,2026-08-31 22:22:30-07:00,0.6666666666666666,False,31,2026-08-31 22:22:30-07:00,40.0,False
1991,52,2026-08-31 22:23:53-07:00,2026-08-31,22:23:53,drive_thru,car,CAR 892  (+0:43),,4,In_n_Out_log_2026-09-06_193227.json,2026-09-06,,,,,,,,892.0,0.0,0.0,,,,,,,,,,,,,,,,,,43.0,,,,False,,2026-08-31 22:23:10-07:00,0.7166666666666667,False,31,2026-08-31 22:23:10-07:00,43.0,False
1993,52,2026-08-31 22:24:28-07:00,2026-08-31,22:24:28,drive_thru,car,CAR 893  (+0:34),,4,In_n_Out_log_2026-09-06_193227.json,2026-09-06,,,,,,,,893.0,0.0,0.0,,,,,,,,,,,,,,,,,,34.0,,,,False,,2026-08-31 22:23:53-07:00,0.5833333333333334,False,31,2026-08-31 22:23:53-07:00,35.0,False
1994,52,2026-08-31 22:25:00-07:00,2026-08-31,22:25:00,drive_thru,car,CAR 894  (+0:32),,4,In_n_Out_log_2026-09-06_193227.json,2026-09-06,,,,,,,,894.0,0.0,0.0,,,,,,,,,,,,,,,,,,32.0,,,,False,,2026-08-31 22:24:28-07:00,0.5333333333333333,False,31,2026-08-31 22:24:28-07:00,32.0,False
1999,52,2026-08-31 22:28:48-07:00,2026-08-31,22:28:48,drive_thru,car,CAR 895  (+3:49),,4,In_n_Out_log_2026-09-06_193227.json,2026-09-06,,,,,,,,895.0,0.0,0.0,,,,,,,,,,,,,,,,,,229.0,,,,False,,2026-08-31 22:25:00-07:00,3.8,False,31,2026-08-31 22:25:00-07:00,228.0,False
2000,52,2026-08-31 22:29:28-07:00,2026-08-31,22:29:28,drive_thru,car,CAR 896  (+0:40),,4,In_n_Out_log_2026-09-06_193227.json,2026-09-06,,,,,,,,896.0,0.0,0.0,,,,,,,,,,,,,,,,,,40.0,,,,False,,2026-08-31 22:28:48-07:00,0.6666666666666666,False,31,2026-08-31 22:28:48-07:00,40.0,False
2006,52,2026-08-31 22:33:30-07:00,2026-08-31,22:33:30,drive_thru,car,CAR 897  (+4:01),,4,In_n_Out_log_2026-09-06_193227.json,2026-09-06,,,,,,,,897.0,0.0,0.0,,,,,,,,,,,,,,,,,,241.0,,,,False,,2026-08-31 22:29:28-07:00,4.033333333333333,False,31,2026-08-31 22:29:28-07:00,242.0,False
2007,52,2026-08-31 22:34:39-07:00,2026-08-31,22:34:39,drive_thru,car,CAR 898  (+1:09),,4,In_n_Out_log_2026-09-06_193227.json,2026-09-06,,,,,,,,898.0,0.0,0.0,,,,,,,,,,,,,,,,,,69.0,,,,False,,2026-08-31 22:33:30-07:00,1.15,False,31,2026-08-31 22:33:30-07:00,69.0,False
2008,52,2026-08-31 22:35:08-07:00,2026-08-31,22:35:08,drive_thru,car,CAR 899  (+0:29),,4,In_n_Out_log_2026-09-06_193227.json,2026-09-06,,,,,,,,899.0,0.0,0.0,,,,,,,,,,,,,,,,,,29.0,,,,False,,2026-08-31 22:34:39-07:00,0.48333333333333334,False,31,2026-08-31 22:34:39-07:00,29.0,False
2010,52,2026-08-31 22:35:44-07:00,2026-08-31,22:35:44,drive_thru,car,CAR 900  (+0:36),,4,In_n_Out_log_2026-09-06_193227.json,2026-09-06,,,,,,,,900.0,0.0,0.0,,,,,,,,,,,,,,,,,,36.0,,,,False,,2026-08-31 22:35:08-07:00,0.6,False,31,2026-08-31 22:35:08-07:00,36.0,False
2011,52,2026-08-31 22:38:23-07:00,2026-08-31,22:38:23,drive_thru,car,CAR 901  (+2:39),,4,In_n_Out_log_2026-09-06_193227.json,2026-09-06,,,,,,,,901.0,0.0,0.0,,,,,,,,,,,,,,,,,,159.0,,,,False,,2026-08-31 22:35:44-07:00,2.65,False,31,2026-08-31 22:35:44-07:00,159.0,False
2012,52,2026-08-31 22:39:12-07:00,2026-08-31,22:39:12,drive_thru,car,CAR 902  (+0:49),,4,In_n_Out_log_2026-09-06_193227.json,2026-09-06,,,,,,,,902.0,0.0,0.0,,,,,,,,,,,,,,,,,,49.0,,,,False,,2026-08-31 22:38:23-07:00,0.8166666666666667,False,31,2026-08-31 22:38:23-07:00,49.0,False
2013,52,2026-08-31 22:39:44-07:00,2026-08-31,22:39:44,drive_thru,car,CAR 903  (+0:32),,4,In_n_Out_log_2026-09-06_193227.json,2026-09-06,,,,,,,,903.0,0.0,0.0,,,,,,,,,,,,,,,,,,32.0,,,,False,,2026-08-31 22:39:12-07:00,0.5333333333333333,False,31,2026-08-31 22:39:12-07:00,32.0,False
2015,52,2026-08-31 22:40:53-07:00,2026-08-31,22:40:53,drive_thru,car,CAR 904  (+1:09),,4,In_n_Out_log_2026-09-06_193227.json,2026-09-06,,,,,,,,904.0,0.0,0.0,,,,,,,,,,,,,,,,,,69.0,,,,False,,2026-08-31 22:39:44-07:00,1.15,False,31,2026-08-31 22:39:44-07:00,69.0,False
2016,52,2026-08-31 22:41:30-07:00,2026-08-31,22:41:30,drive_thru,car,CAR 905  (+0:36),,4,In_n_Out_log_2026-09-06_193227.json,2026-09-06,,,,,,,,905.0,0.0,0.0,,,,,,,,,,,,,,,,,,36.0,,,,False,,2026-08-31 22:40:53-07:00,0.6166666666666667,False,31,2026-08-31 22:40:53-07:00,37.0,False
2018,52,2026-08-31 22:41:53-07:00,2026-08-31,22:41:53,drive_thru,car,CAR 906  (+0:23),,4,In_n_Out_log_2026-09-06_193227.json,2026-09-06,,,,,,,,906.0,0.0,0.0,,,,,,,,,,,,,,,,,,23.0,,,,False,,2026-08-31 22:41:30-07:00,0.38333333333333336,False,31,2026-08-31 22:41:30-07:00,23.0,False
2024,52,2026-08-31 22:45:36-07:00,2026-08-31,22:45:36,drive_thru,car,CAR 907  (+3:43),,4,In_n_Out_log_2026-09-06_193227.json,2026-09-06,,,,,,,,907.0,0.0,0.0,,,,,,,,,,,,,,,,,,223.0,,,,False,,2026-08-31 22:41:53-07:00,3.716666666666667,False,31,2026-08-31 22:41:53-07:00,223.0,True
2032,53,2026-09-01 22:32:07-07:00,2026-09-01,22:32:07,drive_thru,car,CAR 909  (+1:35),,4,In_n_Out_log_2026-09-06_193227.json,2026-09-06,,,,,,,,909.0,0.0,0.0,,,,,,,,,,,,,,,,,,95.0,,,,False,,2026-09-01 22:30:32-07:00,1.5833333333333333,False,32,2026-09-01 22:30:32-07:00,95.0,False
2034,53,2026-09-01 22:32:41-07:00,2026-09-01,22:32:41,drive_thru,car,CAR 910  (+0:34),,4,In_n_Out_log_2026-09-06_193227.json,2026-09-06,,,,,,,,910.0,0.0,0.0,,,,,,,,,,,,,,,,,,34.0,,,,False,,2026-09-01 22:32:07-07:00,0.5666666666666667,False,32,2026-09-01 22:32:07-07:00,34.0,False
2035,53,2026-09-01 22:33:00-07:00,2026-09-01,22:33:00,drive_thru,car,CAR 911  (+0:19),,4,In_n_Out_log_2026-09-06_193227.json,2026-09-06,,,,,,,,911.0,0.0,0.0,,,,,,,,,,,,,,,,,,19.0,,,,False,,2026-09-01 22:32:41-07:00,0.31666666666666665,False,32,2026-09-01 22:32:41-07:00,19.0,False
2036,53,2026-09-01 22:33:42-07:00,2026-09-01,22:33:42,drive_thru,car,CAR 912  (+0:42),,4,In_n_Out_log_2026-09-06_193227.json,2026-09-06,,,,,,,,912.0,0.0,0.0,,,,,,,,,,,,,,,,,,42.0,,,,False,,2026-09-01 22:33:00-07:00,0.7,False,32,2026-09-01 22:33:00-07:00,42.0,False
2038,53,2026-09-01 22:35:16-07:00,2026-09-01,22:35:16,drive_thru,car,CAR 913  (+1:34),,4,In_n_Out_log_2026-09-06_193227.json,2026-09-06,,,,,,,,913.0,0.0,0.0,,,,,,,,,,,,,,,,,,94.0,,,,False,,2026-09-01 22:33:42-07:00,1.5666666666666667,False,32,2026-09-01 22:33:42-07:00,94.0,False
2039,53,2026-09-01 22:35:49-07:00,2026-09-01,22:35:49,drive_thru,car,CAR 914  (+0:33),,4,In_n_Out_log_2026-09-06_193227.json,2026-09-06,,,,,,,,914.0,0.0,0.0,,,,,,,,,,,,,,,,,,33.0,,,,False,,2026-09-01 22:35:16-07:00,0.55,False,32,2026-09-01 22:35:16-07:00,33.0,False
2044,53,2026-09-01 22:38:13-07:00,2026-09-01,22:38:13,drive_thru,car,CAR 915  (+2:24),,4,In_n_Out_log_2026-09-06_193227.json,2026-09-06,,,,,,,,915.0,0.0,0.0,,,,,,,,,,,,,,,,,,144.0,,,,False,,2026-09-01 22:35:49-07:00,2.4,False,32,2026-09-01 22:35:49-07:00,144.0,False
2045,53,2026-09-01 22:39:14-07:00,2026-09-01,22:39:14,drive_thru,car,CAR 916  (+1:01),,4,In_n_Out_log_2026-09-06_193227.json,2026-09-06,,,,,,,,916.0,0.0,0.0,,,,,,,,,,,,,,,,,,61.0,,,,False,,2026-09-01 22:38:13-07:00,1.0166666666666666,False,32,2026-09-01 22:38:13-07:00,61.0,False
2048,53,2026-09-01 22:42:28-07:00,2026-09-01,22:42:28,drive_thru,car,CAR 917  (+3:13),,4,In_n_Out_log_2026-09-06_193227.json,2026-09-06,,,,,,,,917.0,0.0,0.0,,,,,,,,,,,,,,,,,,193.0,,,,False,,2026-09-01 22:39:14-07:00,3.2333333333333334,False,32,2026-09-01 22:39:14-07:00,194.0,False
2049,53,2026-09-01 22:43:25-07:00,2026-09-01,22:43:25,drive_thru,car,CAR 918  (+0:57),,4,In_n_Out_log_2026-09-06_193227.json,2026-09-06,,,,,,,,918.0,0.0,0.0,,,,,,,,,,,,,,,,,,57.0,,,,False,,2026-09-01 22:42:28-07:00,0.95,False,32,2026-09-01 22:42:28-07:00,57.0,False
2051,53,2026-09-01 22:44:19-07:00,2026-09-01,22:44:19,drive_thru,car,CAR 919  (+0:54),,4,In_n_Out_log_2026-09-06_193227.json,2026-09-06,,,,,,,,919.0,0.0,0.0,,,,,,,,,,,,,,,,,,54.0,,,,False,,2026-09-01 22:43:25-07:00,0.9,False,32,2026-09-01 22:43:25-07:00,54.0,False
2053,53,2026-09-01 22:45:03-07:00,2026-09-01,22:45:03,drive_thru,car,CAR 920  (+0:44),,4,In_n_Out_log_2026-09-06_193227.json,2026-09-06,,,,,,,,920.0,0.0,0.0,,,,,,,,,,,,,,,,,,44.0,,,,False,,2026-09-01 22:44:19-07:00,0.7333333333333333,False,32,2026-09-01 22:44:19-07:00,44.0,False
2054,53,2026-09-01 22:45:39-07:00,2026-09-01,22:45:39,drive_thru,car,CAR 921  (+0:36),,4,In_n_Out_log_2026-09-06_193227.json,2026-09-06,,,,,,,,921.0,0.0,0.0,,,,,,,,,,,,,,,,,,36.0,,,,False,,2026-09-01 22:45:03-07:00,0.6,False,32,2026-09-01 22:45:03-07:00,36.0,False
2055,53,2026-09-01 22:47:12-07:00,2026-09-01,22:47:12,drive_thru,car,CAR 922  (+1:34),,4,In_n_Out_log_2026-09-06_193227.json,2026-09-06,,,,,,,,922.0,0.0,0.0,,,,,,,,,,,,,,,,,,94.0,,,,False,,2026-09-01 22:45:39-07:00,1.55,False,32,2026-09-01 22:45:39-07:00,93.0,False
2058,53,2026-09-01 22:49:07-07:00,2026-09-01,22:49:07,drive_thru,car,CAR 923  (+1:55),,4,In_n_Out_log_2026-09-06_193227.json,2026-09-06,,,,,,,,923.0,0.0,0.0,,,,,,,,,,,,,,,,,,115.0,,,,False,,2026-09-01 22:47:12-07:00,1.9166666666666667,False,32,2026-09-01 22:47:12-07:00,115.0,False
2060,53,2026-09-01 22:50:40-07:00,2026-09-01,22:50:40,drive_thru,car,CAR 924  (+1:33),,4,In_n_Out_log_2026-09-06_193227.json,2026-09-06,,,,,,,,924.0,0.0,0.0,,,,,,,,,,,,,,,,,,93.0,,,,False,,2026-09-01 22:49:07-07:00,1.55,False,32,2026-09-01 22:49:07-07:00,93.0,False
2061,53,2026-09-01 22:51:23-07:00,2026-09-01,22:51:23,drive_thru,car,CAR 925  (+0:43),,4,In_n_Out_log_2026-09-06_193227.json,2026-09-06,,,,,,,,925.0,0.0,0.0,,,,,,,,,,,,,,,,,,43.0,,,,False,,2026-09-01 22:50:40-07:00,0.7166666666666667,False,32,2026-09-01 22:50:40-07:00,43.0,False
2064,53,2026-09-01 22:53:01-07:00,2026-09-01,22:53:01,drive_thru,car,CAR 926  (+1:38),,4,In_n_Out_log_2026-09-06_193227.json,2026-09-06,,,,,,,,926.0,0.0,0.0,,,,,,,,,,,,,,,,,,98.0,,,,False,,2026-09-01 22:51:23-07:00,1.6333333333333333,False,32,2026-09-01 22:51:23-07:00,98.0,True
2067,53,2026-09-01 22:53:38-07:00,2026-09-01,22:53:38,drive_thru,car,CAR 927  (+0:37),,4,In_n_Out_log_2026-09-06_193227.json,2026-09-06,,,,,,,,927.0,0.0,0.0,,,,,,,,,,,,,,,,,,37.0,,,,False,,2026-09-01 22:53:01-07:00,0.6166666666666667,False,32,2026-09-01 22:53:01-07:00,37.0,False
2068,53,2026-09-01 22:54:12-07:00,2026-09-01,22:54:12,drive_thru,car,CAR 928  (+0:34),,4,In_n_Out_log_2026-09-06_193227.json,2026-09-06,,,,,,,,928.0,0.0,0.0,,,,,,,,,,,,,,,,,,34.0,,,,False,,2026-09-01 22:53:38-07:00,0.5666666666666667,False,32,2026-09-01 22:53:38-07:00,34.0,False
2070,53,2026-09-01 22:58:50-07:00,2026-09-01,22:58:50,drive_thru,car,CAR 929  (+4:39),,4,In_n_Out_log_2026-09-06_193227.json,2026-09-06,,,,,,,,929.0,0.0,0.0,,,,,,,,,,,,,,,,,,279.0,,,,False,,2026-09-01 22:54:12-07:00,4.633333333333334,False,32,2026-09-01 22:54:12-07:00,278.0,False
2071,53,2026-09-01 22:59:48-07:00,2026-09-01,22:59:48,drive_thru,car,CAR 930  (+0:57),,4,In_n_Out_log_2026-09-06_193227.json,2026-09-06,,,,,,,,930.0,0.0,0.0,,,,,,,,,,,,,,,,,,57.0,,,,False,,2026-09-01 22:58:50-07:00,0.9666666666666667,False,32,2026-09-01 22:58:50-07:00,58.0,False
2073,53,2026-09-01 23:00:47-07:00,2026-09-01,23:00:47,drive_thru,car,CAR 931  (+0:59),,4,In_n_Out_log_2026-09-06_193227.json,2026-09-06,,,,,,,,931.0,0.0,0.0,,,,,,,,,,,,,,,,,,59.0,,,,False,,2026-09-01 22:59:48-07:00,0.9833333333333333,False,32,2026-09-01 22:59:48-07:00,59.0,False
2076,53,2026-09-01 23:01:13-07:00,2026-09-01,23:01:13,drive_thru,car,CAR 932  (+0:26),,4,In_n_Out_log_2026-09-06_193227.json,2026-09-06,,,,,,,,932.0,0.0,0.0,,,,,,,,,,,,,,,,,,26.0,,,,False,,2026-09-01 23:00:47-07:00,0.43333333333333335,False,32,2026-09-01 23:00:47-07:00,26.0,False
2077,53,2026-09-01 23:01:39-07:00,2026-09-01,23:01:39,drive_thru,car,CAR 933  (+0:26),,4,In_n_Out_log_2026-09-06_193227.json,2026-09-06,,,,,,,,933.0,0.0,0.0,,,,,,,,,,,,,,,,,,26.0,,,,False,,2026-09-01 23:01:13-07:00,0.43333333333333335,False,32,2026-09-01 23:01:13-07:00,26.0,False
2078,53,2026-09-01 23:02:44-07:00,2026-09-01,23:02:44,drive_thru,car,CAR 934  (+1:05),,4,In_n_Out_log_2026-09-06_193227.json,2026-09-06,,,,,,,,934.0,0.0,0.0,,,,,,,,,,,,,,,,,,65.0,,,,False,,2026-09-01 23:01:39-07:00,1.0833333333333333,False,32,2026-09-01 23:01:39-07:00,65.0,False
2079,53,2026-09-01 23:03:32-07:00,2026-09-01,23:03:32,drive_thru,car,CAR 935  (+0:48),,4,In_n_Out_log_2026-09-06_193227.json,2026-09-06,,,,,,,,935.0,0.0,0.0,,,,,,,,,,,,,,,,,,48.0,,,,False,,2026-09-01 23:02:44-07:00,0.8,False,32,2026-09-01 23:02:44-07:00,48.0,False
2080,53,2026-09-01 23:04:04-07:00,2026-09-01,23:04:04,drive_thru,car,CAR 936  (+0:32),,4,In_n_Out_log_2026-09-06_193227.json,2026-09-06,,,,,,,,936.0,0.0,0.0,,,,,,,,,,,,,,,,,,32.0,,,,False,,2026-09-01 23:03:32-07:00,0.5333333333333333,False,32,2026-09-01 23:03:32-07:00,32.0,False
2081,53,2026-09-01 23:05:14-07:00,2026-09-01,23:05:14,drive_thru,car,CAR 937  (+1:10),,4,In_n_Out_log_2026-09-06_193227.json,2026-09-06,,,,,,,,937.0,0.0,0.0,,,,,,,,,,,,,,,,,,70.0,,,,False,,2026-09-01 23:04:04-07:00,1.1666666666666667,False,32,2026-09-01 23:04:04-07:00,70.0,False
2082,53,2026-09-01 23:05:50-07:00,2026-09-01,23:05:50,drive_thru,car,CAR 938  (+0:36),,4,In_n_Out_log_2026-09-06_193227.json,2026-09-06,,,,,,,,938.0,0.0,0.0,,,,,,,,,,,,,,,,,,36.0,,,,False,,2026-09-01 23:05:14-07:00,0.6,False,32,2026-09-01 23:05:14-07:00,36.0,False
2083,53,2026-09-01 23:06:32-07:00,2026-09-01,23:06:32,drive_thru,car,CAR 939  (+0:43),,4,In_n_Out_log_2026-09-06_193227.json,2026-09-06,,,,,,,,939.0,0.0,0.0,,,,,,,,,,,,,,,,,,43.0,,,,False,,2026-09-01 23:05:50-07:00,0.7,False,32,2026-09-01 23:05:50-07:00,42.0,False
2084,53,2026-09-01 23:07:23-07:00,2026-09-01,23:07:23,drive_thru,car,CAR 940  (+0:51),,4,In_n_Out_log_2026-09-06_193227.json,2026-09-06,,,,,,,,940.0,0.0,0.0,,,,,,,,,,,,,,,,,,51.0,,,,False,,2026-09-01 23:06:32-07:00,0.85,False,32,2026-09-01 23:06:32-07:00,51.0,False
2085,53,2026-09-01 23:08:30-07:00,2026-09-01,23:08:30,drive_thru,car,CAR 941  (+1:07),,4,In_n_Out_log_2026-09-06_193227.json,2026-09-06,,,,,,,,941.0,0.0,0.0,,,,,,,,,,,,,,,,,,67.0,,,,False,,2026-09-01 23:07:23-07:00,1.1166666666666667,False,32,2026-09-01 23:07:23-07:00,67.0,False
2086,53,2026-09-01 23:09:16-07:00,2026-09-01,23:09:16,drive_thru,car,CAR 942  (+0:46),,4,In_n_Out_log_2026-09-06_193227.json,2026-09-06,,,,,,,,942.0,0.0,0.0,,,,,,,,,,,,,,,,,,46.0,,,,False,,2026-09-01 23:08:30-07:00,0.7666666666666667,False,32,2026-09-01 23:08:30-07:00,46.0,False
2088,53,2026-09-01 23:10:02-07:00,2026-09-01,23:10:02,drive_thru,car,CAR 943  (+0:46),,4,In_n_Out_log_2026-09-06_193227.json,2026-09-06,,,,,,,,943.0,0.0,0.0,,,,,,,,,,,,,,,,,,46.0,,,,False,,2026-09-01 23:09:16-07:00,0.7666666666666667,False,32,2026-09-01 23:09:16-07:00,46.0,False
2089,53,2026-09-01 23:11:22-07:00,2026-09-01,23:11:22,drive_thru,car,CAR 944  (+1:20),,4,In_n_Out_log_2026-09-06_193227.json,2026-09-06,,,,,,,,944.0,0.0,0.0,,,,,,,,,,,,,,,,,,80.0,,,,False,,2026-09-01 23:10:02-07:00,1.3333333333333333,False,32,2026-09-01 23:10:02-07:00,80.0,False
2093,53,2026-09-01 23:15:38-07:00,2026-09-01,23:15:38,drive_thru,car,CAR 945  (+4:17),,4,In_n_Out_log_2026-09-06_193227.json,2026-09-06,,,,,,,,945.0,0.0,0.0,,,,,,,,,,,,,,,,,,257.0,,,,False,,2026-09-01 23:11:22-07:00,4.266666666666667,False,32,2026-09-01 23:11:22-07:00,256.0,False
2095,53,2026-09-01 23:19:31-07:00,2026-09-01,23:19:31,drive_thru,car,CAR 946  (+3:53),,4,In_n_Out_log_2026-09-06_193227.json,2026-09-06,,,,,,,,946.0,0.0,0.0,,,,,,,,,,,,,,,,,,233.0,,,,False,,2026-09-01 23:15:38-07:00,3.8833333333333333,False,32,2026-09-01 23:15:38-07:00,233.0,False
2096,53,2026-09-01 23:20:39-07:00,2026-09-01,23:20:39,drive_thru,car,CAR 947  (+1:08),,4,In_n_Out_log_2026-09-06_193227.json,2026-09-06,,,,,,,,947.0,0.0,0.0,,,,,,,,,,,,,,,,,,68.0,,,,False,,2026-09-01 23:19:31-07:00,1.1333333333333333,False,32,2026-09-01 23:19:31-07:00,68.0,False
2098,53,2026-09-01 23:21:42-07:00,2026-09-01,23:21:42,drive_thru,car,CAR 948  (+1:03),,4,In_n_Out_log_2026-09-06_193227.json,2026-09-06,,,,,,,,948.0,0.0,0.0,,,,,,,,,,,,,,,,,,63.0,,,,False,,2026-09-01 23:20:39-07:00,1.05,False,32,2026-09-01 23:20:39-07:00,63.0,False
2099,53,2026-09-01 23:22:33-07:00,2026-09-01,23:22:33,drive_thru,car,CAR 949  (+0:51),,4,In_n_Out_log_2026-09-06_193227.json,2026-09-06,,,,,,,,949.0,0.0,0.0,,,,,,,,,,,,,,,,,,51.0,,,,False,,2026-09-01 23:21:42-07:00,0.85,False,32,2026-09-01 23:21:42-07:00,51.0,False
2100,53,2026-09-01 23:23:22-07:00,2026-09-01,23:23:22,drive_thru,car,CAR 950  (+0:48),,4,In_n_Out_log_2026-09-06_193227.json,2026-09-06,,,,,,,,950.0,0.0,0.0,,,,,,,,,,,,,,,,,,48.0,,,,False,,2026-09-01 23:22:33-07:00,0.8166666666666667,False,32,2026-09-01 23:22:33-07:00,49.0,False
2101,53,2026-09-01 23:23:52-07:00,2026-09-01,23:23:52,drive_thru,car,CAR 951  (+0:30),,4,In_n_Out_log_2026-09-06_193227.json,2026-09-06,,,,,,,,951.0,0.0,0.0,,,,,,,,,,,,,,,,,,30.0,,,,False,,2026-09-01 23:23:22-07:00,0.5,False,32,2026-09-01 23:23:22-07:00,30.0,False
2105,53,2026-09-01 23:26:19-07:00,2026-09-01,23:26:19,drive_thru,car,CAR 952  (+2:27),,4,In_n_Out_log_2026-09-06_193227.json,2026-09-06,,,,,,,,952.0,0.0,0.0,,,,,,,,,,,,,,,,,,147.0,,,,False,,2026-09-01 23:23:52-07:00,2.45,False,32,2026-09-01 23:23:52-07:00,147.0,True
2106,53,2026-09-01 23:27:34-07:00,2026-09-01,23:27:34,drive_thru,car,CAR 953  (+1:16),,4,In_n_Out_log_2026-09-06_193227.json,2026-09-06,,,,,,,,953.0,0.0,0.0,,,,,,,,,,,,,,,,,,76.0,,,,False,,2026-09-01 23:26:19-07:00,1.25,False,32,2026-09-01 23:26:19-07:00,75.0,False
2108,53,2026-09-01 23:28:12-07:00,2026-09-01,23:28:12,drive_thru,car,CAR 954  (+0:38),,4,In_n_Out_log_2026-09-06_193227.json,2026-09-06,,,,,,,,954.0,0.0,0.0,,,,,,,,,,,,,,,,,,38.0,,,,False,,2026-09-01 23:27:34-07:00,0.6333333333333333,False,32,2026-09-01 23:27:34-07:00,38.0,False
2110,53,2026-09-01 23:29:47-07:00,2026-09-01,23:29:47,drive_thru,car,CAR 955  (+1:35),,4,In_n_Out_log_2026-09-06_193227.json,2026-09-06,,,,,,,,955.0,0.0,0.0,,,,,,,,,,,,,,,,,,95.0,,,,False,,2026-09-01 23:28:12-07:00,1.5833333333333333,False,32,2026-09-01 23:28:12-07:00,95.0,False
2111,53,2026-09-01 23:31:03-07:00,2026-09-01,23:31:03,drive_thru,car,CAR 956  (+1:16),,4,In_n_Out_log_2026-09-06_193227.json,2026-09-06,,,,,,,,956.0,0.0,0.0,,,,,,,,,,,,,,,,,,76.0,,,,False,,2026-09-01 23:29:47-07:00,1.2666666666666666,False,32,2026-09-01 23:29:47-07:00,76.0,False
2112,53,2026-09-01 23:32:17-07:00,2026-09-01,23:32:17,drive_thru,car,CAR 957  (+1:14),,4,In_n_Out_log_2026-09-06_193227.json,2026-09-06,,,,,,,,957.0,0.0,0.0,,,,,,,,,,,,,,,,,,74.0,,,,False,,2026-09-01 23:31:03-07:00,1.2333333333333334,False,32,2026-09-01 23:31:03-07:00,74.0,False
2113,53,2026-09-01 23:32:44-07:00,2026-09-01,23:32:44,drive_thru,car,CAR 958  (+0:27),,4,In_n_Out_log_2026-09-06_193227.json,2026-09-06,,,,,,,,958.0,0.0,0.0,,,,,,,,,,,,,,,,,,27.0,,,,False,,2026-09-01 23:32:17-07:00,0.45,False,32,2026-09-01 23:32:17-07:00,27.0,False
2114,53,2026-09-01 23:33:48-07:00,2026-09-01,23:33:48,drive_thru,car,CAR 959  (+1:05),,4,In_n_Out_log_2026-09-06_193227.json,2026-09-06,,,,,,,,959.0,0.0,0.0,,,,,,,,,,,,,,,,,,65.0,,,,False,,2026-09-01 23:32:44-07:00,1.0666666666666667,False,32,2026-09-01 23:32:44-07:00,64.0,False
2116,53,2026-09-01 23:36:58-07:00,2026-09-01,23:36:58,drive_thru,car,CAR 960  (+3:09),,4,In_n_Out_log_2026-09-06_193227.json,2026-09-06,,,,,,,,960.0,0.0,0.0,,,,,,,,,,,,,,,,,,189.0,,,,False,,2026-09-01 23:33:48-07:00,3.1666666666666665,False,32,2026-09-01 23:33:48-07:00,190.0,False
2118,53,2026-09-01 23:37:30-07:00,2026-09-01,23:37:30,drive_thru,car,CAR 961  (+0:32),,4,In_n_Out_log_2026-09-06_193227.json,2026-09-06,,,,,,,,961.0,0.0,0.0,,,,,,,,,,,,,,,,,,32.0,,,,False,,2026-09-01 23:36:58-07:00,0.5333333333333333,False,32,2026-09-01 23:36:58-07:00,32.0,False
2119,53,2026-09-01 23:37:49-07:00,2026-09-01,23:37:49,drive_thru,car,CAR 962  (+0:19),,4,In_n_Out_log_2026-09-06_193227.json,2026-09-06,,,,,,,,962.0,0.0,0.0,,,,,,,,,,,,,,,,,,19.0,,,,False,,2026-09-01 23:37:30-07:00,0.31666666666666665,False,32,2026-09-01 23:37:30-07:00,19.0,False
2121,53,2026-09-01 23:39:02-07:00,2026-09-01,23:39:02,drive_thru,car,CAR 963  (+1:13),,4,In_n_Out_log_2026-09-06_193227.json,2026-09-06,,,,,,,,963.0,0.0,0.0,,,,,,,,,,,,,,,,,,73.0,,,,False,,2026-09-01 23:37:49-07:00,1.2166666666666666,False,32,2026-09-01 23:37:49-07:00,73.0,False
2123,53,2026-09-01 23:39:28-07:00,2026-09-01,23:39:28,drive_thru,car,CAR 964  (+0:27),,4,In_n_Out_log_2026-09-06_193227.json,2026-09-06,,,,,,,,964.0,0.0,0.0,,,,,,,,,,,,,,,,,,27.0,,,,False,,2026-09-01 23:39:02-07:00,0.43333333333333335,False,32,2026-09-01 23:39:02-07:00,26.0,False
2124,53,2026-09-01 23:42:00-07:00,2026-09-01,23:42:00,drive_thru,car,CAR 965  (+2:31),,4,In_n_Out_log_2026-09-06_193227.json,2026-09-06,,,,,,,,965.0,0.0,0.0,,,,,,,,,,,,,,,,,,151.0,,,,False,,2026-09-01 23:39:28-07:00,2.533333333333333,False,32,2026-09-01 23:39:28-07:00,152.0,False
2126,53,2026-09-01 23:42:47-07:00,2026-09-01,23:42:47,drive_thru,car,CAR 966  (+0:47),,4,In_n_Out_log_2026-09-06_193227.json,2026-09-06,,,,,,,,966.0,0.0,0.0,,,,,,,,,,,,,,,,,,47.0,,,,False,,2026-09-01 23:42:00-07:00,0.7833333333333333,False,32,2026-09-01 23:42:00-07:00,47.0,False
2127,53,2026-09-01 23:44:55-07:00,2026-09-01,23:44:55,drive_thru,car,CAR 967  (+2:08),,4,In_n_Out_log_2026-09-06_193227.json,2026-09-06,,,,,,,,967.0,0.0,0.0,,,,,,,,,,,,,,,,,,128.0,,,,False,,2026-09-01 23:42:47-07:00,2.1333333333333333,False,32,2026-09-01 23:42:47-07:00,128.0,False
2128,53,2026-09-01 23:45:29-07:00,2026-09-01,23:45:29,drive_thru,car,CAR 968  (+0:34),,4,In_n_Out_log_2026-09-06_193227.json,2026-09-06,,,,,,,,968.0,0.0,0.0,,,,,,,,,,,,,,,,,,34.0,,,,False,,2026-09-01 23:44:55-07:00,0.5666666666666667,False,32,2026-09-01 23:44:55-07:00,34.0,False
2129,53,2026-09-01 23:47:11-07:00,2026-09-01,23:47:11,drive_thru,car,CAR 969  (+1:42),,4,In_n_Out_log_2026-09-06_193227.json,2026-09-06,,,,,,,,969.0,0.0,0.0,,,,,,,,,,,,,,,,,,102.0,,,,False,,2026-09-01 23:45:29-07:00,1.7,False,32,2026-09-01 23:45:29-07:00,102.0,False
2130,53,2026-09-01 23:48:23-07:00,2026-09-01,23:48:23,drive_thru,car,CAR 970  (+1:12),,4,In_n_Out_log_2026-09-06_193227.json,2026-09-06,,,,,,,,970.0,0.0,0.0,,,,,,,,,,,,,,,,,,72.0,,,,False,,2026-09-01 23:47:11-07:00,1.2,False,32,2026-09-01 23:47:11-07:00,72.0,False
2131,53,2026-09-01 23:52:24-07:00,2026-09-01,23:52:24,drive_thru,car,CAR 971  (+4:01),,4,In_n_Out_log_2026-09-06_193227.json,2026-09-06,,,,,,,,971.0,0.0,0.0,,,,,,,,,,,,,,,,,,241.0,,,,False,,2026-09-01 23:48:23-07:00,4.016666666666667,False,32,2026-09-01 23:48:23-07:00,241.0,False
2499,60,2026-09-05 18:15:18-07:00,2026-09-05,18:15:18,drive_thru,car,CAR 1148  (+1:03),,4,In_n_Out_log_2026-09-06_193227.json,2026-09-06,,,,,,,,1148.0,0.0,0.0,,,,,,,,,,,,,,,,,,63.0,,,,False,,2026-09-05 18:14:15-07:00,1.05,False,36,2026-09-05 18:14:15-07:00,63.0,False
2500,60,2026-09-05 18:16:58-07:00,2026-09-05,18:16:58,drive_thru,car,CAR 1149  (+1:41),,4,In_n_Out_log_2026-09-06_193227.json,2026-09-06,,,,,,,,1149.0,0.0,0.0,,,,,,,,,,,,,,,,,,101.0,,,,False,,2026-09-05 18:15:18-07:00,1.6666666666666667,False,36,2026-09-05 18:15:18-07:00,100.0,False
2504,60,2026-09-05 18:19:12-07:00,2026-09-05,18:19:12,drive_thru,car,CAR 1150  (+2:14),,4,In_n_Out_log_2026-09-06_193227.json,2026-09-06,,,,,,,,1150.0,0.0,0.0,,,,,,,,,,,,,,,,,,134.0,,,,False,,2026-09-05 18:16:58-07:00,2.2333333333333334,False,36,2026-09-05 18:16:58-07:00,134.0,False
2505,60,2026-09-05 18:19:48-07:00,2026-09-05,18:19:48,drive_thru,car,CAR 1151  (+0:36),,4,In_n_Out_log_2026-09-06_193227.json,2026-09-06,,,,,,,,1151.0,0.0,0.0,,,,,,,,,,,,,,,,,,36.0,,,,False,,2026-09-05 18:19:12-07:00,0.6,False,36,2026-09-05 18:19:12-07:00,36.0,False
2506,60,2026-09-05 18:20:20-07:00,2026-09-05,18:20:20,drive_thru,car,CAR 1152  (+0:32),,4,In_n_Out_log_2026-09-06_193227.json,2026-09-06,,,,,,,,1152.0,0.0,0.0,,,,,,,,,,,,,,,,,,32.0,,,,False,,2026-09-05 18:19:48-07:00,0.5333333333333333,False,36,2026-09-05 18:19:48-07:00,32.0,False
2507,60,2026-09-05 18:20:54-07:00,2026-09-05,18:20:54,drive_thru,car,CAR 1153  (+0:33),,4,In_n_Out_log_2026-09-06_193227.json,2026-09-06,,,,,,,,1153.0,0.0,0.0,,,,,,,,,,,,,,,,,,33.0,,,,False,,2026-09-05 18:20:20-07:00,0.5666666666666667,False,36,2026-09-05 18:20:20-07:00,34.0,False
2508,60,2026-09-05 18:21:39-07:00,2026-09-05,18:21:39,drive_thru,car,CAR 1154  (+0:45),,4,In_n_Out_log_2026-09-06_193227.json,2026-09-06,,,,,,,,1154.0,0.0,0.0,,,,,,,,,,,,,,,,,,45.0,,,,False,,2026-09-05 18:20:54-07:00,0.75,False,36,2026-09-05 18:20:54-07:00,45.0,False
2509,60,2026-09-05 18:22:19-07:00,2026-09-05,18:22:19,drive_thru,car,CAR 1155  (+0:40),,4,In_n_Out_log_2026-09-06_193227.json,2026-09-06,,,,,,,,1155.0,0.0,0.0,,,,,,,,,,,,,,,,,,40.0,,,,False,,2026-09-05 18:21:39-07:00,0.6666666666666666,False,36,2026-09-05 18:21:39-07:00,40.0,False
2510,60,2026-09-05 18:22:41-07:00,2026-09-05,18:22:41,drive_thru,car,CAR 1156  (+0:23),,4,In_n_Out_log_2026-09-06_193227.json,2026-09-06,,,,,,,,1156.0,0.0,0.0,,,,,,,,,,,,,,,,,,23.0,,,,False,,2026-09-05 18:22:19-07:00,0.36666666666666664,False,36,2026-09-05 18:22:19-07:00,22.0,False
2513,60,2026-09-05 18:23:05-07:00,2026-09-05,18:23:05,drive_thru,car,CAR 1157  (+0:23),,4,In_n_Out_log_2026-09-06_193227.json,2026-09-06,,,,,,,,1157.0,0.0,0.0,,,,,,,,,,,,,,,,,,23.0,,,,False,,2026-09-05 18:22:41-07:00,0.4,False,36,2026-09-05 18:22:41-07:00,24.0,False
2514,60,2026-09-05 18:23:49-07:00,2026-09-05,18:23:49,drive_thru,car,CAR 1158  (+0:45),,4,In_n_Out_log_2026-09-06_193227.json,2026-09-06,,,,,,,,1158.0,0.0,0.0,,,,,,,,,,,,,,,,,,45.0,,,,False,,2026-09-05 18:23:05-07:00,0.7333333333333333,False,36,2026-09-05 18:23:05-07:00,44.0,False
2515,60,2026-09-05 18:24:31-07:00,2026-09-05,18:24:31,drive_thru,car,CAR 1159  (+0:42),,4,In_n_Out_log_2026-09-06_193227.json,2026-09-06,,,,,,,,1159.0,0.0,0.0,,,,,,,,,,,,,,,,,,42.0,,,,False,,2026-09-05 18:23:49-07:00,0.7,False,36,2026-09-05 18:23:49-07:00,42.0,False
2516,60,2026-09-05 18:25:28-07:00,2026-09-05,18:25:28,drive_thru,car,CAR 1160  (+0:56),,4,In_n_Out_log_2026-09-06_193227.json,2026-09-06,,,,,,,,1160.0,0.0,0.0,,,,,,,,,,,,,,,,,,56.0,,,,False,,2026-09-05 18:24:31-07:00,0.95,False,36,2026-09-05 18:24:31-07:00,57.0,False
2519,60,2026-09-05 18:26:06-07:00,2026-09-05,18:26:06,drive_thru,car,CAR 1161  (+0:38),,4,In_n_Out_log_2026-09-06_193227.json,2026-09-06,,,,,,,,1161.0,0.0,0.0,,,,,,,,,,,,,,,,,,38.0,,,,False,,2026-09-05 18:25:28-07:00,0.6333333333333333,False,36,2026-09-05 18:25:28-07:00,38.0,False
2521,60,2026-09-05 18:26:46-07:00,2026-09-05,18:26:46,drive_thru,car,CAR 1162  (+0:40),,4,In_n_Out_log_2026-09-06_193227.json,2026-09-06,,,,,,,,1162.0,0.0,0.0,,,,,,,,,,,,,,,,,,40.0,,,,False,,2026-09-05 18:26:06-07:00,0.6666666666666666,False,36,2026-09-05 18:26:06-07:00,40.0,False
2523,60,2026-09-05 18:27:59-07:00,2026-09-05,18:27:59,drive_thru,car,CAR 1163  (+1:12),,4,In_n_Out_log_2026-09-06_193227.json,2026-09-06,,,,,,,,1163.0,0.0,0.0,,,,,,,,,,,,,,,,,,72.0,,,,False,,2026-09-05 18:26:46-07:00,1.2166666666666666,False,36,2026-09-05 18:26:46-07:00,73.0,False
2524,60,2026-09-05 18:28:24-07:00,2026-09-05,18:28:24,drive_thru,car,CAR 1164  (+0:26),,4,In_n_Out_log_2026-09-06_193227.json,2026-09-06,,,,,,,,1164.0,0.0,0.0,,,,,,,,,,,,,,,,,,26.0,,,,False,,2026-09-05 18:27:59-07:00,0.4166666666666667,False,36,2026-09-05 18:27:59-07:00,25.0,False
2526,60,2026-09-05 18:29:14-07:00,2026-09-05,18:29:14,drive_thru,car,CAR 1165  (+0:50),,4,In_n_Out_log_2026-09-06_193227.json,2026-09-06,,,,,,,,1165.0,0.0,0.0,,,,,,,,,,,,,,,,,,50.0,,,,False,,2026-09-05 18:28:24-07:00,0.8333333333333334,False,36,2026-09-05 18:28:24-07:00,50.0,False
2531,60,2026-09-05 18:32:14-07:00,2026-09-05,18:32:14,drive_thru,car,CAR 1166  (+3:00),,4,In_n_Out_log_2026-09-06_193227.json,2026-09-06,,,,,,,,1166.0,0.0,0.0,,,,,,,,,,,,,,,,,,180.0,,,,False,,2026-09-05 18:29:14-07:00,3.0,False,36,2026-09-05 18:29:14-07:00,180.0,False
2532,60,2026-09-05 18:32:42-07:00,2026-09-05,18:32:42,drive_thru,car,CAR 1167  (+0:28),,4,In_n_Out_log_2026-09-06_193227.json,2026-09-06,,,,,,,,1167.0,0.0,0.0,,,,,,,,,,,,,,,,,,28.0,,,,False,,2026-09-05 18:32:14-07:00,0.4666666666666667,False,36,2026-09-05 18:32:14-07:00,28.0,False
2533,60,2026-09-05 18:33:29-07:00,2026-09-05,18:33:29,drive_thru,car,CAR 1168  (+0:47),,4,In_n_Out_log_2026-09-06_193227.json,2026-09-06,,,,,,,,1168.0,0.0,0.0,,,,,,,,,,,,,,,,,,47.0,,,,False,,2026-09-05 18:32:42-07:00,0.7833333333333333,False,36,2026-09-05 18:32:42-07:00,47.0,False
2535,60,2026-09-05 18:34:15-07:00,2026-09-05,18:34:15,drive_thru,car,CAR 1169  (+0:46),,4,In_n_Out_log_2026-09-06_193227.json,2026-09-06,,,,,,,,1169.0,0.0,0.0,,,,,,,,,,,,,,,,,,46.0,,,,False,,2026-09-05 18:33:29-07:00,0.7666666666666667,False,36,2026-09-05 18:33:29-07:00,46.0,False
2537,60,2026-09-05 18:34:52-07:00,2026-09-05,18:34:52,drive_thru,car,CAR 1170  (+0:38),,4,In_n_Out_log_2026-09-06_193227.json,2026-09-06,,,,,,,,1170.0,0.0,0.0,,,,,,,,,,,,,,,,,,38.0,,,,False,,2026-09-05 18:34:15-07:00,0.6166666666666667,False,36,2026-09-05 18:34:15-07:00,37.0,False
2538,60,2026-09-05 18:35:40-07:00,2026-09-05,18:35:40,drive_thru,car,CAR 1171  (+0:47),,4,In_n_Out_log_2026-09-06_193227.json,2026-09-06,,,,,,,,1171.0,0.0,0.0,,,,,,,,,,,,,,,,,,47.0,,,,False,,2026-09-05 18:34:52-07:00,0.8,False,36,2026-09-05 18:34:52-07:00,48.0,False
2539,60,2026-09-05 18:36:06-07:00,2026-09-05,18:36:06,drive_thru,car,CAR 1172  (+0:26),,4,In_n_Out_log_2026-09-06_193227.json,2026-09-06,,,,,,,,1172.0,0.0,0.0,,,,,,,,,,,,,,,,,,26.0,,,,False,,2026-09-05 18:35:40-07:00,0.43333333333333335,False,36,2026-09-05 18:35:40-07:00,26.0,False
2542,60,2026-09-05 18:37:03-07:00,2026-09-05,18:37:03,drive_thru,car,CAR 1173  (+0:58),,4,In_n_Out_log_2026-09-06_193227.json,2026-09-06,,,,,,,,1173.0,0.0,0.0,,,,,,,,,,,,,,,,,,58.0,,,,False,,2026-09-05 18:36:06-07:00,0.95,False,36,2026-09-05 18:36:06-07:00,57.0,False
2543,60,2026-09-05 18:37:25-07:00,2026-09-05,18:37:25,drive_thru,car,CAR 1174  (+0:22),,4,In_n_Out_log_2026-09-06_193227.json,2026-09-06,,,,,,,,1174.0,0.0,0.0,,,,,,,,,,,,,,,,,,22.0,,,,False,,2026-09-05 18:37:03-07:00,0.36666666666666664,False,36,2026-09-05 18:37:03-07:00,22.0,False
2545,60,2026-09-05 18:38:22-07:00,2026-09-05,18:38:22,drive_thru,car,CAR 1175  (+0:56),,4,In_n_Out_log_2026-09-06_193227.json,2026-09-06,,,,,,,,1175.0,0.0,0.0,,,,,,,,,,,,,,,,,,56.0,,,,False,,2026-09-05 18:37:25-07:00,0.95,False,36,2026-09-05 18:37:25-07:00,57.0,False
2547,60,2026-09-05 18:40:38-07:00,2026-09-05,18:40:38,drive_thru,car,CAR 1176  (+2:16),,4,In_n_Out_log_2026-09-06_193227.json,2026-09-06,,,,,,,,1176.0,0.0,0.0,,,,,,,,,,,,,,,,,,136.0,,,,False,,2026-09-05 18:38:22-07:00,2.2666666666666666,False,36,2026-09-05 18:38:22-07:00,136.0,False
2550,60,2026-09-05 18:41:37-07:00,2026-09-05,18:41:37,drive_thru,car,CAR 1177  (+0:59),,4,In_n_Out_log_2026-09-06_193227.json,2026-09-06,,,,,,,,1177.0,0.0,0.0,,,,,,,,,,,,,,,,,,59.0,,,,False,,2026-09-05 18:40:38-07:00,0.9833333333333333,False,36,2026-09-05 18:40:38-07:00,59.0,False
2551,60,2026-09-05 18:41:59-07:00,2026-09-05,18:41:59,drive_thru,car,CAR 1178  (+0:22),,4,In_n_Out_log_2026-09-06_193227.json,2026-09-06,,,,,,,,1178.0,0.0,0.0,,,,,,,,,,,,,,,,,,22.0,,,,False,,2026-09-05 18:41:37-07:00,0.36666666666666664,False,36,2026-09-05 18:41:37-07:00,22.0,False
2552,60,2026-09-05 18:42:13-07:00,2026-09-05,18:42:13,drive_thru,car,CAR 1179  (+0:14),,4,In_n_Out_log_2026-09-06_193227.json,2026-09-06,,,,,,,,1179.0,0.0,0.0,,,,,,,,,,,,,,,,,,14.0,,,,False,,2026-09-05 18:41:59-07:00,0.23333333333333334,False,36,2026-09-05 18:41:59-07:00,14.0,False
2559,60,2026-09-05 18:44:37-07:00,2026-09-05,18:44:37,drive_thru,car,CAR 1180  (+2:24),,4,In_n_Out_log_2026-09-06_193227.json,2026-09-06,,,,,,,,1180.0,0.0,0.0,,,,,,,,,,,,,,,,,,144.0,,,,False,,2026-09-05 18:42:13-07:00,2.4,False,36,2026-09-05 18:42:13-07:00,144.0,True
2560,60,2026-09-05 18:45:08-07:00,2026-09-05,18:45:08,drive_thru,car,CAR 1181  (+0:30),,4,In_n_Out_log_2026-09-06_193227.json,2026-09-06,,,,,,,,1181.0,0.0,0.0,,,,,,,,,,,,,,,,,,30.0,,,,False,,2026-09-05 18:44:37-07:00,0.5166666666666667,False,36,2026-09-05 18:44:37-07:00,31.0,False
2561,60,2026-09-05 18:45:39-07:00,2026-09-05,18:45:39,drive_thru,car,CAR 1182  (+0:32),,4,In_n_Out_log_2026-09-06_193227.json,2026-09-06,,,,,,,,1182.0,0.0,0.0,,,,,,,,,,,,,,,,,,32.0,,,,False,,2026-09-05 18:45:08-07:00,0.5166666666666667,False,36,2026-09-05 18:45:08-07:00,31.0,False
2567,60,2026-09-05 18:46:37-07:00,2026-09-05,18:46:37,drive_thru,car,CAR 1183  (+0:58),,4,In_n_Out_log_2026-09-06_193227.json,2026-09-06,,,,,,,,1183.0,0.0,0.0,,,,,,,,,,,,,,,,,,58.0,,,,False,,2026-09-05 18:45:39-07:00,0.9666666666666667,False,36,2026-09-05 18:45:39-07:00,58.0,True
2568,60,2026-09-05 18:47:20-07:00,2026-09-05,18:47:20,drive_thru,car,CAR 1184  (+0:42),,4,In_n_Out_log_2026-09-06_193227.json,2026-09-06,,,,,,,,1184.0,0.0,0.0,,,,,,,,,,,,,,,,,,42.0,,,,False,,2026-09-05 18:46:37-07:00,0.7166666666666667,False,36,2026-09-05 18:46:37-07:00,43.0,False
2569,60,2026-09-05 18:47:55-07:00,2026-09-05,18:47:55,drive_thru,car,CAR 1185  (+0:35),,4,In_n_Out_log_2026-09-06_193227.json,2026-09-06,,,,,,,,1185.0,0.0,0.0,,,,,,,,,,,,,,,,,,35.0,,,,False,,2026-09-05 18:47:20-07:00,0.5833333333333334,False,36,2026-09-05 18:47:20-07:00,35.0,False
2570,60,2026-09-05 18:48:47-07:00,2026-09-05,18:48:47,drive_thru,car,CAR 1186  (+0:52),,4,In_n_Out_log_2026-09-06_193227.json,2026-09-06,,,,,,,,1186.0,0.0,0.0,,,,,,,,,,,,,,,,,,52.0,,,,False,,2026-09-05 18:47:55-07:00,0.8666666666666667,False,36,2026-09-05 18:47:55-07:00,52.0,False
2573,60,2026-09-05 18:49:58-07:00,2026-09-05,18:49:58,drive_thru,car,CAR 1187  (+1:11),,4,In_n_Out_log_2026-09-06_193227.json,2026-09-06,,,,,,,,1187.0,0.0,0.0,,,,,,,,,,,,,,,,,,71.0,,,,False,,2026-09-05 18:48:47-07:00,1.1833333333333333,False,36,2026-09-05 18:48:47-07:00,71.0,False
2575,60,2026-09-05 18:50:24-07:00,2026-09-05,18:50:24,drive_thru,car,CAR 1188  (+0:26),,4,In_n_Out_log_2026-09-06_193227.json,2026-09-06,,,,,,,,1188.0,0.0,0.0,,,,,,,,,,,,,,,,,,26.0,,,,False,,2026-09-05 18:49:58-07:00,0.43333333333333335,False,36,2026-09-05 18:49:58-07:00,26.0,False
2576,60,2026-09-05 18:52:04-07:00,2026-09-05,18:52:04,drive_thru,car,CAR 1189  (+1:40),,4,In_n_Out_log_2026-09-06_193227.json,2026-09-06,,,,,,,,1189.0,0.0,0.0,,,,,,,,,,,,,,,,,,100.0,,,,False,,2026-09-05 18:50:24-07:00,1.6666666666666667,False,36,2026-09-05 18:50:24-07:00,100.0,False
2577,60,2026-09-05 18:52:24-07:00,2026-09-05,18:52:24,drive_thru,car,CAR 1190  (+0:20),,4,In_n_Out_log_2026-09-06_193227.json,2026-09-06,,,,,,,,1190.0,0.0,0.0,,,,,,,,,,,,,,,,,,20.0,,,,False,,2026-09-05 18:52:04-07:00,0.3333333333333333,False,36,2026-09-05 18:52:04-07:00,20.0,False
2578,60,2026-09-05 18:52:36-07:00,2026-09-05,18:52:36,drive_thru,car,CAR 1191  (+0:12),,4,In_n_Out_log_2026-09-06_193227.json,2026-09-06,,,,,,,,1191.0,0.0,0.0,,,,,,,,,,,,,,,,,,12.0,,,,False,,2026-09-05 18:52:24-07:00,0.2,False,36,2026-09-05 18:52:24-07:00,12.0,False
2580,60,2026-09-05 18:52:59-07:00,2026-09-05,18:52:59,drive_thru,car,CAR 1192  (+0:23),,4,In_n_Out_log_2026-09-06_193227.json,2026-09-06,,,,,,,,1192.0,0.0,0.0,,,,,,,,,,,,,,,,,,23.0,,,,False,,2026-09-05 18:52:36-07:00,0.38333333333333336,False,36,2026-09-05 18:52:36-07:00,23.0,False
2582,60,2026-09-05 18:53:38-07:00,2026-09-05,18:53:38,drive_thru,car,CAR 1193  (+0:39),,4,In_n_Out_log_2026-09-06_193227.json,2026-09-06,,,,,,,,1193.0,0.0,0.0,,,,,,,,,,,,,,,,,,39.0,,,,False,,2026-09-05 18:52:59-07:00,0.65,False,36,2026-09-05 18:52:59-07:00,39.0,False
2583,60,2026-09-05 18:53:58-07:00,2026-09-05,18:53:58,drive_thru,car,CAR 1194  (+0:20),,4,In_n_Out_log_2026-09-06_193227.json,2026-09-06,,,,,,,,1194.0,0.0,0.0,,,,,,,,,,,,,,,,,,20.0,,,,False,,2026-09-05 18:53:38-07:00,0.3333333333333333,False,36,2026-09-05 18:53:38-07:00,20.0,False
2588,60,2026-09-05 18:55:05-07:00,2026-09-05,18:55:05,drive_thru,car,CAR 1195  (+1:07),,4,In_n_Out_log_2026-09-06_193227.json,2026-09-06,,,,,,,,1195.0,0.0,0.0,,,,,,,,,,,,,,,,,,67.0,,,,False,,2026-09-05 18:53:58-07:00,1.1166666666666667,False,36,2026-09-05 18:53:58-07:00,67.0,True
2589,60,2026-09-05 18:55:53-07:00,2026-09-05,18:55:53,drive_thru,car,CAR 1196  (+0:48),,4,In_n_Out_log_2026-09-06_193227.json,2026-09-06,,,,,,,,1196.0,0.0,0.0,,,,,,,,,,,,,,,,,,48.0,,,,False,,2026-09-05 18:55:05-07:00,0.8,False,36,2026-09-05 18:55:05-07:00,48.0,False
2594,60,2026-09-05 18:57:32-07:00,2026-09-05,18:57:32,drive_thru,car,CAR 1197  (+1:38),,4,In_n_Out_log_2026-09-06_193227.json,2026-09-06,,,,,,,,1197.0,0.0,0.0,,,,,,,,,,,,,,,,,,98.0,,,,False,,2026-09-05 18:55:53-07:00,1.65,False,36,2026-09-05 18:55:53-07:00,99.0,True
2595,60,2026-09-05 18:58:50-07:00,2026-09-05,18:58:50,drive_thru,car,CAR 1198  (+1:18),,4,In_n_Out_log_2026-09-06_193227.json,2026-09-06,,,,,,,,1198.0,0.0,0.0,,,,,,,,,,,,,,,,,,78.0,,,,False,,2026-09-05 18:57:32-07:00,1.3,False,36,2026-09-05 18:57:32-07:00,78.0,False
2596,60,2026-09-05 18:59:18-07:00,2026-09-05,18:59:18,drive_thru,car,CAR 1199  (+0:29),,4,In_n_Out_log_2026-09-06_193227.json,2026-09-06,,,,,,,,1199.0,0.0,0.0,,,,,,,,,,,,,,,,,,29.0,,,,False,,2026-09-05 18:58:50-07:00,0.4666666666666667,False,36,2026-09-05 18:58:50-07:00,28.0,False
2597,60,2026-09-05 19:00:11-07:00,2026-09-05,19:00:11,drive_thru,car,CAR 1200  (+0:52),,4,In_n_Out_log_2026-09-06_193227.json,2026-09-06,,,,,,,,1200.0,0.0,0.0,,,,,,,,,,,,,,,,,,52.0,,,,False,,2026-09-05 18:59:18-07:00,0.8833333333333333,False,36,2026-09-05 18:59:18-07:00,53.0,False
2598,60,2026-09-05 19:00:50-07:00,2026-09-05,19:00:50,drive_thru,car,CAR 1201  (+0:40),,4,In_n_Out_log_2026-09-06_193227.json,2026-09-06,,,,,,,,1201.0,0.0,0.0,,,,,,,,,,,,,,,,,,40.0,,,,False,,2026-09-05 19:00:11-07:00,0.65,False,36,2026-09-05 19:00:11-07:00,39.0,False
2602,60,2026-09-05 19:02:53-07:00,2026-09-05,19:02:53,drive_thru,car,CAR 1202  (+2:03),,4,In_n_Out_log_2026-09-06_193227.json,2026-09-06,,,,,,,,1202.0,0.0,0.0,,,,,,,,,,,,,,,,,,123.0,,,,False,,2026-09-05 19:00:50-07:00,2.05,False,36,2026-09-05 19:00:50-07:00,123.0,True
2604,60,2026-09-05 19:03:23-07:00,2026-09-05,19:03:23,drive_thru,car,CAR 1203  (+0:30),,4,In_n_Out_log_2026-09-06_193227.json,2026-09-06,,,,,,,,1203.0,0.0,0.0,,,,,,,,,,,,,,,,,,30.0,,,,False,,2026-09-05 19:02:53-07:00,0.5,False,36,2026-09-05 19:02:53-07:00,30.0,False
2606,60,2026-09-05 19:03:42-07:00,2026-09-05,19:03:42,drive_thru,car,CAR 1204  (+0:19),,4,In_n_Out_log_2026-09-06_193227.json,2026-09-06,,,,,,,,1204.0,0.0,0.0,,,,,,,,,,,,,,,,,,19.0,,,,False,,2026-09-05 19:03:23-07:00,0.31666666666666665,False,36,2026-09-05 19:03:23-07:00,19.0,False
2607,60,2026-09-05 19:04:48-07:00,2026-09-05,19:04:48,drive_thru,car,CAR 1205  (+1:05),,4,In_n_Out_log_2026-09-06_193227.json,2026-09-06,,,,,,,,1205.0,0.0,0.0,,,,,,,,,,,,,,,,,,65.0,,,,False,,2026-09-05 19:03:42-07:00,1.1,False,36,2026-09-05 19:03:42-07:00,66.0,False
2608,60,2026-09-05 19:06:01-07:00,2026-09-05,19:06:01,drive_thru,car,CAR 1206  (+1:13),,4,In_n_Out_log_2026-09-06_193227.json,2026-09-06,,,,,,,,1206.0,0.0,0.0,,,,,,,,,,,,,,,,,,73.0,,,,False,,2026-09-05 19:04:48-07:00,1.2166666666666666,False,36,2026-09-05 19:04:48-07:00,73.0,False
2609,60,2026-09-05 19:06:30-07:00,2026-09-05,19:06:30,drive_thru,car,CAR 1207  (+0:29),,4,In_n_Out_log_2026-09-06_193227.json,2026-09-06,,,,,,,,1207.0,0.0,0.0,,,,,,,,,,,,,,,,,,29.0,,,,False,,2026-09-05 19:06:01-07:00,0.48333333333333334,False,36,2026-09-05 19:06:01-07:00,29.0,False
2611,60,2026-09-05 19:07:08-07:00,2026-09-05,19:07:08,drive_thru,car,CAR 1208  (+0:38),,4,In_n_Out_log_2026-09-06_193227.json,2026-09-06,,,,,,,,1208.0,0.0,0.0,,,,,,,,,,,,,,,,,,38.0,,,,False,,2026-09-05 19:06:30-07:00,0.6333333333333333,False,36,2026-09-05 19:06:30-07:00,38.0,False
2612,60,2026-09-05 19:07:40-07:00,2026-09-05,19:07:40,drive_thru,car,CAR 1209  (+0:33),,4,In_n_Out_log_2026-09-06_193227.json,2026-09-06,,,,,,,,1209.0,0.0,0.0,,,,,,,,,,,,,,,,,,33.0,,,,False,,2026-09-05 19:07:08-07:00,0.5333333333333333,False,36,2026-09-05 19:07:08-07:00,32.0,False
2614,60,2026-09-05 19:08:47-07:00,2026-09-05,19:08:47,drive_thru,car,CAR 1210  (+1:07),,4,In_n_Out_log_2026-09-06_193227.json,2026-09-06,,,,,,,,1210.0,0.0,0.0,,,,,,,,,,,,,,,,,,67.0,,,,False,,2026-09-05 19:07:40-07:00,1.1166666666666667,False,36,2026-09-05 19:07:40-07:00,67.0,False
2615,60,2026-09-05 19:09:11-07:00,2026-09-05,19:09:11,drive_thru,car,CAR 1211  (+0:23),,4,In_n_Out_log_2026-09-06_193227.json,2026-09-06,,,,,,,,1211.0,0.0,0.0,,,,,,,,,,,,,,,,,,23.0,,,,False,,2026-09-05 19:08:47-07:00,0.4,False,36,2026-09-05 19:08:47-07:00,24.0,False
2621,60,2026-09-05 19:11:43-07:00,2026-09-05,19:11:43,drive_thru,car,CAR 1212  (+2:33),,4,In_n_Out_log_2026-09-06_193227.json,2026-09-06,,,,,,,,1212.0,0.0,0.0,,,,,,,,,,,,,,,,,,153.0,,,,False,,2026-09-05 19:09:11-07:00,2.533333333333333,False,36,2026-09-05 19:09:11-07:00,152.0,True
2623,60,2026-09-05 19:12:19-07:00,2026-09-05,19:12:19,drive_thru,car,CAR 1213  (+0:36),,4,In_n_Out_log_2026-09-06_193227.json,2026-09-06,,,,,,,,1213.0,0.0,0.0,,,,,,,,,,,,,,,,,,36.0,,,,False,,2026-09-05 19:11:43-07:00,0.6,False,36,2026-09-05 19:11:43-07:00,36.0,False
2625,60,2026-09-05 19:12:54-07:00,2026-09-05,19:12:54,drive_thru,car,CAR 1214  (+0:35),,4,In_n_Out_log_2026-09-06_193227.json,2026-09-06,,,,,,,,1214.0,0.0,0.0,,,,,,,,,,,,,,,,,,35.0,,,,False,,2026-09-05 19:12:19-07:00,0.5833333333333334,False,36,2026-09-05 19:12:19-07:00,35.0,False
2627,60,2026-09-05 19:14:21-07:00,2026-09-05,19:14:21,drive_thru,car,CAR 1215  (+1:28),,4,In_n_Out_log_2026-09-06_193227.json,2026-09-06,,,,,,,,1215.0,0.0,0.0,,,,,,,,,,,,,,,,,,88.0,,,,False,,2026-09-05 19:12:54-07:00,1.45,False,36,2026-09-05 19:12:54-07:00,87.0,False
2632,60,2026-09-05 19:17:08-07:00,2026-09-05,19:17:08,drive_thru,car,CAR 1216  (+2:46),,4,In_n_Out_log_2026-09-06_193227.json,2026-09-06,,,,,,,,1216.0,0.0,0.0,,,,,,,,,,,,,,,,,,166.0,,,,False,,2026-09-05 19:14:21-07:00,2.783333333333333,False,36,2026-09-05 19:14:21-07:00,167.0,False
2633,60,2026-09-05 19:17:54-07:00,2026-09-05,19:17:54,drive_thru,car,CAR 1217  (+0:46),,4,In_n_Out_log_2026-09-06_193227.json,2026-09-06,,,,,,,,1217.0,0.0,0.0,,,,,,,,,,,,,,,,,,46.0,,,,False,,2026-09-05 19:17:08-07:00,0.7666666666666667,False,36,2026-09-05 19:17:08-07:00,46.0,False
2634,60,2026-09-05 19:18:16-07:00,2026-09-05,19:18:16,drive_thru,car,CAR 1218  (+0:22),,4,In_n_Out_log_2026-09-06_193227.json,2026-09-06,,,,,,,,1218.0,0.0,0.0,,,,,,,,,,,,,,,,,,22.0,,,,False,,2026-09-05 19:17:54-07:00,0.36666666666666664,False,36,2026-09-05 19:17:54-07:00,22.0,False
2636,60,2026-09-05 19:18:58-07:00,2026-09-05,19:18:58,drive_thru,car,CAR 1219  (+0:42),,4,In_n_Out_log_2026-09-06_193227.json,2026-09-06,,,,,,,,1219.0,0.0,0.0,,,,,,,,,,,,,,,,,,42.0,,,,False,,2026-09-05 19:18:16-07:00,0.7,False,36,2026-09-05 19:18:16-07:00,42.0,False
2637,60,2026-09-05 19:20:30-07:00,2026-09-05,19:20:30,drive_thru,car,CAR 1220  (+1:32),,4,In_n_Out_log_2026-09-06_193227.json,2026-09-06,,,,,,,,1220.0,0.0,0.0,,,,,,,,,,,,,,,,,,92.0,,,,False,,2026-09-05 19:18:58-07:00,1.5333333333333334,False,36,2026-09-05 19:18:58-07:00,92.0,False
2638,60,2026-09-05 19:21:02-07:00,2026-09-05,19:21:02,drive_thru,car,CAR 1221  (+0:32),,4,In_n_Out_log_2026-09-06_193227.json,2026-09-06,,,,,,,,1221.0,0.0,0.0,,,,,,,,,,,,,,,,,,32.0,,,,False,,2026-09-05 19:20:30-07:00,0.5333333333333333,False,36,2026-09-05 19:20:30-07:00,32.0,False
2640,60,2026-09-05 19:23:00-07:00,2026-09-05,19:23:00,drive_thru,car,CAR 1222  (+1:58),,4,In_n_Out_log_2026-09-06_193227.json,2026-09-06,,,,,,,,1222.0,0.0,0.0,,,,,,,,,,,,,,,,,,118.0,,,,False,,2026-09-05 19:21:02-07:00,1.9666666666666666,False,36,2026-09-05 19:21:02-07:00,118.0,False
2645,60,2026-09-05 19:24:39-07:00,2026-09-05,19:24:39,drive_thru,car,CAR 1223  (+1:39),,4,In_n_Out_log_2026-09-06_193227.json,2026-09-06,,,,,,,,1223.0,0.0,0.0,,,,,,,,,,,,,,,,,,99.0,,,,False,,2026-09-05 19:23:00-07:00,1.65,False,36,2026-09-05 19:23:00-07:00,99.0,True
2646,60,2026-09-05 19:26:02-07:00,2026-09-05,19:26:02,drive_thru,car,CAR 1224  (+1:23),,4,In_n_Out_log_2026-09-06_193227.json,2026-09-06,,,,,,,,1224.0,0.0,0.0,,,,,,,,,,,,,,,,,,83.0,,,,False,,2026-09-05 19:24:39-07:00,1.3833333333333333,False,36,2026-09-05 19:24:39-07:00,83.0,False
2648,60,2026-09-05 19:27:01-07:00,2026-09-05,19:27:01,drive_thru,car,CAR 1225  (+0:59),,4,In_n_Out_log_2026-09-06_193227.json,2026-09-06,,,,,,,,1225.0,0.0,0.0,,,,,,,,,,,,,,,,,,59.0,,,,False,,2026-09-05 19:26:02-07:00,0.9833333333333333,False,36,2026-09-05 19:26:02-07:00,59.0,False
2649,60,2026-09-05 19:27:47-07:00,2026-09-05,19:27:47,drive_thru,car,CAR 1226  (+0:46),,4,In_n_Out_log_2026-09-06_193227.json,2026-09-06,,,,,,,,1226.0,0.0,0.0,,,,,,,,,,,,,,,,,,46.0,,,,False,,2026-09-05 19:27:01-07:00,0.7666666666666667,False,36,2026-09-05 19:27:01-07:00,46.0,False
2651,60,2026-09-05 19:28:21-07:00,2026-09-05,19:28:21,drive_thru,car,CAR 1227  (+0:34),,4,In_n_Out_log_2026-09-06_193227.json,2026-09-06,,,,,,,,1227.0,0.0,0.0,,,,,,,,,,,,,,,,,,34.0,,,,False,,2026-09-05 19:27:47-07:00,0.5666666666666667,False,36,2026-09-05 19:27:47-07:00,34.0,False
2652,60,2026-09-05 19:28:53-07:00,2026-09-05,19:28:53,drive_thru,car,CAR 1228  (+0:32),,4,In_n_Out_log_2026-09-06_193227.json,2026-09-06,,,,,,,,1228.0,0.0,0.0,,,,,,,,,,,,,,,,,,32.0,,,,False,,2026-09-05 19:28:21-07:00,0.5333333333333333,False,36,2026-09-05 19:28:21-07:00,32.0,False
2655,60,2026-09-05 19:30:16-07:00,2026-09-05,19:30:16,drive_thru,car,CAR 1229  (+1:23),,4,In_n_Out_log_2026-09-06_193227.json,2026-09-06,,,,,,,,1229.0,0.0,0.0,,,,,,,,,,,,,,,,,,83.0,,,,False,,2026-09-05 19:28:53-07:00,1.3833333333333333,False,36,2026-09-05 19:28:53-07:00,83.0,False
2656,60,2026-09-05 19:31:43-07:00,2026-09-05,19:31:43,drive_thru,car,CAR 1230  (+1:27),,4,In_n_Out_log_2026-09-06_193227.json,2026-09-06,,,,,,,,1230.0,0.0,0.0,,,,,,,,,,,,,,,,,,87.0,,,,False,,2026-09-05 19:30:16-07:00,1.45,False,36,2026-09-05 19:30:16-07:00,87.0,False
2658,60,2026-09-05 19:32:22-07:00,2026-09-05,19:32:22,drive_thru,car,CAR 1231  (+0:39),,4,In_n_Out_log_2026-09-06_193227.json,2026-09-06,,,,,,,,1231.0,0.0,0.0,,,,,,,,,,,,,,,,,,39.0,,,,False,,2026-09-05 19:31:43-07:00,0.65,False,36,2026-09-05 19:31:43-07:00,39.0,False
2661,60,2026-09-05 19:32:58-07:00,2026-09-05,19:32:58,drive_thru,car,CAR 1232  (+0:36),,4,In_n_Out_log_2026-09-06_193227.json,2026-09-06,,,,,,,,1232.0,0.0,0.0,,,,,,,,,,,,,,,,,,36.0,,,,False,,2026-09-05 19:32:22-07:00,0.6,False,36,2026-09-05 19:32:22-07:00,36.0,False
2664,60,2026-09-05 19:33:48-07:00,2026-09-05,19:33:48,drive_thru,car,CAR 1233  (+0:50),,4,In_n_Out_log_2026-09-06_193227.json,2026-09-06,,,,,,,,1233.0,0.0,0.0,,,,,,,,,,,,,,,,,,50.0,,,,False,,2026-09-05 19:32:58-07:00,0.8333333333333334,False,36,2026-09-05 19:32:58-07:00,50.0,True
2668,60,2026-09-05 19:35:47-07:00,2026-09-05,19:35:47,drive_thru,car,CAR 1234  (+1:59),,4,In_n_Out_log_2026-09-06_193227.json,2026-09-06,,,,,,,,1234.0,0.0,0.0,,,,,,,,,,,,,,,,,,119.0,,,,False,,2026-09-05 19:33:48-07:00,1.9833333333333334,False,36,2026-09-05 19:33:48-07:00,119.0,True
2670,60,2026-09-05 19:37:17-07:00,2026-09-05,19:37:17,drive_thru,car,CAR 1235  (+1:30),,4,In_n_Out_log_2026-09-06_193227.json,2026-09-06,,,,,,,,1235.0,0.0,0.0,,,,,,,,,,,,,,,,,,90.0,,,,False,,2026-09-05 19:35:47-07:00,1.5,False,36,2026-09-05 19:35:47-07:00,90.0,False
2672,60,2026-09-05 19:38:58-07:00,2026-09-05,19:38:58,drive_thru,car,CAR 1236  (+1:41),,4,In_n_Out_log_2026-09-06_193227.json,2026-09-06,,,,,,,,1236.0,0.0,0.0,,,,,,,,,,,,,,,,,,101.0,,,,False,,2026-09-05 19:37:17-07:00,1.6833333333333333,False,36,2026-09-05 19:37:17-07:00,101.0,False
2675,60,2026-09-05 19:40:31-07:00,2026-09-05,19:40:31,drive_thru,car,CAR 1237  (+1:32),,4,In_n_Out_log_2026-09-06_193227.json,2026-09-06,,,,,,,,1237.0,0.0,0.0,,,,,,,,,,,,,,,,,,92.0,,,,False,,2026-09-05 19:38:58-07:00,1.55,False,36,2026-09-05 19:38:58-07:00,93.0,False
2677,60,2026-09-05 19:41:14-07:00,2026-09-05,19:41:14,drive_thru,car,CAR 1238  (+0:43),,4,In_n_Out_log_2026-09-06_193227.json,2026-09-06,,,,,,,,1238.0,0.0,0.0,,,,,,,,,,,,,,,,,,43.0,,,,False,,2026-09-05 19:40:31-07:00,0.7166666666666667,False,36,2026-09-05 19:40:31-07:00,43.0,False
2678,60,2026-09-05 19:41:41-07:00,2026-09-05,19:41:41,drive_thru,car,CAR 1239  (+0:27),,4,In_n_Out_log_2026-09-06_193227.json,2026-09-06,,,,,,,,1239.0,0.0,0.0,,,,,,,,,,,,,,,,,,27.0,,,,False,,2026-09-05 19:41:14-07:00,0.45,False,36,2026-09-05 19:41:14-07:00,27.0,False
2679,60,2026-09-05 19:43:03-07:00,2026-09-05,19:43:03,drive_thru,car,CAR 1240  (+1:22),,4,In_n_Out_log_2026-09-06_193227.json,2026-09-06,,,,,,,,1240.0,0.0,0.0,,,,,,,,,,,,,,,,,,82.0,,,,False,,2026-09-05 19:41:41-07:00,1.3666666666666667,False,36,2026-09-05 19:41:41-07:00,82.0,False
2680,60,2026-09-05 19:43:37-07:00,2026-09-05,19:43:37,drive_thru,car,CAR 1241  (+0:34),,4,In_n_Out_log_2026-09-06_193227.json,2026-09-06,,,,,,,,1241.0,0.0,0.0,,,,,,,,,,,,,,,,,,34.0,,,,False,,2026-09-05 19:43:03-07:00,0.5666666666666667,False,36,2026-09-05 19:43:03-07:00,34.0,False
2681,60,2026-09-05 19:44:06-07:00,2026-09-05,19:44:06,drive_thru,car,CAR 1242  (+0:29),,4,In_n_Out_log_2026-09-06_193227.json,2026-09-06,,,,,,,,1242.0,0.0,0.0,,,,,,,,,,,,,,,,,,29.0,,,,False,,2026-09-05 19:43:37-07:00,0.48333333333333334,False,36,2026-09-05 19:43:37-07:00,29.0,False
2686,60,2026-09-05 19:47:37-07:00,2026-09-05,19:47:37,drive_thru,car,CAR 1243  (+3:30),,4,In_n_Out_log_2026-09-06_193227.json,2026-09-06,,,,,,,,1243.0,0.0,0.0,,,,,,,,,,,,,,,,,,210.0,,,,False,,2026-09-05 19:44:06-07:00,3.5166666666666666,False,36,2026-09-05 19:44:06-07:00,211.0,False
2688,60,2026-09-05 19:48:16-07:00,2026-09-05,19:48:16,drive_thru,car,CAR 1244  (+0:39),,4,In_n_Out_log_2026-09-06_193227.json,2026-09-06,,,,,,,,1244.0,0.0,0.0,,,,,,,,,,,,,,,,,,39.0,,,,False,,2026-09-05 19:47:37-07:00,0.65,False,36,2026-09-05 19:47:37-07:00,39.0,False
2689,60,2026-09-05 19:48:58-07:00,2026-09-05,19:48:58,drive_thru,car,CAR 1245  (+0:41),,4,In_n_Out_log_2026-09-06_193227.json,2026-09-06,,,,,,,,1245.0,0.0,0.0,,,,,,,,,,,,,,,,,,41.0,,,,False,,2026-09-05 19:48:16-07:00,0.7,False,36,2026-09-05 19:48:16-07:00,42.0,False
2693,60,2026-09-05 19:50:24-07:00,2026-09-05,19:50:24,drive_thru,car,CAR 1246  (+1:26),,4,In_n_Out_log_2026-09-06_193227.json,2026-09-06,,,,,,,,1246.0,0.0,0.0,,,,,,,,,,,,,,,,,,86.0,,,,False,,2026-09-05 19:48:58-07:00,1.4333333333333333,False,36,2026-09-05 19:48:58-07:00,86.0,True
2694,60,2026-09-05 19:50:53-07:00,2026-09-05,19:50:53,drive_thru,car,CAR 1247  (+0:29),,4,In_n_Out_log_2026-09-06_193227.json,2026-09-06,,,,,,,,1247.0,0.0,0.0,,,,,,,,,,,,,,,,,,29.0,,,,False,,2026-09-05 19:50:24-07:00,0.48333333333333334,False,36,2026-09-05 19:50:24-07:00,29.0,False
2695,60,2026-09-05 19:51:15-07:00,2026-09-05,19:51:15,drive_thru,car,CAR 1248  (+0:22),,4,In_n_Out_log_2026-09-06_193227.json,2026-09-06,,,,,,,,1248.0,0.0,0.0,,,,,,,,,,,,,,,,,,22.0,,,,False,,2026-09-05 19:50:53-07:00,0.36666666666666664,False,36,2026-09-05 19:50:53-07:00,22.0,False
2696,60,2026-09-05 19:51:45-07:00,2026-09-05,19:51:45,drive_thru,car,CAR 1249  (+0:30),,4,In_n_Out_log_2026-09-06_193227.json,2026-09-06,,,,,,,,1249.0,0.0,0.0,,,,,,,,,,,,,,,,,,30.0,,,,False,,2026-09-05 19:51:15-07:00,0.5,False,36,2026-09-05 19:51:15-07:00,30.0,False
2698,60,2026-09-05 19:52:18-07:00,2026-09-05,19:52:18,drive_thru,car,CAR 1250  (+0:33),,4,In_n_Out_log_2026-09-06_193227.json,2026-09-06,,,,,,,,1250.0,0.0,0.0,,,,,,,,,,,,,,,,,,33.0,,,,False,,2026-09-05 19:51:45-07:00,0.55,False,36,2026-09-05 19:51:45-07:00,33.0,False
2699,60,2026-09-05 19:53:11-07:00,2026-09-05,19:53:11,drive_thru,car,CAR 1251  (+0:53),,4,In_n_Out_log_2026-09-06_193227.json,2026-09-06,,,,,,,,1251.0,0.0,0.0,,,,,,,,,,,,,,,,,,53.0,,,,False,,2026-09-05 19:52:18-07:00,0.8833333333333333,False,36,2026-09-05 19:52:18-07:00,53.0,False
2700,60,2026-09-05 19:53:38-07:00,2026-09-05,19:53:38,drive_thru,car,CAR 1252  (+0:28),,4,In_n_Out_log_2026-09-06_193227.json,2026-09-06,,,,,,,,1252.0,0.0,0.0,,,,,,,,,,,,,,,,,,28.0,,,,False,,2026-09-05 19:53:11-07:00,0.45,False,36,2026-09-05 19:53:11-07:00,27.0,False
2703,60,2026-09-05 19:54:54-07:00,2026-09-05,19:54:54,drive_thru,car,CAR 1253  (+1:15),,4,In_n_Out_log_2026-09-06_193227.json,2026-09-06,,,,,,,,1253.0,0.0,0.0,,,,,,,,,,,,,,,,,,75.0,,,,False,,2026-09-05 19:53:38-07:00,1.2666666666666666,False,36,2026-09-05 19:53:38-07:00,76.0,False
2705,60,2026-09-05 19:55:53-07:00,2026-09-05,19:55:53,drive_thru,car,CAR 1254  (+0:59),,4,In_n_Out_log_2026-09-06_193227.json,2026-09-06,,,,,,,,1254.0,0.0,0.0,,,,,,,,,,,,,,,,,,59.0,,,,False,,2026-09-05 19:54:54-07:00,0.9833333333333333,False,36,2026-09-05 19:54:54-07:00,59.0,False
2706,60,2026-09-05 19:56:23-07:00,2026-09-05,19:56:23,drive_thru,car,CAR 1255  (+0:30),,4,In_n_Out_log_2026-09-06_193227.json,2026-09-06,,,,,,,,1255.0,0.0,0.0,,,,,,,,,,,,,,,,,,30.0,,,,False,,2026-09-05 19:55:53-07:00,0.5,False,36,2026-09-05 19:55:53-07:00,30.0,False
2710,60,2026-09-05 19:57:54-07:00,2026-09-05,19:57:54,drive_thru,car,CAR 1256  (+1:30),,4,In_n_Out_log_2026-09-06_193227.json,2026-09-06,,,,,,,,1256.0,0.0,0.0,,,,,,,,,,,,,,,,,,90.0,,,,False,,2026-09-05 19:56:23-07:00,1.5166666666666666,False,36,2026-09-05 19:56:23-07:00,91.0,True
2711,60,2026-09-05 19:59:23-07:00,2026-09-05,19:59:23,drive_thru,car,CAR 1257  (+1:29),,4,In_n_Out_log_2026-09-06_193227.json,2026-09-06,,,,,,,,1257.0,0.0,0.0,,,,,,,,,,,,,,,,,,89.0,,,,False,,2026-09-05 19:57:54-07:00,1.4833333333333334,False,36,2026-09-05 19:57:54-07:00,89.0,False
2712,60,2026-09-05 19:59:52-07:00,2026-09-05,19:59:52,drive_thru,car,CAR 1258  (+0:29),,4,In_n_Out_log_2026-09-06_193227.json,2026-09-06,,,,,,,,1258.0,0.0,0.0,,,,,,,,,,,,,,,,,,29.0,,,,False,,2026-09-05 19:59:23-07:00,0.48333333333333334,False,36,2026-09-05 19:59:23-07:00,29.0,False
2714,60,2026-09-05 20:00:32-07:00,2026-09-05,20:00:32,drive_thru,car,CAR 1259  (+0:40),,4,In_n_Out_log_2026-09-06_193227.json,2026-09-06,,,,,,,,1259.0,0.0,0.0,,,,,,,,,,,,,,,,,,40.0,,,,False,,2026-09-05 19:59:52-07:00,0.6666666666666666,False,36,2026-09-05 19:59:52-07:00,40.0,False
2715,60,2026-09-05 20:01:06-07:00,2026-09-05,20:01:06,drive_thru,car,CAR 1260  (+0:34),,4,In_n_Out_log_2026-09-06_193227.json,2026-09-06,,,,,,,,1260.0,0.0,0.0,,,,,,,,,,,,,,,,,,34.0,,,,False,,2026-09-05 20:00:32-07:00,0.5666666666666667,False,36,2026-09-05 20:00:32-07:00,34.0,False
2718,60,2026-09-05 20:04:42-07:00,2026-09-05,20:04:42,drive_thru,car,CAR 1261  (+3:36),,4,In_n_Out_log_2026-09-06_193227.json,2026-09-06,,,,,,,,1261.0,0.0,0.0,,,,,,,,,,,,,,,,,,216.0,,,,False,,2026-09-05 20:01:06-07:00,3.6,False,36,2026-09-05 20:01:06-07:00,216.0,False
2719,60,2026-09-05 20:06:11-07:00,2026-09-05,20:06:11,drive_thru,car,CAR 1262  (+1:29),,4,In_n_Out_log_2026-09-06_193227.json,2026-09-06,,,,,,,,1262.0,0.0,0.0,,,,,,,,,,,,,,,,,,89.0,,,,False,,2026-09-05 20:04:42-07:00,1.4833333333333334,False,36,2026-09-05 20:04:42-07:00,89.0,False
2723,60,2026-09-05 20:08:02-07:00,2026-09-05,20:08:02,drive_thru,car,CAR 1263  (+1:52),,4,In_n_Out_log_2026-09-06_193227.json,2026-09-06,,,,,,,,1263.0,0.0,0.0,,,,,,,,,,,,,,,,,,112.0,,,,False,,2026-09-05 20:06:11-07:00,1.85,False,36,2026-09-05 20:06:11-07:00,111.0,False
2724,60,2026-09-05 20:08:35-07:00,2026-09-05,20:08:35,drive_thru,car,CAR 1264  (+0:32),,4,In_n_Out_log_2026-09-06_193227.json,2026-09-06,,,,,,,,1264.0,0.0,0.0,,,,,,,,,,,,,,,,,,32.0,,,,False,,2026-09-05 20:08:02-07:00,0.55,False,36,2026-09-05 20:08:02-07:00,33.0,False
2725,60,2026-09-05 20:09:20-07:00,2026-09-05,20:09:20,drive_thru,car,CAR 1265  (+0:46),,4,In_n_Out_log_2026-09-06_193227.json,2026-09-06,,,,,,,,1265.0,0.0,0.0,,,,,,,,,,,,,,,,,,46.0,,,,False,,2026-09-05 20:08:35-07:00,0.75,False,36,2026-09-05 20:08:35-07:00,45.0,False
2727,60,2026-09-05 20:10:00-07:00,2026-09-05,20:10:00,drive_thru,car,CAR 1266  (+0:40),,4,In_n_Out_log_2026-09-06_193227.json,2026-09-06,,,,,,,,1266.0,0.0,0.0,,,,,,,,,,,,,,,,,,40.0,,,,False,,2026-09-05 20:09:20-07:00,0.6666666666666666,False,36,2026-09-05 20:09:20-07:00,40.0,False
2734,60,2026-09-05 20:14:52-07:00,2026-09-05,20:14:52,drive_thru,car,CAR 1267  (+4:52),,4,In_n_Out_log_2026-09-06_193227.json,2026-09-06,,,,,,,,1267.0,0.0,0.0,,,,,,,,,,,,,,,,,,292.0,,,,False,,2026-09-05 20:10:00-07:00,4.866666666666666,False,36,2026-09-05 20:10:00-07:00,292.0,True
2735,60,2026-09-05 20:16:14-07:00,2026-09-05,20:16:14,drive_thru,car,CAR 1268  (+1:21),,4,In_n_Out_log_2026-09-06_193227.json,2026-09-06,,,,,,,,1268.0,0.0,0.0,,,,,,,,,,,,,,,,,,81.0,,,,False,,2026-09-05 20:14:52-07:00,1.3666666666666667,False,36,2026-09-05 20:14:52-07:00,82.0,False
2736,60,2026-09-05 20:16:47-07:00,2026-09-05,20:16:47,drive_thru,car,CAR 1269  (+0:33),,4,In_n_Out_log_2026-09-06_193227.json,2026-09-06,,,,,,,,1269.0,0.0,0.0,,,,,,,,,,,,,,,,,,33.0,,,,False,,2026-09-05 20:16:14-07:00,0.55,False,36,2026-09-05 20:16:14-07:00,33.0,False
2737,60,2026-09-05 20:17:28-07:00,2026-09-05,20:17:28,drive_thru,car,CAR 1270  (+0:41),,4,In_n_Out_log_2026-09-06_193227.json,2026-09-06,,,,,,,,1270.0,0.0,0.0,,,,,,,,,,,,,,,,,,41.0,,,,False,,2026-09-05 20:16:47-07:00,0.6833333333333333,False,36,2026-09-05 20:16:47-07:00,41.0,False
2738,60,2026-09-05 20:18:17-07:00,2026-09-05,20:18:17,drive_thru,car,CAR 1271  (+0:49),,4,In_n_Out_log_2026-09-06_193227.json,2026-09-06,,,,,,,,1271.0,0.0,0.0,,,,,,,,,,,,,,,,,,49.0,,,,False,,2026-09-05 20:17:28-07:00,0.8166666666666667,False,36,2026-09-05 20:17:28-07:00,49.0,False
2741,60,2026-09-05 20:18:52-07:00,2026-09-05,20:18:52,drive_thru,car,CAR 1272  (+0:35),,4,In_n_Out_log_2026-09-06_193227.json,2026-09-06,,,,,,,,1272.0,0.0,0.0,,,,,,,,,,,,,,,,,,35.0,,,,False,,2026-09-05 20:18:17-07:00,0.5833333333333334,False,36,2026-09-05 20:18:17-07:00,35.0,False
2742,60,2026-09-05 20:19:36-07:00,2026-09-05,20:19:36,drive_thru,car,CAR 1273  (+0:44),,4,In_n_Out_log_2026-09-06_193227.json,2026-09-06,,,,,,,,1273.0,0.0,0.0,,,,,,,,,,,,,,,,,,44.0,,,,False,,2026-09-05 20:18:52-07:00,0.7333333333333333,False,36,2026-09-05 20:18:52-07:00,44.0,False
2743,60,2026-09-05 20:19:48-07:00,2026-09-05,20:19:48,drive_thru,car,CAR 1274  (+0:13),,4,In_n_Out_log_2026-09-06_193227.json,2026-09-06,,,,,,,,1274.0,0.0,0.0,,,,,,,,,,,,,,,,,,13.0,,,,False,,2026-09-05 20:19:36-07:00,0.2,False,36,2026-09-05 20:19:36-07:00,12.0,False
2744,60,2026-09-05 20:20:51-07:00,2026-09-05,20:20:51,drive_thru,car,CAR 1275  (+1:03),,4,In_n_Out_log_2026-09-06_193227.json,2026-09-06,,,,,,,,1275.0,0.0,0.0,,,,,,,,,,,,,,,,,,63.0,,,,False,,2026-09-05 20:19:48-07:00,1.05,False,36,2026-09-05 20:19:48-07:00,63.0,False
2745,60,2026-09-05 20:24:29-07:00,2026-09-05,20:24:29,drive_thru,car,CAR 1276  (+3:38),,4,In_n_Out_log_2026-09-06_193227.json,2026-09-06,,,,,,,,1276.0,0.0,0.0,,,,,,,,,,,,,,,,,,218.0,,,,False,,2026-09-05 20:20:51-07:00,3.6333333333333333,False,36,2026-09-05 20:20:51-07:00,218.0,False
2747,60,2026-09-05 20:25:57-07:00,2026-09-05,20:25:57,drive_thru,car,CAR 1277  (+1:28),,4,In_n_Out_log_2026-09-06_193227.json,2026-09-06,,,,,,,,1277.0,0.0,0.0,,,,,,,,,,,,,,,,,,88.0,,,,False,,2026-09-05 20:24:29-07:00,1.4666666666666666,False,36,2026-09-05 20:24:29-07:00,88.0,False
2749,60,2026-09-05 20:26:17-07:00,2026-09-05,20:26:17,drive_thru,car,CAR 1278  (+0:19),,4,In_n_Out_log_2026-09-06_193227.json,2026-09-06,,,,,,,,1278.0,0.0,0.0,,,,,,,,,,,,,,,,,,19.0,,,,False,,2026-09-05 20:25:57-07:00,0.3333333333333333,False,36,2026-09-05 20:25:57-07:00,20.0,False
2750,60,2026-09-05 20:26:33-07:00,2026-09-05,20:26:33,drive_thru,car,CAR 1279  (+0:17),,4,In_n_Out_log_2026-09-06_193227.json,2026-09-06,,,,,,,,1279.0,0.0,0.0,,,,,,,,,,,,,,,,,,17.0,,,,False,,2026-09-05 20:26:17-07:00,0.26666666666666666,False,36,2026-09-05 20:26:17-07:00,16.0,False
2753,60,2026-09-05 20:27:51-07:00,2026-09-05,20:27:51,drive_thru,car,CAR 1280  (+1:18),,4,In_n_Out_log_2026-09-06_193227.json,2026-09-06,,,,,,,,1280.0,0.0,0.0,,,,,,,,,,,,,,,,,,78.0,,,,False,,2026-09-05 20:26:33-07:00,1.3,False,36,2026-09-05 20:26:33-07:00,78.0,False
2760,60,2026-09-05 20:30:50-07:00,2026-09-05,20:30:50,drive_thru,car,CAR 1281  (+2:59),,4,In_n_Out_log_2026-09-06_193227.json,2026-09-06,,,,,,,,1281.0,0.0,0.0,,,,,,,,,,,,,,,,,,179.0,,,,False,,2026-09-05 20:27:51-07:00,2.9833333333333334,False,36,2026-09-05 20:27:51-07:00,179.0,False
2762,60,2026-09-05 20:31:24-07:00,2026-09-05,20:31:24,drive_thru,car,CAR 1282  (+0:34),,4,In_n_Out_log_2026-09-06_193227.json,2026-09-06,,,,,,,,1282.0,0.0,0.0,,,,,,,,,,,,,,,,,,34.0,,,,False,,2026-09-05 20:30:50-07:00,0.5666666666666667,False,36,2026-09-05 20:30:50-07:00,34.0,False
2763,60,2026-09-05 20:31:38-07:00,2026-09-05,20:31:38,drive_thru,car,CAR 1283  (+0:14),,4,In_n_Out_log_2026-09-06_193227.json,2026-09-06,,,,,,,,1283.0,0.0,0.0,,,,,,,,,,,,,,,,,,14.0,,,,False,,2026-09-05 20:31:24-07:00,0.23333333333333334,False,36,2026-09-05 20:31:24-07:00,14.0,False
2783,64,2026-09-06 18:27:14-07:00,2026-09-06,18:27:14,drive_thru,car,CAR 1286,,4,In_n_Out_log_2026-09-06_193227.json,2026-09-06,,,,,,,,1286.0,0.0,0.0,,,,,,,,,,,,,,,,,,,,,,False,,2026-09-06 18:24:44-07:00,2.5,False,37,2026-09-06 18:24:44-07:00,150.0,False
2784,64,2026-09-06 18:27:36-07:00,2026-09-06,18:27:36,drive_thru,car,CAR 1287  (+0:23),,4,In_n_Out_log_2026-09-06_193227.json,2026-09-06,,,,,,,,1287.0,0.0,0.0,,,,,,,,,,,,,,,,,,23.0,,,,False,,2026-09-06 18:27:14-07:00,0.36666666666666664,False,37,2026-09-06 18:27:14-07:00,22.0,False
2789,64,2026-09-06 18:28:23-07:00,2026-09-06,18:28:23,drive_thru,car,CAR 1288  (+0:47),,4,In_n_Out_log_2026-09-06_193227.json,2026-09-06,,,,,,,,1288.0,0.0,0.0,,,,,,,,,,,,,,,,,,47.0,,,,False,,2026-09-06 18:27:36-07:00,0.7833333333333333,False,37,2026-09-06 18:27:36-07:00,47.0,False
2790,64,2026-09-06 18:29:47-07:00,2026-09-06,18:29:47,drive_thru,car,CAR 1289  (+1:24),,4,In_n_Out_log_2026-09-06_193227.json,2026-09-06,,,,,,,,1289.0,0.0,0.0,,,,,,,,,,,,,,,,,,84.0,,,,False,,2026-09-06 18:28:23-07:00,1.4,False,37,2026-09-06 18:28:23-07:00,84.0,False
2793,64,2026-09-06 18:30:48-07:00,2026-09-06,18:30:48,drive_thru,car,CAR 1290  (+1:01),,4,In_n_Out_log_2026-09-06_193227.json,2026-09-06,,,,,,,,1290.0,0.0,0.0,,,,,,,,,,,,,,,,,,61.0,,,,False,,2026-09-06 18:29:47-07:00,1.0166666666666666,False,37,2026-09-06 18:29:47-07:00,61.0,False
2795,64,2026-09-06 18:31:11-07:00,2026-09-06,18:31:11,drive_thru,car,CAR 1291  (+0:24),,4,In_n_Out_log_2026-09-06_193227.json,2026-09-06,,,,,,,,1291.0,0.0,0.0,,,,,,,,,,,,,,,,,,24.0,,,,False,,2026-09-06 18:30:48-07:00,0.38333333333333336,False,37,2026-09-06 18:30:48-07:00,23.0,False
2796,64,2026-09-06 18:32:26-07:00,2026-09-06,18:32:26,drive_thru,car,CAR 1292  (+1:15),,4,In_n_Out_log_2026-09-06_193227.json,2026-09-06,,,,,,,,1292.0,0.0,0.0,,,,,,,,,,,,,,,,,,75.0,,,,False,,2026-09-06 18:31:11-07:00,1.25,False,37,2026-09-06 18:31:11-07:00,75.0,False
2798,64,2026-09-06 18:33:16-07:00,2026-09-06,18:33:16,drive_thru,car,CAR 1293  (+0:50),,4,In_n_Out_log_2026-09-06_193227.json,2026-09-06,,,,,,,,1293.0,0.0,0.0,,,,,,,,,,,,,,,,,,50.0,,,,False,,2026-09-06 18:32:26-07:00,0.8333333333333334,False,37,2026-09-06 18:32:26-07:00,50.0,False
2800,64,2026-09-06 18:36:26-07:00,2026-09-06,18:36:26,drive_thru,car,CAR 1294  (+3:10),,4,In_n_Out_log_2026-09-06_193227.json,2026-09-06,,,,,,,,1294.0,0.0,0.0,,,,,,,,,,,,,,,,,,190.0,,,,False,,2026-09-06 18:33:16-07:00,3.1666666666666665,False,37,2026-09-06 18:33:16-07:00,190.0,False
2801,64,2026-09-06 18:37:00-07:00,2026-09-06,18:37:00,drive_thru,car,CAR 1295  (+0:34),,4,In_n_Out_log_2026-09-06_193227.json,2026-09-06,,,,,,,,1295.0,0.0,0.0,,,,,,,,,,,,,,,,,,34.0,,,,False,,2026-09-06 18:36:26-07:00,0.5666666666666667,False,37,2026-09-06 18:36:26-07:00,34.0,False
2802,64,2026-09-06 18:37:27-07:00,2026-09-06,18:37:27,drive_thru,car,CAR 1296  (+0:27),,4,In_n_Out_log_2026-09-06_193227.json,2026-09-06,,,,,,,,1296.0,0.0,0.0,,,,,,,,,,,,,,,,,,27.0,,,,False,,2026-09-06 18:37:00-07:00,0.45,False,37,2026-09-06 18:37:00-07:00,27.0,False
2806,64,2026-09-06 18:38:18-07:00,2026-09-06,18:38:18,drive_thru,car,CAR 1297  (+0:51),,4,In_n_Out_log_2026-09-06_193227.json,2026-09-06,,,,,,,,1297.0,0.0,0.0,,,,,,,,,,,,,,,,,,51.0,,,,False,,2026-09-06 18:37:27-07:00,0.85,False,37,2026-09-06 18:37:27-07:00,51.0,False
2815,64,2026-09-06 18:42:42-07:00,2026-09-06,18:42:42,drive_thru,car,CAR 1298  (+4:24),,4,In_n_Out_log_2026-09-06_193227.json,2026-09-06,,,,,,,,1298.0,0.0,0.0,,,,,,,,,,,,,,,,,,264.0,,,,False,,2026-09-06 18:38:18-07:00,4.4,False,37,2026-09-06 18:38:18-07:00,264.0,True
2816,64,2026-09-06 18:43:21-07:00,2026-09-06,18:43:21,drive_thru,car,CAR 1299  (+0:39),,4,In_n_Out_log_2026-09-06_193227.json,2026-09-06,,,,,,,,1299.0,0.0,0.0,,,,,,,,,,,,,,,,,,39.0,,,,False,,2026-09-06 18:42:42-07:00,0.65,False,37,2026-09-06 18:42:42-07:00,39.0,False
2818,64,2026-09-06 18:43:53-07:00,2026-09-06,18:43:53,drive_thru,car,CAR 1300  (+0:32),,4,In_n_Out_log_2026-09-06_193227.json,2026-09-06,,,,,,,,1300.0,0.0,0.0,,,,,,,,,,,,,,,,,,32.0,,,,False,,2026-09-06 18:43:21-07:00,0.5333333333333333,False,37,2026-09-06 18:43:21-07:00,32.0,False
2823,64,2026-09-06 18:44:36-07:00,2026-09-06,18:44:36,drive_thru,car,CAR 1301  (+0:44),,4,In_n_Out_log_2026-09-06_193227.json,2026-09-06,,,,,,,,1301.0,0.0,0.0,,,,,,,,,,,,,,,,,,44.0,,,,False,,2026-09-06 18:43:53-07:00,0.7166666666666667,False,37,2026-09-06 18:43:53-07:00,43.0,True
2826,64,2026-09-06 18:45:57-07:00,2026-09-06,18:45:57,drive_thru,car,CAR 1302  (+1:21),,4,In_n_Out_log_2026-09-06_193227.json,2026-09-06,,,,,,,,1302.0,0.0,0.0,,,,,,,,,,,,,,,,,,81.0,,,,False,,2026-09-06 18:44:36-07:00,1.35,False,37,2026-09-06 18:44:36-07:00,81.0,True
2829,64,2026-09-06 18:46:52-07:00,2026-09-06,18:46:52,drive_thru,car,CAR 1303  (+0:56),,4,In_n_Out_log_2026-09-06_193227.json,2026-09-06,,,,,,,,1303.0,0.0,0.0,,,,,,,,,,,,,,,,,,56.0,,,,False,,2026-09-06 18:45:57-07:00,0.9166666666666666,False,37,2026-09-06 18:45:57-07:00,55.0,False
2831,64,2026-09-06 18:47:24-07:00,2026-09-06,18:47:24,drive_thru,car,CAR 1304  (+0:31),,4,In_n_Out_log_2026-09-06_193227.json,2026-09-06,,,,,,,,1304.0,0.0,0.0,,,,,,,,,,,,,,,,,,31.0,,,,False,,2026-09-06 18:46:52-07:00,0.5333333333333333,False,37,2026-09-06 18:46:52-07:00,32.0,False
2836,64,2026-09-06 18:49:00-07:00,2026-09-06,18:49:00,drive_thru,car,CAR 1305  (+1:36),,4,In_n_Out_log_2026-09-06_193227.json,2026-09-06,,,,,,,,1305.0,0.0,0.0,,,,,,,,,,,,,,,,,,96.0,,,,False,,2026-09-06 18:47:24-07:00,1.6,False,37,2026-09-06 18:47:24-07:00,96.0,True
2840,64,2026-09-06 18:49:49-07:00,2026-09-06,18:49:49,drive_thru,car,CAR 1306  (+0:50),,4,In_n_Out_log_2026-09-06_193227.json,2026-09-06,,,,,,,,1306.0,0.0,0.0,,,,,,,,,,,,,,,,,,50.0,,,,False,,2026-09-06 18:49:00-07:00,0.8166666666666667,False,37,2026-09-06 18:49:00-07:00,49.0,True
2845,64,2026-09-06 18:51:09-07:00,2026-09-06,18:51:09,drive_thru,car,CAR 1307  (+1:20),,4,In_n_Out_log_2026-09-06_193227.json,2026-09-06,,,,,,,,1307.0,0.0,0.0,,,,,,,,,,,,,,,,,,80.0,,,,False,,2026-09-06 18:49:49-07:00,1.3333333333333333,False,37,2026-09-06 18:49:49-07:00,80.0,True
2848,64,2026-09-06 18:52:17-07:00,2026-09-06,18:52:17,drive_thru,car,CAR 1308  (+1:08),,4,In_n_Out_log_2026-09-06_193227.json,2026-09-06,,,,,,,,1308.0,0.0,0.0,,,,,,,,,,,,,,,,,,68.0,,,,False,,2026-09-06 18:51:09-07:00,1.1333333333333333,False,37,2026-09-06 18:51:09-07:00,68.0,True
2851,64,2026-09-06 18:53:04-07:00,2026-09-06,18:53:04,drive_thru,car,CAR 1309  (+0:47),,4,In_n_Out_log_2026-09-06_193227.json,2026-09-06,,,,,,,,1309.0,0.0,0.0,,,,,,,,,,,,,,,,,,47.0,,,,False,,2026-09-06 18:52:17-07:00,0.7833333333333333,False,37,2026-09-06 18:52:17-07:00,47.0,True
2853,64,2026-09-06 18:54:00-07:00,2026-09-06,18:54:00,drive_thru,car,CAR 1310  (+0:55),,4,In_n_Out_log_2026-09-06_193227.json,2026-09-06,,,,,,,,1310.0,0.0,0.0,,,,,,,,,,,,,,,,,,55.0,,,,False,,2026-09-06 18:53:04-07:00,0.9333333333333333,False,37,2026-09-06 18:53:04-07:00,56.0,False
2855,64,2026-09-06 18:55:05-07:00,2026-09-06,18:55:05,drive_thru,car,CAR 1311  (+1:06),,4,In_n_Out_log_2026-09-06_193227.json,2026-09-06,,,,,,,,1311.0,0.0,0.0,,,,,,,,,,,,,,,,,,66.0,,,,False,,2026-09-06 18:54:00-07:00,1.0833333333333333,False,37,2026-09-06 18:54:00-07:00,65.0,False
2857,64,2026-09-06 18:55:49-07:00,2026-09-06,18:55:49,drive_thru,car,CAR 1312  (+0:44),,4,In_n_Out_log_2026-09-06_193227.json,2026-09-06,,,,,,,,1312.0,0.0,0.0,,,,,,,,,,,,,,,,,,44.0,,,,False,,2026-09-06 18:55:05-07:00,0.7333333333333333,False,37,2026-09-06 18:55:05-07:00,44.0,False
2858,64,2026-09-06 18:56:31-07:00,2026-09-06,18:56:31,drive_thru,car,CAR 1313  (+0:41),,4,In_n_Out_log_2026-09-06_193227.json,2026-09-06,,,,,,,,1313.0,0.0,0.0,,,,,,,,,,,,,,,,,,41.0,,,,False,,2026-09-06 18:55:49-07:00,0.7,False,37,2026-09-06 18:55:49-07:00,42.0,False
2860,64,2026-09-06 18:57:25-07:00,2026-09-06,18:57:25,drive_thru,car,CAR 1314  (+0:54),,4,In_n_Out_log_2026-09-06_193227.json,2026-09-06,,,,,,,,1314.0,0.0,0.0,,,,,,,,,,,,,,,,,,54.0,,,,False,,2026-09-06 18:56:31-07:00,0.9,False,37,2026-09-06 18:56:31-07:00,54.0,False
2861,64,2026-09-06 18:57:52-07:00,2026-09-06,18:57:52,drive_thru,car,CAR 1315  (+0:28),,4,In_n_Out_log_2026-09-06_193227.json,2026-09-06,,,,,,,,1315.0,0.0,0.0,,,,,,,,,,,,,,,,,,28.0,,,,False,,2026-09-06 18:57:25-07:00,0.45,False,37,2026-09-06 18:57:25-07:00,27.0,False
2862,64,2026-09-06 18:58:23-07:00,2026-09-06,18:58:23,drive_thru,car,CAR 1316  (+0:31),,4,In_n_Out_log_2026-09-06_193227.json,2026-09-06,,,,,,,,1316.0,0.0,0.0,,,,,,,,,,,,,,,,,,31.0,,,,False,,2026-09-06 18:57:52-07:00,0.5166666666666667,False,37,2026-09-06 18:57:52-07:00,31.0,False
2864,64,2026-09-06 18:59:06-07:00,2026-09-06,18:59:06,drive_thru,car,CAR 1317  (+0:43),,4,In_n_Out_log_2026-09-06_193227.json,2026-09-06,,,,,,,,1317.0,0.0,0.0,,,,,,,,,,,,,,,,,,43.0,,,,False,,2026-09-06 18:58:23-07:00,0.7166666666666667,False,37,2026-09-06 18:58:23-07:00,43.0,False
2868,64,2026-09-06 19:00:04-07:00,2026-09-06,19:00:04,drive_thru,car,CAR 1319  (+0:57),,4,In_n_Out_log_2026-09-06_193227.json,2026-09-06,,,,,,,,1319.0,0.0,0.0,,,,,,,,,,,,,,,,,,57.0,,,,False,,2026-09-06 18:59:06-07:00,0.9666666666666667,False,37,2026-09-06 18:59:06-07:00,58.0,False
2869,64,2026-09-06 19:00:28-07:00,2026-09-06,19:00:28,drive_thru,car,CAR 1320  (+0:24),,4,In_n_Out_log_2026-09-06_193227.json,2026-09-06,,,,,,,,1320.0,0.0,0.0,,,,,,,,,,,,,,,,,,24.0,,,,False,,2026-09-06 19:00:04-07:00,0.4,False,37,2026-09-06 19:00:04-07:00,24.0,False
2871,64,2026-09-06 19:01:29-07:00,2026-09-06,19:01:29,drive_thru,car,CAR 1321  (+1:01),,4,In_n_Out_log_2026-09-06_193227.json,2026-09-06,,,,,,,,1321.0,0.0,0.0,,,,,,,,,,,,,,,,,,61.0,,,,False,,2026-09-06 19:00:28-07:00,1.0166666666666666,False,37,2026-09-06 19:00:28-07:00,61.0,False
2875,64,2026-09-06 19:02:38-07:00,2026-09-06,19:02:38,drive_thru,car,CAR 1322  (+1:09),,4,In_n_Out_log_2026-09-06_193227.json,2026-09-06,,,,,,,,1322.0,0.0,0.0,,,,,,,,,,,,,,,,,,69.0,,,,False,,2026-09-06 19:01:29-07:00,1.15,False,37,2026-09-06 19:01:29-07:00,69.0,True
2879,64,2026-09-06 19:04:57-07:00,2026-09-06,19:04:57,drive_thru,car,CAR 1323  (+2:19),,4,In_n_Out_log_2026-09-06_193227.json,2026-09-06,,,,,,,,1323.0,0.0,0.0,,,,,,,,,,,,,,,,,,139.0,,,,False,,2026-09-06 19:02:38-07:00,2.316666666666667,False,37,2026-09-06 19:02:38-07:00,139.0,True
2880,64,2026-09-06 19:05:37-07:00,2026-09-06,19:05:37,drive_thru,car,CAR 1324  (+0:40),,4,In_n_Out_log_2026-09-06_193227.json,2026-09-06,,,,,,,,1324.0,0.0,0.0,,,,,,,,,,,,,,,,,,40.0,,,,False,,2026-09-06 19:04:57-07:00,0.6666666666666666,False,37,2026-09-06 19:04:57-07:00,40.0,False
2881,64,2026-09-06 19:06:13-07:00,2026-09-06,19:06:13,drive_thru,car,CAR 1325  (+0:37),,4,In_n_Out_log_2026-09-06_193227.json,2026-09-06,,,,,,,,1325.0,0.0,0.0,,,,,,,,,,,,,,,,,,37.0,,,,False,,2026-09-06 19:05:37-07:00,0.6,False,37,2026-09-06 19:05:37-07:00,36.0,False
2882,64,2026-09-06 19:07:26-07:00,2026-09-06,19:07:26,drive_thru,car,CAR 1326  (+1:13),,4,In_n_Out_log_2026-09-06_193227.json,2026-09-06,,,,,,,,1326.0,0.0,0.0,,,,,,,,,,,,,,,,,,73.0,,,,False,,2026-09-06 19:06:13-07:00,1.2166666666666666,False,37,2026-09-06 19:06:13-07:00,73.0,False
2888,64,2026-09-06 19:09:13-07:00,2026-09-06,19:09:13,drive_thru,car,CAR 1327  (+1:47),,4,In_n_Out_log_2026-09-06_193227.json,2026-09-06,,,,,,,,1327.0,0.0,0.0,,,,,,,,,,,,,,,,,,107.0,,,,False,,2026-09-06 19:07:26-07:00,1.7833333333333334,False,37,2026-09-06 19:07:26-07:00,107.0,True
2889,64,2026-09-06 19:09:55-07:00,2026-09-06,19:09:55,drive_thru,car,CAR 1328  (+0:42),,4,In_n_Out_log_2026-09-06_193227.json,2026-09-06,,,,,,,,1328.0,0.0,0.0,,,,,,,,,,,,,,,,,,42.0,,,,False,,2026-09-06 19:09:13-07:00,0.7,False,37,2026-09-06 19:09:13-07:00,42.0,False
2891,64,2026-09-06 19:10:32-07:00,2026-09-06,19:10:32,drive_thru,car,CAR 1329  (+0:37),,4,In_n_Out_log_2026-09-06_193227.json,2026-09-06,,,,,,,,1329.0,0.0,0.0,,,,,,,,,,,,,,,,,,37.0,,,,False,,2026-09-06 19:09:55-07:00,0.6166666666666667,False,37,2026-09-06 19:09:55-07:00,37.0,False
2893,64,2026-09-06 19:10:58-07:00,2026-09-06,19:10:58,drive_thru,car,CAR 1330  (+0:26),,4,In_n_Out_log_2026-09-06_193227.json,2026-09-06,,,,,,,,1330.0,0.0,0.0,,,,,,,,,,,,,,,,,,26.0,,,,False,,2026-09-06 19:10:32-07:00,0.43333333333333335,False,37,2026-09-06 19:10:32-07:00,26.0,False
2894,64,2026-09-06 19:11:45-07:00,2026-09-06,19:11:45,drive_thru,car,CAR 1331  (+0:48),,4,In_n_Out_log_2026-09-06_193227.json,2026-09-06,,,,,,,,1331.0,0.0,0.0,,,,,,,,,,,,,,,,,,48.0,,,,False,,2026-09-06 19:10:58-07:00,0.7833333333333333,False,37,2026-09-06 19:10:58-07:00,47.0,False
2898,64,2026-09-06 19:12:42-07:00,2026-09-06,19:12:42,drive_thru,car,CAR 1332  (+0:57),,4,In_n_Out_log_2026-09-06_193227.json,2026-09-06,,,,,,,,1332.0,0.0,0.0,,,,,,,,,,,,,,,,,,57.0,,,,False,,2026-09-06 19:11:45-07:00,0.95,False,37,2026-09-06 19:11:45-07:00,57.0,True
2899,64,2026-09-06 19:13:06-07:00,2026-09-06,19:13:06,drive_thru,car,CAR 1333  (+0:24),,4,In_n_Out_log_2026-09-06_193227.json,2026-09-06,,,,,,,,1333.0,0.0,0.0,,,,,,,,,,,,,,,,,,24.0,,,,False,,2026-09-06 19:12:42-07:00,0.4,False,37,2026-09-06 19:12:42-07:00,24.0,False
2903,64,2026-09-06 19:14:04-07:00,2026-09-06,19:14:04,drive_thru,car,CAR 1334  (+0:57),,4,In_n_Out_log_2026-09-06_193227.json,2026-09-06,,,,,,,,1334.0,0.0,0.0,,,,,,,,,,,,,,,,,,57.0,,,,False,,2026-09-06 19:13:06-07:00,0.9666666666666667,False,37,2026-09-06 19:13:06-07:00,58.0,True
2904,64,2026-09-06 19:14:52-07:00,2026-09-06,19:14:52,drive_thru,car,CAR 1335  (+0:48),,4,In_n_Out_log_2026-09-06_193227.json,2026-09-06,,,,,,,,1335.0,0.0,0.0,,,,,,,,,,,,,,,,,,48.0,,,,False,,2026-09-06 19:14:04-07:00,0.8,False,37,2026-09-06 19:14:04-07:00,48.0,False
2911,64,2026-09-06 19:17:04-07:00,2026-09-06,19:17:04,drive_thru,car,CAR 1336  (+2:12),,4,In_n_Out_log_2026-09-06_193227.json,2026-09-06,,,,,,,,1336.0,0.0,0.0,,,,,,,,,,,,,,,,,,132.0,,,,False,,2026-09-06 19:14:52-07:00,2.2,False,37,2026-09-06 19:14:52-07:00,132.0,True
2913,64,2026-09-06 19:17:21-07:00,2026-09-06,19:17:21,drive_thru,car,CAR 1337  (+0:17),,4,In_n_Out_log_2026-09-06_193227.json,2026-09-06,,,,,,,,1337.0,0.0,0.0,,,,,,,,,,,,,,,,,,17.0,,,,False,,2026-09-06 19:17:04-07:00,0.2833333333333333,False,37,2026-09-06 19:17:04-07:00,17.0,False
2916,64,2026-09-06 19:18:15-07:00,2026-09-06,19:18:15,drive_thru,car,CAR 1338  (+0:54),,4,In_n_Out_log_2026-09-06_193227.json,2026-09-06,,,,,,,,1338.0,0.0,0.0,,,,,,,,,,,,,,,,,,54.0,,,,False,,2026-09-06 19:17:21-07:00,0.9,False,37,2026-09-06 19:17:21-07:00,54.0,False
2918,64,2026-09-06 19:20:45-07:00,2026-09-06,19:20:45,drive_thru,car,CAR 1339  (+2:30),,4,In_n_Out_log_2026-09-06_193227.json,2026-09-06,,,,,,,,1339.0,0.0,0.0,,,,,,,,,,,,,,,,,,150.0,,,,False,,2026-09-06 19:18:15-07:00,2.5,False,37,2026-09-06 19:18:15-07:00,150.0,False
2919,64,2026-09-06 19:21:14-07:00,2026-09-06,19:21:14,drive_thru,car,CAR 1340  (+0:29),,4,In_n_Out_log_2026-09-06_193227.json,2026-09-06,,,,,,,,1340.0,0.0,0.0,,,,,,,,,,,,,,,,,,29.0,,,,False,,2026-09-06 19:20:45-07:00,0.48333333333333334,False,37,2026-09-06 19:20:45-07:00,29.0,False
2922,64,2026-09-06 19:21:51-07:00,2026-09-06,19:21:51,drive_thru,car,CAR 1341  (+0:37),,4,In_n_Out_log_2026-09-06_193227.json,2026-09-06,,,,,,,,1341.0,0.0,0.0,,,,,,,,,,,,,,,,,,37.0,,,,False,,2026-09-06 19:21:14-07:00,0.6166666666666667,False,37,2026-09-06 19:21:14-07:00,37.0,False
2927,64,2026-09-06 19:23:24-07:00,2026-09-06,19:23:24,drive_thru,car,CAR 1342  (+1:32),,4,In_n_Out_log_2026-09-06_193227.json,2026-09-06,,,,,,,,1342.0,0.0,0.0,,,,,,,,,,,,,,,,,,92.0,,,,False,,2026-09-06 19:21:51-07:00,1.55,False,37,2026-09-06 19:21:51-07:00,93.0,False
2928,64,2026-09-06 19:23:49-07:00,2026-09-06,19:23:49,drive_thru,car,CAR 1343  (+0:26),,4,In_n_Out_log_2026-09-06_193227.json,2026-09-06,,,,,,,,1343.0,0.0,0.0,,,,,,,,,,,,,,,,,,26.0,,,,False,,2026-09-06 19:23:24-07:00,0.4166666666666667,False,37,2026-09-06 19:23:24-07:00,25.0,False
2933,64,2026-09-06 19:24:37-07:00,2026-09-06,19:24:37,drive_thru,car,CAR 1344  (+0:48),,4,In_n_Out_log_2026-09-06_193227.json,2026-09-06,,,,,,,,1344.0,0.0,0.0,,,,,,,,,,,,,,,,,,48.0,,,,False,,2026-09-06 19:23:49-07:00,0.8,False,37,2026-09-06 19:23:49-07:00,48.0,False
2946,64,2026-09-06 19:30:03-07:00,2026-09-06,19:30:03,drive_thru,car,CAR 1345  (+5:26),,4,In_n_Out_log_2026-09-06_193227.json,2026-09-06,,,,,,,,1345.0,0.0,0.0,,,,,,,,,,,,,,,,,,326.0,,,,False,,2026-09-06 19:24:37-07:00,5.433333333333334,False,37,2026-09-06 19:24:37-07:00,326.0,True
2948,64,2026-09-06 19:30:44-07:00,2026-09-06,19:30:44,drive_thru,car,CAR 1346  (+0:41),,4,In_n_Out_log_2026-09-06_193227.json,2026-09-06,,,,,,,,1346.0,0.0,0.0,,,,,,,,,,,,,,,,,,41.0,,,,False,,2026-09-06 19:30:03-07:00,0.6833333333333333,False,37,2026-09-06 19:30:03-07:00,41.0,False
2950,64,2026-09-06 19:31:23-07:00,2026-09-06,19:31:23,drive_thru,car,CAR 1347  (+0:39),,4,In_n_Out_log_2026-09-06_193227.json,2026-09-06,,,,,,,,1347.0,0.0,0.0,,,,,,,,,,,,,,,,,,39.0,,,,False,,2026-09-06 19:30:44-07:00,0.65,False,37,2026-09-06 19:30:44-07:00,39.0,False
2952,64,2026-09-06 19:32:08-07:00,2026-09-06,19:32:08,drive_thru,car,CAR 1348  (+0:45),,4,In_n_Out_log_2026-09-06_193227.json,2026-09-06,,,,,,,,1348.0,0.0,0.0,,,,,,,,,,,,,,,,,,45.0,,,,False,,2026-09-06 19:31:23-07:00,0.75,False,37,2026-09-06 19:31:23-07:00,45.0,False
